Date,Product_ID,Product_Name,Category,Opening_Stock,Units_Sold,Stock_Received,Closing_Stock
2024-01-01,P115,Bluetooth Speaker V1,Electronics,251,1,4,254
2024-01-01,P125,Desk Lamp V2,Office,265,1,1,265
2024-01-01,P130,File Folder V1,Office,351,4,5,352
2024-01-01,P136,Water Bottle V1,Home,329,1,2,330
2024-01-01,P151,Cleaning Kit V1,Home,157,4,6,159
2024-01-02,P105,Keyboard V3,Electronics,245,2,5,248
2024-01-02,P117,Bluetooth Speaker V3,Electronics,263,2,2,263
2024-01-03,P167,Desk Mat V2,Accessories,298,2,6,302
2024-01-03,P178,Biscuits V1,Grocery,324,3,3,324
2024-01-04,P117,Bluetooth Speaker V3,Electronics,234,1,4,237
2024-01-04,P123,Office Chair V3,Office,67,3,2,66
2024-01-04,P133,Stapler V1,Office,62,1,6,67
2024-01-04,P155,Laptop Bag V2,Accessories,282,1,2,283
2024-01-05,P100,Wireless Mouse V1,Electronics,220,1,3,222
2024-01-05,P108,Headphones V3,Electronics,426,4,10,432
2024-01-05,P119,Notebook V2,Office,215,1,3,217
2024-01-05,P126,Desk Lamp V3,Office,282,3,4,283
2024-01-05,P131,File Folder V2,Office,226,1,4,229
2024-01-05,P165,Power Bank V3,Accessories,177,6,0,171
2024-01-06,P122,Office Chair V2,Office,202,2,4,204
2024-01-06,P127,Printer Paper V1,Office,414,2,3,415
2024-01-06,P135,Stapler V3,Office,320,4,5,321
2024-01-06,P141,Storage Box V3,Home,263,2,2,263
2024-01-06,P148,LED Bulb V1,Home,148,4,1,145
2024-01-06,P152,Cleaning Kit V2,Home,153,1,4,156
2024-01-06,P173,Coffee V2,Grocery,335,1,2,336
2024-01-07,P151,Cleaning Kit V1,Home,216,1,6,221
2024-01-07,P167,Desk Mat V2,Accessories,320,2,6,324
2024-01-08,P113,Webcam V2,Electronics,134,1,2,135
2024-01-08,P115,Bluetooth Speaker V1,Electronics,294,2,6,298
2024-01-08,P124,Desk Lamp V1,Office,181,1,7,187
2024-01-08,P175,Tea V1,Grocery,234,4,5,235
2024-01-09,P103,Keyboard V1,Electronics,170,4,7,173
2024-01-09,P105,Keyboard V3,Electronics,133,2,3,134
2024-01-09,P124,Desk Lamp V1,Office,276,3,4,277
2024-01-09,P128,Printer Paper V2,Office,217,2,6,221
2024-01-09,P136,Water Bottle V1,Home,333,1,6,338
2024-01-09,P147,Cushion V3,Home,198,1,4,201
2024-01-09,P163,Power Bank V1,Accessories,365,5,6,366
2024-01-10,P111,USB Hub V3,Electronics,295,4,5,296
2024-01-10,P112,Webcam V1,Electronics,273,4,5,274
2024-01-10,P123,Office Chair V3,Office,133,1,9,141
2024-01-10,P141,Storage Box V3,Home,280,4,1,277
2024-01-10,P159,Phone Case V3,Accessories,310,1,5,314
2024-01-10,P164,Power Bank V2,Accessories,203,1,8,210
2024-01-11,P104,Keyboard V2,Electronics,273,3,9,279
2024-01-11,P125,Desk Lamp V2,Office,286,3,6,289
2024-01-11,P138,Water Bottle V3,Home,213,1,3,215
2024-01-11,P147,Cushion V3,Home,205,2,6,209
2024-01-11,P150,LED Bulb V3,Home,126,5,5,126
2024-01-12,P103,Keyboard V1,Electronics,197,1,4,200
2024-01-12,P121,Office Chair V1,Office,294,10,4,288
2024-01-12,P134,Stapler V2,Office,229,3,5,231
2024-01-12,P139,Storage Box V1,Home,110,2,2,110
2024-01-12,P149,LED Bulb V2,Home,65,1,7,71
2024-01-12,P150,LED Bulb V3,Home,219,3,3,219
2024-01-12,P158,Phone Case V2,Accessories,257,3,6,260
2024-01-12,P176,Tea V2,Grocery,379,4,5,380
2024-01-13,P115,Bluetooth Speaker V1,Electronics,301,1,5,305
2024-01-13,P142,Table Clock V1,Home,142,1,3,144
2024-01-13,P156,Laptop Bag V3,Accessories,360,2,2,360
2024-01-13,P160,Charging Cable V1,Accessories,325,2,7,330
2024-01-13,P179,Biscuits V2,Grocery,182,1,5,186
2024-01-14,P110,USB Hub V2,Electronics,332,1,3,334
2024-01-14,P137,Water Bottle V2,Home,115,3,10,122
2024-01-15,P130,File Folder V1,Office,327,2,3,328
2024-01-15,P140,Storage Box V2,Home,217,4,3,216
2024-01-15,P157,Phone Case V1,Accessories,299,6,3,296
2024-01-15,P162,Charging Cable V3,Accessories,209,2,2,209
2024-01-15,P166,Desk Mat V1,Accessories,68,1,4,71
2024-01-15,P175,Tea V1,Grocery,189,3,3,189
2024-01-16,P105,Keyboard V3,Electronics,160,4,3,159
2024-01-16,P112,Webcam V1,Electronics,273,2,4,275
2024-01-16,P119,Notebook V2,Office,326,3,5,328
2024-01-16,P144,Table Clock V3,Home,190,4,7,193
2024-01-16,P147,Cushion V3,Home,252,1,6,257
2024-01-16,P155,Laptop Bag V2,Accessories,334,2,1,333
2024-01-16,P177,Tea V3,Grocery,131,2,6,135
2024-01-17,P100,Wireless Mouse V1,Electronics,253,2,2,253
2024-01-17,P111,USB Hub V3,Electronics,355,4,0,351
2024-01-17,P135,Stapler V3,Office,403,2,2,403
2024-01-17,P144,Table Clock V3,Home,234,3,2,233
2024-01-17,P146,Cushion V2,Home,365,2,6,369
2024-01-17,P176,Tea V2,Grocery,403,3,4,404
2024-01-18,P100,Wireless Mouse V1,Electronics,186,9,5,182
2024-01-18,P106,Headphones V1,Electronics,390,3,3,390
2024-01-18,P121,Office Chair V1,Office,397,2,4,399
2024-01-18,P126,Desk Lamp V3,Office,236,1,9,244
2024-01-18,P143,Table Clock V2,Home,154,1,6,159
2024-01-18,P155,Laptop Bag V2,Accessories,256,1,4,259
2024-01-18,P167,Desk Mat V2,Accessories,259,1,3,261
2024-01-19,P107,Headphones V2,Electronics,181,1,2,182
2024-01-19,P108,Headphones V3,Electronics,417,2,2,417
2024-01-19,P146,Cushion V2,Home,272,3,5,274
2024-01-19,P163,Power Bank V1,Accessories,324,1,7,330
2024-01-20,P120,Notebook V3,Office,78,2,7,83
2024-01-20,P136,Water Bottle V1,Home,248,3,4,249
2024-01-20,P155,Laptop Bag V2,Accessories,304,2,5,307
2024-01-20,P171,Travel Pouch V3,Accessories,207,2,4,209
2024-01-20,P172,Coffee V1,Grocery,208,1,1,208
2024-01-20,P173,Coffee V2,Grocery,325,3,6,328
2024-01-21,P100,Wireless Mouse V1,Electronics,262,4,5,263
2024-01-21,P136,Water Bottle V1,Home,286,3,1,284
2024-01-21,P140,Storage Box V2,Home,147,3,2,146
2024-01-21,P142,Table Clock V1,Home,122,4,4,122
2024-01-21,P145,Cushion V1,Home,92,1,4,95
2024-01-21,P146,Cushion V2,Home,273,1,3,275
2024-01-21,P147,Cushion V3,Home,199,3,2,198
2024-01-21,P162,Charging Cable V3,Accessories,149,3,2,148
2024-01-21,P173,Coffee V2,Grocery,244,2,3,245
2024-01-22,P103,Keyboard V1,Electronics,282,2,4,284
2024-01-22,P110,USB Hub V2,Electronics,272,1,8,279
2024-01-22,P152,Cleaning Kit V2,Home,145,2,4,147
2024-01-22,P162,Charging Cable V3,Accessories,130,1,3,132
2024-01-22,P167,Desk Mat V2,Accessories,321,4,4,321
2024-01-22,P177,Tea V3,Grocery,173,2,2,173
2024-01-23,P109,USB Hub V1,Electronics,221,4,7,224
2024-01-23,P122,Office Chair V2,Office,172,3,2,171
2024-01-23,P138,Water Bottle V3,Home,184,2,3,185
2024-01-23,P142,Table Clock V1,Home,232,1,4,235
2024-01-23,P158,Phone Case V2,Accessories,328,1,0,327
2024-01-23,P160,Charging Cable V1,Accessories,308,1,3,310
2024-01-23,P166,Desk Mat V1,Accessories,68,3,4,69
2024-01-23,P170,Travel Pouch V2,Accessories,172,5,7,174
2024-01-24,P102,Wireless Mouse V3,Electronics,308,1,4,311
2024-01-24,P113,Webcam V2,Electronics,153,1,2,154
2024-01-24,P142,Table Clock V1,Home,164,3,3,164
2024-01-24,P143,Table Clock V2,Home,174,3,3,174
2024-01-25,P122,Office Chair V2,Office,176,2,1,175
2024-01-25,P154,Laptop Bag V1,Accessories,407,2,4,409
2024-01-25,P161,Charging Cable V2,Accessories,373,2,4,375
2024-01-25,P166,Desk Mat V1,Accessories,102,1,3,104
2024-01-26,P100,Wireless Mouse V1,Electronics,277,7,5,275
2024-01-26,P104,Keyboard V2,Electronics,331,1,4,334
2024-01-26,P109,USB Hub V1,Electronics,238,4,5,239
2024-01-26,P132,File Folder V3,Office,224,1,1,224
2024-01-26,P136,Water Bottle V1,Home,240,4,2,238
2024-01-27,P100,Wireless Mouse V1,Electronics,138,4,6,140
2024-01-27,P111,USB Hub V3,Electronics,401,2,5,404
2024-01-27,P133,Stapler V1,Office,112,1,4,115
2024-01-28,P120,Notebook V3,Office,66,1,0,65
2024-01-28,P121,Office Chair V1,Office,287,8,6,285
2024-01-28,P125,Desk Lamp V2,Office,278,1,4,281
2024-01-28,P129,Printer Paper V3,Office,258,1,5,262
2024-01-28,P131,File Folder V2,Office,236,2,1,235
2024-01-28,P135,Stapler V3,Office,327,1,6,332
2024-01-28,P141,Storage Box V3,Home,306,5,11,312
2024-01-28,P177,Tea V3,Grocery,115,6,5,114
2024-01-30,P114,Webcam V3,Electronics,309,1,2,310
2024-01-30,P115,Bluetooth Speaker V1,Electronics,259,1,3,261
2024-01-30,P119,Notebook V2,Office,316,1,2,317
2024-01-30,P139,Storage Box V1,Home,72,2,7,77
2024-01-30,P142,Table Clock V1,Home,130,1,4,133
2024-01-30,P144,Table Clock V3,Home,164,1,5,168
2024-01-31,P102,Wireless Mouse V3,Electronics,324,2,4,326
2024-01-31,P105,Keyboard V3,Electronics,148,1,4,151
2024-01-31,P110,USB Hub V2,Electronics,328,2,2,328
2024-01-31,P116,Bluetooth Speaker V2,Electronics,302,1,2,303
2024-01-31,P132,File Folder V3,Office,315,2,5,318
2024-01-31,P136,Water Bottle V1,Home,238,1,8,245
2024-01-31,P146,Cushion V2,Home,250,5,2,247
2024-01-31,P155,Laptop Bag V2,Accessories,226,2,3,227
2024-02-01,P114,Webcam V3,Electronics,296,2,4,298
2024-02-01,P127,Printer Paper V1,Office,421,2,4,423
2024-02-01,P138,Water Bottle V3,Home,82,1,5,86
2024-02-01,P143,Table Clock V2,Home,183,1,3,185
2024-02-01,P150,LED Bulb V3,Home,244,6,2,240
2024-02-01,P167,Desk Mat V2,Accessories,285,1,2,286
2024-02-02,P115,Bluetooth Speaker V1,Electronics,304,5,3,302
2024-02-02,P137,Water Bottle V2,Home,88,2,2,88
2024-02-02,P143,Table Clock V2,Home,195,2,2,195
2024-02-02,P149,LED Bulb V2,Home,170,1,4,173
2024-02-02,P151,Cleaning Kit V1,Home,241,3,2,240
2024-02-03,P149,LED Bulb V2,Home,71,4,4,71
2024-02-04,P100,Wireless Mouse V1,Electronics,186,1,6,191
2024-02-04,P125,Desk Lamp V2,Office,257,3,4,258
2024-02-04,P139,Storage Box V1,Home,72,2,9,79
2024-02-04,P144,Table Clock V3,Home,172,1,2,173
2024-02-04,P151,Cleaning Kit V1,Home,255,3,4,256
2024-02-04,P154,Laptop Bag V1,Accessories,323,1,8,330
2024-02-04,P164,Power Bank V2,Accessories,258,1,7,264
2024-02-04,P178,Biscuits V1,Grocery,318,1,6,323
2024-02-05,P154,Laptop Bag V1,Accessories,390,1,4,393
2024-02-05,P159,Phone Case V3,Accessories,309,2,6,313
2024-02-05,P169,Travel Pouch V1,Accessories,293,1,3,295
2024-02-06,P108,Headphones V3,Electronics,378,4,3,377
2024-02-06,P148,LED Bulb V1,Home,275,1,5,279
2024-02-06,P169,Travel Pouch V1,Accessories,299,5,9,303
2024-02-06,P174,Coffee V3,Grocery,180,1,6,185
2024-02-07,P124,Desk Lamp V1,Office,220,7,3,216
2024-02-07,P137,Water Bottle V2,Home,143,1,3,145
2024-02-07,P177,Tea V3,Grocery,78,1,5,82
2024-02-07,P178,Biscuits V1,Grocery,218,1,3,220
2024-02-07,P179,Biscuits V2,Grocery,262,1,2,263
2024-02-08,P151,Cleaning Kit V1,Home,134,4,3,133
2024-02-08,P179,Biscuits V2,Grocery,267,3,6,270
2024-02-09,P129,Printer Paper V3,Office,291,1,2,292
2024-02-09,P138,Water Bottle V3,Home,156,1,6,161
2024-02-09,P144,Table Clock V3,Home,216,3,7,220
2024-02-09,P150,LED Bulb V3,Home,268,5,7,270
2024-02-09,P161,Charging Cable V2,Accessories,339,2,2,339
2024-02-09,P176,Tea V2,Grocery,390,4,3,389
2024-02-10,P111,USB Hub V3,Electronics,388,1,1,388
2024-02-10,P121,Office Chair V1,Office,315,2,3,316
2024-02-10,P129,Printer Paper V3,Office,314,1,6,319
2024-02-10,P149,LED Bulb V2,Home,64,4,4,64
2024-02-11,P102,Wireless Mouse V3,Electronics,308,2,2,308
2024-02-11,P127,Printer Paper V1,Office,416,1,2,417
2024-02-11,P145,Cushion V1,Home,52,4,3,51
2024-02-11,P159,Phone Case V3,Accessories,277,4,4,277
2024-02-11,P167,Desk Mat V2,Accessories,270,1,3,272
2024-02-11,P169,Travel Pouch V1,Accessories,220,4,1,217
2024-02-11,P170,Travel Pouch V2,Accessories,248,3,4,249
2024-02-12,P120,Notebook V3,Office,60,2,3,61
2024-02-12,P126,Desk Lamp V3,Office,254,4,3,253
2024-02-12,P148,LED Bulb V1,Home,277,3,7,281
2024-02-13,P121,Office Chair V1,Office,386,2,4,388
2024-02-13,P140,Storage Box V2,Home,144,4,4,144
2024-02-14,P105,Keyboard V3,Electronics,110,4,2,108
2024-02-14,P110,USB Hub V2,Electronics,287,1,1,287
2024-02-14,P118,Notebook V1,Office,287,3,3,287
2024-02-14,P122,Office Chair V2,Office,88,2,5,91
2024-02-14,P127,Printer Paper V1,Office,363,4,6,365
2024-02-14,P169,Travel Pouch V1,Accessories,180,2,7,185
2024-02-14,P176,Tea V2,Grocery,310,2,3,311
2024-02-14,P177,Tea V3,Grocery,61,1,8,68
2024-02-15,P108,Headphones V3,Electronics,417,4,11,424
2024-02-15,P116,Bluetooth Speaker V2,Electronics,235,1,3,237
2024-02-15,P145,Cushion V1,Home,80,3,6,83
2024-02-15,P157,Phone Case V1,Accessories,278,2,4,280
2024-02-16,P119,Notebook V2,Office,250,3,8,255
2024-02-16,P126,Desk Lamp V3,Office,266,1,6,271
2024-02-16,P127,Printer Paper V1,Office,372,3,3,372
2024-02-16,P151,Cleaning Kit V1,Home,243,4,4,243
2024-02-16,P178,Biscuits V1,Grocery,234,2,5,237
2024-02-17,P100,Wireless Mouse V1,Electronics,217,1,4,220
2024-02-17,P103,Keyboard V1,Electronics,237,1,6,242
2024-02-17,P132,File Folder V3,Office,202,4,4,202
2024-02-17,P134,Stapler V2,Office,316,2,2,316
2024-02-17,P159,Phone Case V3,Accessories,338,3,2,337
2024-02-17,P168,Desk Mat V3,Accessories,332,3,6,335
2024-02-17,P174,Coffee V3,Grocery,141,3,3,141
2024-02-17,P178,Biscuits V1,Grocery,247,4,6,249
2024-02-18,P105,Keyboard V3,Electronics,174,1,5,178
2024-02-18,P116,Bluetooth Speaker V2,Electronics,289,1,3,291
2024-02-18,P125,Desk Lamp V2,Office,337,2,5,340
2024-02-18,P149,LED Bulb V2,Home,151,1,2,152
2024-02-18,P160,Charging Cable V1,Accessories,323,2,3,324
2024-02-18,P172,Coffee V1,Grocery,226,4,1,223
2024-02-19,P108,Headphones V3,Electronics,366,2,6,370
2024-02-19,P125,Desk Lamp V2,Office,214,2,6,218
2024-02-19,P171,Travel Pouch V3,Accessories,267,7,6,266
2024-02-20,P102,Wireless Mouse V3,Electronics,368,3,1,366
2024-02-20,P169,Travel Pouch V1,Accessories,258,2,2,258
2024-02-20,P172,Coffee V1,Grocery,168,2,4,170
2024-02-21,P163,Power Bank V1,Accessories,376,3,4,377
2024-02-22,P121,Office Chair V1,Office,316,1,5,320
2024-02-22,P131,File Folder V2,Office,249,2,3,250
2024-02-22,P168,Desk Mat V3,Accessories,373,1,1,373
2024-02-23,P115,Bluetooth Speaker V1,Electronics,370,2,7,375
2024-02-23,P121,Office Chair V1,Office,296,2,4,298
2024-02-23,P141,Storage Box V3,Home,309,1,4,312
2024-02-23,P142,Table Clock V1,Home,98,2,1,97
2024-02-23,P150,LED Bulb V3,Home,237,2,3,238
2024-02-23,P161,Charging Cable V2,Accessories,311,1,4,314
2024-02-23,P162,Charging Cable V3,Accessories,132,1,5,136
2024-02-24,P103,Keyboard V1,Electronics,231,2,5,234
2024-02-24,P125,Desk Lamp V2,Office,312,3,4,313
2024-02-24,P150,LED Bulb V3,Home,269,2,1,268
2024-02-24,P159,Phone Case V3,Accessories,216,2,4,218
2024-02-24,P173,Coffee V2,Grocery,278,4,7,281
2024-02-24,P179,Biscuits V2,Grocery,280,2,8,286
2024-02-25,P103,Keyboard V1,Electronics,264,2,7,269
2024-02-25,P108,Headphones V3,Electronics,329,1,2,330
2024-02-25,P127,Printer Paper V1,Office,342,1,5,346
2024-02-25,P143,Table Clock V2,Home,155,1,5,159
2024-02-25,P148,LED Bulb V1,Home,190,7,3,186
2024-02-26,P109,USB Hub V1,Electronics,193,4,6,195
2024-02-26,P114,Webcam V3,Electronics,314,1,4,317
2024-02-26,P130,File Folder V1,Office,363,1,3,365
2024-02-26,P133,Stapler V1,Office,59,2,2,59
2024-02-26,P142,Table Clock V1,Home,233,1,4,236
2024-02-26,P165,Power Bank V3,Accessories,205,6,5,204
2024-02-26,P179,Biscuits V2,Grocery,265,1,6,270
2024-02-27,P117,Bluetooth Speaker V3,Electronics,292,2,10,300
2024-02-27,P120,Notebook V3,Office,79,2,3,80
2024-02-27,P121,Office Chair V1,Office,283,4,8,287
2024-02-28,P128,Printer Paper V2,Office,137,1,3,139
2024-02-28,P139,Storage Box V1,Home,65,6,5,64
2024-02-28,P144,Table Clock V3,Home,266,3,8,271
2024-02-28,P148,LED Bulb V1,Home,164,1,3,166
2024-02-28,P163,Power Bank V1,Accessories,433,2,5,436
2024-02-28,P174,Coffee V3,Grocery,161,1,5,165
2024-02-28,P177,Tea V3,Grocery,117,1,5,121
2024-02-28,P178,Biscuits V1,Grocery,320,2,4,322
2024-02-29,P152,Cleaning Kit V2,Home,179,4,1,176
2024-02-29,P158,Phone Case V2,Accessories,274,2,6,278
2024-03-01,P119,Notebook V2,Office,285,1,2,286
2024-03-01,P126,Desk Lamp V3,Office,276,3,2,275
2024-03-01,P160,Charging Cable V1,Accessories,391,1,4,394
2024-03-02,P106,Headphones V1,Electronics,409,2,5,412
2024-03-02,P131,File Folder V2,Office,183,3,4,184
2024-03-02,P138,Water Bottle V3,Home,72,1,4,75
2024-03-02,P158,Phone Case V2,Accessories,293,4,3,292
2024-03-02,P176,Tea V2,Grocery,299,4,2,297
2024-03-02,P178,Biscuits V1,Grocery,271,3,5,273
2024-03-03,P124,Desk Lamp V1,Office,193,3,6,196
2024-03-03,P132,File Folder V3,Office,207,3,6,210
2024-03-03,P147,Cushion V3,Home,221,3,2,220
2024-03-03,P166,Desk Mat V1,Accessories,207,2,6,211
2024-03-03,P173,Coffee V2,Grocery,287,1,6,292
2024-03-04,P117,Bluetooth Speaker V3,Electronics,195,1,3,197
2024-03-04,P125,Desk Lamp V2,Office,215,2,5,218
2024-03-04,P152,Cleaning Kit V2,Home,158,1,8,165
2024-03-04,P163,Power Bank V1,Accessories,364,5,2,361
2024-03-04,P165,Power Bank V3,Accessories,205,1,5,209
2024-03-04,P171,Travel Pouch V3,Accessories,295,2,2,295
2024-03-05,P129,Printer Paper V3,Office,265,3,5,267
2024-03-05,P132,File Folder V3,Office,266,3,4,267
2024-03-05,P150,LED Bulb V3,Home,208,5,4,207
2024-03-05,P153,Cleaning Kit V3,Home,343,1,3,345
2024-03-05,P157,Phone Case V1,Accessories,332,1,3,334
2024-03-05,P166,Desk Mat V1,Accessories,173,4,2,171
2024-03-06,P142,Table Clock V1,Home,110,4,3,109
2024-03-06,P156,Laptop Bag V3,Accessories,401,3,4,402
2024-03-06,P161,Charging Cable V2,Accessories,272,1,4,275
2024-03-06,P177,Tea V3,Grocery,175,6,2,171
2024-03-07,P130,File Folder V1,Office,387,4,4,387
2024-03-07,P139,Storage Box V1,Home,148,4,3,147
2024-03-07,P149,LED Bulb V2,Home,53,4,1,50
2024-03-07,P161,Charging Cable V2,Accessories,345,3,5,347
2024-03-07,P164,Power Bank V2,Accessories,321,3,5,323
2024-03-07,P171,Travel Pouch V3,Accessories,232,1,6,237
2024-03-08,P104,Keyboard V2,Electronics,296,1,2,297
2024-03-08,P106,Headphones V1,Electronics,394,1,0,393
2024-03-08,P132,File Folder V3,Office,201,1,6,206
2024-03-08,P137,Water Bottle V2,Home,77,2,4,79
2024-03-09,P104,Keyboard V2,Electronics,336,6,5,335
2024-03-09,P105,Keyboard V3,Electronics,248,3,2,247
2024-03-09,P114,Webcam V3,Electronics,366,1,9,374
2024-03-09,P147,Cushion V3,Home,224,2,2,224
2024-03-09,P151,Cleaning Kit V1,Home,147,3,3,147
2024-03-09,P158,Phone Case V2,Accessories,315,1,3,317
2024-03-10,P101,Wireless Mouse V2,Electronics,173,2,3,174
2024-03-10,P104,Keyboard V2,Electronics,353,3,1,351
2024-03-10,P111,USB Hub V3,Electronics,364,3,4,365
2024-03-10,P114,Webcam V3,Electronics,366,4,1,363
2024-03-10,P156,Laptop Bag V3,Accessories,299,2,6,303
2024-03-10,P162,Charging Cable V3,Accessories,211,2,6,215
2024-03-10,P169,Travel Pouch V1,Accessories,274,4,6,276
2024-03-11,P106,Headphones V1,Electronics,385,3,2,384
2024-03-11,P107,Headphones V2,Electronics,123,5,4,122
2024-03-11,P132,File Folder V3,Office,329,4,3,328
2024-03-11,P160,Charging Cable V1,Accessories,363,3,4,364
2024-03-11,P169,Travel Pouch V1,Accessories,212,2,3,213
2024-03-11,P178,Biscuits V1,Grocery,305,1,1,305
2024-03-12,P102,Wireless Mouse V3,Electronics,335,1,7,341
2024-03-12,P115,Bluetooth Speaker V1,Electronics,392,1,4,395
2024-03-12,P136,Water Bottle V1,Home,232,1,4,235
2024-03-12,P143,Table Clock V2,Home,120,2,3,121
2024-03-12,P148,LED Bulb V1,Home,214,2,2,214
2024-03-12,P151,Cleaning Kit V1,Home,214,2,2,214
2024-03-12,P162,Charging Cable V3,Accessories,193,2,3,194
2024-03-13,P103,Keyboard V1,Electronics,307,7,7,307
2024-03-13,P131,File Folder V2,Office,219,2,3,220
2024-03-13,P136,Water Bottle V1,Home,344,4,3,343
2024-03-13,P145,Cushion V1,Home,154,3,4,155
2024-03-13,P147,Cushion V3,Home,215,3,5,217
2024-03-13,P165,Power Bank V3,Accessories,123,2,3,124
2024-03-14,P100,Wireless Mouse V1,Electronics,164,1,2,165
2024-03-14,P116,Bluetooth Speaker V2,Electronics,236,1,3,238
2024-03-14,P130,File Folder V1,Office,313,5,3,311
2024-03-14,P133,Stapler V1,Office,80,5,6,81
2024-03-14,P134,Stapler V2,Office,308,3,2,307
2024-03-14,P151,Cleaning Kit V1,Home,157,5,3,155
2024-03-14,P169,Travel Pouch V1,Accessories,218,3,6,221
2024-03-15,P102,Wireless Mouse V3,Electronics,344,2,5,347
2024-03-15,P127,Printer Paper V1,Office,423,3,9,429
2024-03-15,P133,Stapler V1,Office,156,1,1,156
2024-03-15,P157,Phone Case V1,Accessories,301,3,7,305
2024-03-15,P166,Desk Mat V1,Accessories,212,1,4,215
2024-03-15,P170,Travel Pouch V2,Accessories,229,1,3,231
2024-03-16,P114,Webcam V3,Electronics,335,1,3,337
2024-03-16,P117,Bluetooth Speaker V3,Electronics,226,7,3,222
2024-03-16,P150,LED Bulb V3,Home,220,2,1,219
2024-03-16,P162,Charging Cable V3,Accessories,72,3,5,74
2024-03-17,P105,Keyboard V3,Electronics,189,1,4,192
2024-03-17,P111,USB Hub V3,Electronics,417,3,3,417
2024-03-17,P125,Desk Lamp V2,Office,310,6,0,304
2024-03-17,P138,Water Bottle V3,Home,104,1,6,109
2024-03-17,P143,Table Clock V2,Home,120,1,5,124
2024-03-17,P144,Table Clock V3,Home,191,2,8,197
2024-03-17,P159,Phone Case V3,Accessories,266,4,5,267
2024-03-17,P161,Charging Cable V2,Accessories,329,2,2,329
2024-03-17,P166,Desk Mat V1,Accessories,137,2,6,141
2024-03-17,P169,Travel Pouch V1,Accessories,235,2,2,235
2024-03-18,P126,Desk Lamp V3,Office,301,4,5,302
2024-03-18,P147,Cushion V3,Home,329,5,4,328
2024-03-18,P155,Laptop Bag V2,Accessories,224,4,4,224
2024-03-18,P176,Tea V2,Grocery,336,2,6,340
2024-03-19,P114,Webcam V3,Electronics,397,2,4,399
2024-03-19,P116,Bluetooth Speaker V2,Electronics,252,3,7,256
2024-03-19,P121,Office Chair V1,Office,260,1,5,264
2024-03-19,P123,Office Chair V3,Office,57,3,3,57
2024-03-19,P126,Desk Lamp V3,Office,329,4,4,329
2024-03-19,P141,Storage Box V3,Home,241,4,4,241
2024-03-19,P150,LED Bulb V3,Home,222,1,5,226
2024-03-19,P152,Cleaning Kit V2,Home,236,2,4,238
2024-03-19,P168,Desk Mat V3,Accessories,361,2,4,363
2024-03-19,P170,Travel Pouch V2,Accessories,212,2,6,216
2024-03-20,P106,Headphones V1,Electronics,289,2,4,291
2024-03-20,P111,USB Hub V3,Electronics,417,4,5,418
2024-03-20,P130,File Folder V1,Office,296,2,3,297
2024-03-20,P132,File Folder V3,Office,217,2,4,219
2024-03-20,P143,Table Clock V2,Home,228,1,2,229
2024-03-20,P164,Power Bank V2,Accessories,244,2,5,247
2024-03-21,P106,Headphones V1,Electronics,303,5,6,304
2024-03-21,P122,Office Chair V2,Office,115,1,4,118
2024-03-21,P161,Charging Cable V2,Accessories,244,1,3,246
2024-03-21,P173,Coffee V2,Grocery,333,1,5,337
2024-03-22,P107,Headphones V2,Electronics,65,2,10,73
2024-03-22,P128,Printer Paper V2,Office,191,1,4,194
2024-03-22,P130,File Folder V1,Office,271,1,3,273
2024-03-22,P138,Water Bottle V3,Home,151,3,5,153
2024-03-22,P164,Power Bank V2,Accessories,308,3,1,306
2024-03-22,P175,Tea V1,Grocery,230,1,6,235
2024-03-22,P178,Biscuits V1,Grocery,224,1,5,228
2024-03-23,P102,Wireless Mouse V3,Electronics,253,3,3,253
2024-03-23,P109,USB Hub V1,Electronics,180,1,2,181
2024-03-23,P122,Office Chair V2,Office,116,1,2,117
2024-03-23,P127,Printer Paper V1,Office,412,1,0,411
2024-03-23,P136,Water Bottle V1,Home,261,2,4,263
2024-03-23,P159,Phone Case V3,Accessories,320,1,5,324
2024-03-23,P173,Coffee V2,Grocery,244,3,4,245
2024-03-23,P176,Tea V2,Grocery,400,5,1,396
2024-03-24,P136,Water Bottle V1,Home,239,3,8,244
2024-03-24,P138,Water Bottle V3,Home,82,2,2,82
2024-03-24,P146,Cushion V2,Home,227,1,6,232
2024-03-24,P156,Laptop Bag V3,Accessories,354,2,4,356
2024-03-24,P168,Desk Mat V3,Accessories,412,2,3,413
2024-03-25,P104,Keyboard V2,Electronics,268,3,4,269
2024-03-25,P110,USB Hub V2,Electronics,289,3,6,292
2024-03-25,P119,Notebook V2,Office,320,1,5,324
2024-03-25,P148,LED Bulb V1,Home,170,1,3,172
2024-03-26,P109,USB Hub V1,Electronics,286,5,1,282
2024-03-26,P110,USB Hub V2,Electronics,257,4,3,256
2024-03-26,P120,Notebook V3,Office,158,2,3,159
2024-03-26,P157,Phone Case V1,Accessories,340,3,3,340
2024-03-26,P163,Power Bank V1,Accessories,412,3,3,412
2024-03-28,P115,Bluetooth Speaker V1,Electronics,392,2,3,393
2024-03-28,P123,Office Chair V3,Office,192,2,8,198
2024-03-28,P126,Desk Lamp V3,Office,272,1,7,278
2024-03-28,P151,Cleaning Kit V1,Home,191,2,7,196
2024-03-28,P178,Biscuits V1,Grocery,301,2,5,304
2024-03-29,P110,USB Hub V2,Electronics,370,2,4,372
2024-03-29,P112,Webcam V1,Electronics,245,1,5,249
2024-03-29,P128,Printer Paper V2,Office,98,3,6,101
2024-03-29,P150,LED Bulb V3,Home,236,3,2,235
2024-03-30,P102,Wireless Mouse V3,Electronics,290,1,6,295
2024-03-30,P120,Notebook V3,Office,199,3,5,201
2024-03-30,P130,File Folder V1,Office,372,3,8,377
2024-03-30,P138,Water Bottle V3,Home,140,9,5,136
2024-03-30,P150,LED Bulb V3,Home,131,1,4,134
2024-03-30,P154,Laptop Bag V1,Accessories,383,2,7,388
2024-03-30,P169,Travel Pouch V1,Accessories,286,1,5,290
2024-03-30,P170,Travel Pouch V2,Accessories,148,3,2,147
2024-03-30,P174,Coffee V3,Grocery,185,3,3,185
2024-03-31,P159,Phone Case V3,Accessories,236,3,2,235
2024-03-31,P176,Tea V2,Grocery,270,1,8,277
2024-03-31,P177,Tea V3,Grocery,110,7,3,106
2024-04-01,P116,Bluetooth Speaker V2,Electronics,229,4,3,228
2024-04-01,P130,File Folder V1,Office,321,4,1,318
2024-04-01,P155,Laptop Bag V2,Accessories,331,2,7,336
2024-04-01,P161,Charging Cable V2,Accessories,347,4,3,346
2024-04-01,P163,Power Bank V1,Accessories,366,5,4,365
2024-04-02,P101,Wireless Mouse V2,Electronics,178,2,5,181
2024-04-02,P105,Keyboard V3,Electronics,214,2,5,217
2024-04-02,P109,USB Hub V1,Electronics,305,2,3,306
2024-04-02,P116,Bluetooth Speaker V2,Electronics,325,6,5,324
2024-04-02,P127,Printer Paper V1,Office,336,3,2,335
2024-04-02,P145,Cushion V1,Home,96,3,2,95
2024-04-02,P147,Cushion V3,Home,211,1,2,212
2024-04-02,P162,Charging Cable V3,Accessories,118,1,3,120
2024-04-02,P163,Power Bank V1,Accessories,303,6,2,299
2024-04-02,P169,Travel Pouch V1,Accessories,247,2,7,252
2024-04-02,P175,Tea V1,Grocery,237,1,4,240
2024-04-03,P131,File Folder V2,Office,278,3,4,279
2024-04-03,P136,Water Bottle V1,Home,269,2,5,272
2024-04-03,P142,Table Clock V1,Home,226,3,3,226
2024-04-03,P143,Table Clock V2,Home,183,3,5,185
2024-04-03,P152,Cleaning Kit V2,Home,143,2,8,149
2024-04-03,P155,Laptop Bag V2,Accessories,315,2,6,319
2024-04-04,P115,Bluetooth Speaker V1,Electronics,276,2,3,277
2024-04-04,P125,Desk Lamp V2,Office,232,3,5,234
2024-04-04,P132,File Folder V3,Office,269,2,5,272
2024-04-04,P136,Water Bottle V1,Home,283,1,1,283
2024-04-04,P148,LED Bulb V1,Home,224,6,7,225
2024-04-04,P157,Phone Case V1,Accessories,259,1,5,263
2024-04-04,P162,Charging Cable V3,Accessories,118,2,9,125
2024-04-04,P176,Tea V2,Grocery,378,1,4,381
2024-04-05,P129,Printer Paper V3,Office,230,2,3,231
2024-04-05,P166,Desk Mat V1,Accessories,66,3,2,65
2024-04-05,P177,Tea V3,Grocery,120,2,2,120
2024-04-06,P132,File Folder V3,Office,211,1,3,213
2024-04-06,P135,Stapler V3,Office,360,2,0,358
2024-04-06,P141,Storage Box V3,Home,265,1,5,269
2024-04-06,P154,Laptop Bag V1,Accessories,335,2,5,338
2024-04-07,P109,USB Hub V1,Electronics,298,1,4,301
2024-04-07,P125,Desk Lamp V2,Office,319,1,4,322
2024-04-07,P140,Storage Box V2,Home,189,4,6,191
2024-04-07,P143,Table Clock V2,Home,140,9,0,131
2024-04-07,P162,Charging Cable V3,Accessories,90,4,4,90
2024-04-07,P173,Coffee V2,Grocery,295,4,3,294
2024-04-08,P110,USB Hub V2,Electronics,269,2,7,274
2024-04-08,P142,Table Clock V1,Home,109,2,3,110
2024-04-08,P157,Phone Case V1,Accessories,266,5,4,265
2024-04-09,P100,Wireless Mouse V1,Electronics,225,1,4,228
2024-04-09,P144,Table Clock V3,Home,168,3,3,168
2024-04-09,P148,LED Bulb V1,Home,258,2,3,259
2024-04-09,P155,Laptop Bag V2,Accessories,241,1,3,243
2024-04-09,P176,Tea V2,Grocery,336,1,3,338
2024-04-10,P108,Headphones V3,Electronics,441,3,6,444
2024-04-10,P115,Bluetooth Speaker V1,Electronics,352,4,4,352
2024-04-10,P134,Stapler V2,Office,220,2,4,222
2024-04-10,P160,Charging Cable V1,Accessories,308,1,6,313
2024-04-10,P166,Desk Mat V1,Accessories,212,2,10,220
2024-04-10,P175,Tea V1,Grocery,157,1,4,160
2024-04-11,P105,Keyboard V3,Electronics,148,1,4,151
2024-04-11,P140,Storage Box V2,Home,184,1,4,187
2024-04-11,P145,Cushion V1,Home,161,1,1,161
2024-04-11,P153,Cleaning Kit V3,Home,427,3,2,426
2024-04-11,P162,Charging Cable V3,Accessories,181,1,4,184
2024-04-11,P177,Tea V3,Grocery,161,2,2,161
2024-04-12,P100,Wireless Mouse V1,Electronics,247,3,7,251
2024-04-12,P130,File Folder V1,Office,324,1,5,328
2024-04-12,P135,Stapler V3,Office,275,1,2,276
2024-04-12,P136,Water Bottle V1,Home,309,4,3,308
2024-04-12,P154,Laptop Bag V1,Accessories,280,2,2,280
2024-04-12,P156,Laptop Bag V3,Accessories,318,1,6,323
2024-04-12,P164,Power Bank V2,Accessories,209,2,3,210
2024-04-12,P171,Travel Pouch V3,Accessories,259,3,3,259
2024-04-13,P106,Headphones V1,Electronics,393,1,3,395
2024-04-13,P125,Desk Lamp V2,Office,355,2,3,356
2024-04-13,P130,File Folder V1,Office,367,6,3,364
2024-04-13,P133,Stapler V1,Office,180,2,6,184
2024-04-13,P141,Storage Box V3,Home,213,1,7,219
2024-04-14,P102,Wireless Mouse V3,Electronics,373,2,4,375
2024-04-14,P105,Keyboard V3,Electronics,142,1,2,143
2024-04-14,P108,Headphones V3,Electronics,323,1,8,330
2024-04-14,P115,Bluetooth Speaker V1,Electronics,322,1,5,326
2024-04-14,P130,File Folder V1,Office,391,3,3,391
2024-04-14,P132,File Folder V3,Office,325,1,7,331
2024-04-14,P143,Table Clock V2,Home,141,5,1,137
2024-04-14,P150,LED Bulb V3,Home,136,3,3,136
2024-04-14,P174,Coffee V3,Grocery,273,1,4,276
2024-04-14,P175,Tea V1,Grocery,218,2,3,219
2024-04-15,P123,Office Chair V3,Office,63,2,5,66
2024-04-15,P135,Stapler V3,Office,293,7,4,290
2024-04-15,P145,Cushion V1,Home,103,3,4,104
2024-04-15,P155,Laptop Bag V2,Accessories,283,1,5,287
2024-04-15,P165,Power Bank V3,Accessories,91,5,2,88
2024-04-15,P169,Travel Pouch V1,Accessories,191,1,4,194
2024-04-15,P170,Travel Pouch V2,Accessories,181,5,4,180
2024-04-16,P100,Wireless Mouse V1,Electronics,203,2,0,201
2024-04-16,P108,Headphones V3,Electronics,406,1,5,410
2024-04-16,P121,Office Chair V1,Office,398,1,5,402
2024-04-16,P135,Stapler V3,Office,315,2,3,316
2024-04-16,P138,Water Bottle V3,Home,202,1,3,204
2024-04-16,P151,Cleaning Kit V1,Home,232,1,5,236
2024-04-16,P173,Coffee V2,Grocery,286,3,4,287
2024-04-16,P176,Tea V2,Grocery,280,3,3,280
2024-04-17,P122,Office Chair V2,Office,163,1,1,163
2024-04-17,P125,Desk Lamp V2,Office,334,1,5,338
2024-04-17,P132,File Folder V3,Office,270,1,7,276
2024-04-17,P151,Cleaning Kit V1,Home,172,4,2,170
2024-04-18,P108,Headphones V3,Electronics,422,1,6,427
2024-04-18,P133,Stapler V1,Office,130,2,4,132
2024-04-18,P143,Table Clock V2,Home,174,3,4,175
2024-04-18,P151,Cleaning Kit V1,Home,181,2,7,186
2024-04-18,P177,Tea V3,Grocery,124,1,4,127
2024-04-19,P100,Wireless Mouse V1,Electronics,254,4,2,252
2024-04-19,P101,Wireless Mouse V2,Electronics,199,1,0,198
2024-04-19,P113,Webcam V2,Electronics,152,4,3,151
2024-04-19,P129,Printer Paper V3,Office,312,2,7,317
2024-04-19,P139,Storage Box V1,Home,145,3,3,145
2024-04-19,P142,Table Clock V1,Home,196,5,3,194
2024-04-19,P144,Table Clock V3,Home,242,3,3,242
2024-04-19,P145,Cushion V1,Home,68,3,3,68
2024-04-19,P146,Cushion V2,Home,233,1,3,235
2024-04-19,P162,Charging Cable V3,Accessories,196,1,1,196
2024-04-19,P166,Desk Mat V1,Accessories,151,1,5,155
2024-04-19,P177,Tea V3,Grocery,111,1,3,113
2024-04-20,P101,Wireless Mouse V2,Electronics,273,2,6,277
2024-04-20,P123,Office Chair V3,Office,198,2,3,199
2024-04-20,P130,File Folder V1,Office,391,2,5,394
2024-04-20,P149,LED Bulb V2,Home,137,1,6,142
2024-04-20,P154,Laptop Bag V1,Accessories,367,5,2,364
2024-04-21,P112,Webcam V1,Electronics,348,3,4,349
2024-04-21,P129,Printer Paper V3,Office,270,3,3,270
2024-04-21,P140,Storage Box V2,Home,231,3,4,232
2024-04-21,P144,Table Clock V3,Home,170,4,6,172
2024-04-21,P145,Cushion V1,Home,146,1,5,150
2024-04-21,P151,Cleaning Kit V1,Home,163,1,5,167
2024-04-21,P152,Cleaning Kit V2,Home,226,2,6,230
2024-04-21,P159,Phone Case V3,Accessories,308,1,0,307
2024-04-21,P176,Tea V2,Grocery,337,3,1,335
2024-04-22,P119,Notebook V2,Office,328,3,1,326
2024-04-22,P122,Office Chair V2,Office,120,3,5,122
2024-04-22,P131,File Folder V2,Office,227,3,7,231
2024-04-23,P103,Keyboard V1,Electronics,223,1,8,230
2024-04-23,P114,Webcam V3,Electronics,378,2,4,380
2024-04-23,P131,File Folder V2,Office,289,1,4,292
2024-04-23,P137,Water Bottle V2,Home,122,2,7,127
2024-04-24,P114,Webcam V3,Electronics,348,1,2,349
2024-04-24,P115,Bluetooth Speaker V1,Electronics,255,1,3,257
2024-04-24,P116,Bluetooth Speaker V2,Electronics,241,1,2,242
2024-04-24,P129,Printer Paper V3,Office,303,1,6,308
2024-04-24,P140,Storage Box V2,Home,227,2,3,228
2024-04-24,P153,Cleaning Kit V3,Home,374,4,4,374
2024-04-24,P160,Charging Cable V1,Accessories,345,4,4,345
2024-04-24,P164,Power Bank V2,Accessories,199,4,4,199
2024-04-24,P169,Travel Pouch V1,Accessories,200,2,4,202
2024-04-25,P115,Bluetooth Speaker V1,Electronics,307,3,5,309
2024-04-25,P121,Office Chair V1,Office,293,2,7,298
2024-04-25,P124,Desk Lamp V1,Office,245,1,5,249
2024-04-25,P150,LED Bulb V3,Home,235,1,10,244
2024-04-25,P178,Biscuits V1,Grocery,223,4,3,222
2024-04-26,P109,USB Hub V1,Electronics,186,2,2,186
2024-04-26,P115,Bluetooth Speaker V1,Electronics,386,4,6,388
2024-04-26,P117,Bluetooth Speaker V3,Electronics,227,3,1,225
2024-04-26,P124,Desk Lamp V1,Office,240,2,8,246
2024-04-26,P125,Desk Lamp V2,Office,313,3,2,312
2024-04-26,P164,Power Bank V2,Accessories,314,2,8,320
2024-04-27,P106,Headphones V1,Electronics,408,1,3,410
2024-04-27,P115,Bluetooth Speaker V1,Electronics,265,3,9,271
2024-04-27,P122,Office Chair V2,Office,152,1,4,155
2024-04-27,P128,Printer Paper V2,Office,136,2,3,137
2024-04-27,P132,File Folder V3,Office,306,1,6,311
2024-04-27,P139,Storage Box V1,Home,201,4,6,203
2024-04-27,P143,Table Clock V2,Home,120,1,4,123
2024-04-27,P155,Laptop Bag V2,Accessories,354,1,2,355
2024-04-27,P158,Phone Case V2,Accessories,317,2,3,318
2024-04-27,P159,Phone Case V3,Accessories,324,2,3,325
2024-04-27,P163,Power Bank V1,Accessories,387,2,3,388
2024-04-27,P172,Coffee V1,Grocery,128,2,3,129
2024-04-27,P174,Coffee V3,Grocery,183,2,3,184
2024-04-27,P179,Biscuits V2,Grocery,220,2,1,219
2024-04-28,P102,Wireless Mouse V3,Electronics,313,2,2,313
2024-04-28,P107,Headphones V2,Electronics,131,4,6,133
2024-04-28,P108,Headphones V3,Electronics,415,1,2,416
2024-04-28,P118,Notebook V1,Office,255,1,7,261
2024-04-28,P126,Desk Lamp V3,Office,314,3,6,317
2024-04-28,P133,Stapler V1,Office,180,1,2,181
2024-04-28,P136,Water Bottle V1,Home,264,2,8,270
2024-04-28,P142,Table Clock V1,Home,96,1,2,97
2024-04-28,P149,LED Bulb V2,Home,83,2,6,87
2024-04-28,P152,Cleaning Kit V2,Home,211,3,4,212
2024-04-29,P100,Wireless Mouse V1,Electronics,132,1,3,134
2024-04-29,P107,Headphones V2,Electronics,78,1,9,86
2024-04-29,P111,USB Hub V3,Electronics,288,1,4,291
2024-04-29,P121,Office Chair V1,Office,300,3,6,303
2024-04-29,P124,Desk Lamp V1,Office,289,1,3,291
2024-04-29,P133,Stapler V1,Office,73,2,8,79
2024-04-29,P147,Cushion V3,Home,314,4,3,313
2024-04-29,P154,Laptop Bag V1,Accessories,325,3,4,326
2024-04-29,P155,Laptop Bag V2,Accessories,325,3,2,324
2024-04-30,P123,Office Chair V3,Office,160,1,5,164
2024-04-30,P125,Desk Lamp V2,Office,338,3,4,339
2024-04-30,P155,Laptop Bag V2,Accessories,317,2,5,320
2024-04-30,P167,Desk Mat V2,Accessories,274,4,2,272
2024-04-30,P168,Desk Mat V3,Accessories,394,1,7,400
2024-05-01,P108,Headphones V3,Electronics,346,7,3,342
2024-05-01,P116,Bluetooth Speaker V2,Electronics,340,3,1,338
2024-05-01,P122,Office Chair V2,Office,106,1,2,107
2024-05-01,P137,Water Bottle V2,Home,53,5,2,50
2024-05-01,P138,Water Bottle V3,Home,190,2,6,194
2024-05-01,P155,Laptop Bag V2,Accessories,319,3,6,322
2024-05-01,P156,Laptop Bag V3,Accessories,331,5,3,329
2024-05-01,P164,Power Bank V2,Accessories,297,5,1,293
2024-05-03,P103,Keyboard V1,Electronics,308,1,5,312
2024-05-03,P113,Webcam V2,Electronics,151,2,6,155
2024-05-03,P121,Office Chair V1,Office,346,6,2,342
2024-05-04,P103,Keyboard V1,Electronics,186,3,2,185
2024-05-04,P112,Webcam V1,Electronics,298,1,2,299
2024-05-04,P124,Desk Lamp V1,Office,296,1,6,301
2024-05-04,P163,Power Bank V1,Accessories,330,2,3,331
2024-05-04,P177,Tea V3,Grocery,116,4,5,117
2024-05-05,P110,USB Hub V2,Electronics,339,2,5,342
2024-05-05,P153,Cleaning Kit V3,Home,413,2,3,414
2024-05-05,P174,Coffee V3,Grocery,265,1,6,270
2024-05-06,P100,Wireless Mouse V1,Electronics,145,2,3,146
2024-05-06,P128,Printer Paper V2,Office,199,6,4,197
2024-05-06,P139,Storage Box V1,Home,143,4,2,141
2024-05-07,P126,Desk Lamp V3,Office,218,1,5,222
2024-05-07,P159,Phone Case V3,Accessories,259,1,4,262
2024-05-07,P167,Desk Mat V2,Accessories,220,6,4,218
2024-05-07,P171,Travel Pouch V3,Accessories,261,2,6,265
2024-05-07,P176,Tea V2,Grocery,346,4,3,345
2024-05-08,P100,Wireless Mouse V1,Electronics,183,2,3,184
2024-05-08,P112,Webcam V1,Electronics,365,3,7,369
2024-05-08,P119,Notebook V2,Office,346,1,5,350
2024-05-08,P152,Cleaning Kit V2,Home,232,2,7,237
2024-05-08,P162,Charging Cable V3,Accessories,74,2,6,78
2024-05-09,P107,Headphones V2,Electronics,82,1,2,83
2024-05-09,P122,Office Chair V2,Office,225,4,5,226
2024-05-09,P123,Office Chair V3,Office,193,1,4,196
2024-05-09,P129,Printer Paper V3,Office,234,2,2,234
2024-05-09,P133,Stapler V1,Office,194,3,4,195
2024-05-09,P135,Stapler V3,Office,290,4,6,292
2024-05-09,P136,Water Bottle V1,Home,258,1,5,262
2024-05-09,P147,Cushion V3,Home,306,5,4,305
2024-05-09,P164,Power Bank V2,Accessories,293,1,1,293
2024-05-09,P169,Travel Pouch V1,Accessories,280,2,4,282
2024-05-10,P114,Webcam V3,Electronics,411,1,4,414
2024-05-10,P121,Office Chair V1,Office,397,7,5,395
2024-05-10,P175,Tea V1,Grocery,179,4,3,178
2024-05-10,P176,Tea V2,Grocery,359,3,3,359
2024-05-11,P109,USB Hub V1,Electronics,279,3,3,279
2024-05-11,P110,USB Hub V2,Electronics,393,1,5,397
2024-05-11,P132,File Folder V3,Office,232,1,2,233
2024-05-11,P147,Cushion V3,Home,299,1,7,305
2024-05-11,P157,Phone Case V1,Accessories,328,1,2,329
2024-05-11,P168,Desk Mat V3,Accessories,340,1,4,343
2024-05-12,P112,Webcam V1,Electronics,341,4,2,339
2024-05-12,P129,Printer Paper V3,Office,221,2,8,227
2024-05-12,P132,File Folder V3,Office,305,4,3,304
2024-05-12,P169,Travel Pouch V1,Accessories,262,1,5,266
2024-05-13,P143,Table Clock V2,Home,121,3,5,123
2024-05-13,P155,Laptop Bag V2,Accessories,251,3,3,251
2024-05-14,P106,Headphones V1,Electronics,389,1,3,391
2024-05-14,P156,Laptop Bag V3,Accessories,351,5,4,350
2024-05-15,P117,Bluetooth Speaker V3,Electronics,193,1,6,198
2024-05-15,P125,Desk Lamp V2,Office,301,1,4,304
2024-05-15,P144,Table Clock V3,Home,165,1,4,168
2024-05-15,P147,Cushion V3,Home,198,3,6,201
2024-05-15,P161,Charging Cable V2,Accessories,279,2,2,279
2024-05-15,P176,Tea V2,Grocery,373,1,8,380
2024-05-16,P132,File Folder V3,Office,350,2,7,355
2024-05-16,P136,Water Bottle V1,Home,294,3,3,294
2024-05-16,P162,Charging Cable V3,Accessories,145,2,4,147
2024-05-16,P166,Desk Mat V1,Accessories,177,1,3,179
2024-05-16,P178,Biscuits V1,Grocery,253,1,5,257
2024-05-17,P103,Keyboard V1,Electronics,260,3,2,259
2024-05-17,P113,Webcam V2,Electronics,102,2,2,102
2024-05-17,P125,Desk Lamp V2,Office,279,2,3,280
2024-05-17,P139,Storage Box V1,Home,125,4,5,126
2024-05-17,P159,Phone Case V3,Accessories,268,3,3,268
2024-05-17,P160,Charging Cable V1,Accessories,336,3,2,335
2024-05-17,P169,Travel Pouch V1,Accessories,224,1,1,224
2024-05-18,P102,Wireless Mouse V3,Electronics,257,1,0,256
2024-05-18,P106,Headphones V1,Electronics,280,1,2,281
2024-05-18,P109,USB Hub V1,Electronics,162,7,2,157
2024-05-18,P115,Bluetooth Speaker V1,Electronics,295,1,5,299
2024-05-18,P128,Printer Paper V2,Office,223,1,2,224
2024-05-18,P134,Stapler V2,Office,292,1,3,294
2024-05-18,P135,Stapler V3,Office,372,2,2,372
2024-05-18,P157,Phone Case V1,Accessories,298,1,4,301
2024-05-18,P179,Biscuits V2,Grocery,282,1,4,285
2024-05-19,P104,Keyboard V2,Electronics,365,2,2,365
2024-05-19,P106,Headphones V1,Electronics,328,1,5,332
2024-05-19,P116,Bluetooth Speaker V2,Electronics,201,4,4,201
2024-05-19,P142,Table Clock V1,Home,109,9,4,104
2024-05-19,P169,Travel Pouch V1,Accessories,184,1,2,185
2024-05-20,P100,Wireless Mouse V1,Electronics,170,2,7,175
2024-05-20,P125,Desk Lamp V2,Office,287,1,4,290
2024-05-20,P144,Table Clock V3,Home,255,1,1,255
2024-05-20,P158,Phone Case V2,Accessories,328,3,2,327
2024-05-20,P165,Power Bank V3,Accessories,200,1,1,200
2024-05-21,P109,USB Hub V1,Electronics,259,3,5,261
2024-05-21,P111,USB Hub V3,Electronics,291,3,4,292
2024-05-21,P115,Bluetooth Speaker V1,Electronics,257,1,3,259
2024-05-21,P139,Storage Box V1,Home,116,6,3,113
2024-05-21,P155,Laptop Bag V2,Accessories,274,3,6,277
2024-05-21,P172,Coffee V1,Grocery,234,1,6,239
2024-05-22,P103,Keyboard V1,Electronics,250,2,5,253
2024-05-22,P116,Bluetooth Speaker V2,Electronics,245,4,3,244
2024-05-22,P150,LED Bulb V3,Home,184,2,5,187
2024-05-22,P151,Cleaning Kit V1,Home,156,3,6,159
2024-05-22,P157,Phone Case V1,Accessories,239,2,3,240
2024-05-23,P111,USB Hub V3,Electronics,280,2,5,283
2024-05-23,P115,Bluetooth Speaker V1,Electronics,270,1,2,271
2024-05-23,P123,Office Chair V3,Office,67,4,3,66
2024-05-23,P147,Cushion V3,Home,257,1,5,261
2024-05-24,P121,Office Chair V1,Office,362,4,3,361
2024-05-24,P138,Water Bottle V3,Home,104,9,3,98
2024-05-24,P158,Phone Case V2,Accessories,309,5,6,310
2024-05-24,P170,Travel Pouch V2,Accessories,240,1,4,243
2024-05-25,P106,Headphones V1,Electronics,278,2,5,281
2024-05-25,P136,Water Bottle V1,Home,227,3,6,230
2024-05-25,P142,Table Clock V1,Home,132,1,3,134
2024-05-25,P150,LED Bulb V3,Home,132,4,4,132
2024-05-26,P110,USB Hub V2,Electronics,376,2,5,379
2024-05-26,P137,Water Bottle V2,Home,69,3,3,69
2024-05-26,P157,Phone Case V1,Accessories,302,4,3,301
2024-05-27,P108,Headphones V3,Electronics,300,1,1,300
2024-05-27,P109,USB Hub V1,Electronics,246,1,5,250
2024-05-27,P126,Desk Lamp V3,Office,248,3,6,251
2024-05-27,P131,File Folder V2,Office,214,3,9,220
2024-05-28,P112,Webcam V1,Electronics,366,1,3,368
2024-05-28,P129,Printer Paper V3,Office,230,2,5,233
2024-05-28,P135,Stapler V3,Office,327,1,4,330
2024-05-28,P145,Cushion V1,Home,92,6,4,90
2024-05-28,P166,Desk Mat V1,Accessories,71,2,2,71
2024-05-28,P177,Tea V3,Grocery,157,4,3,156
2024-05-29,P105,Keyboard V3,Electronics,227,5,5,227
2024-05-29,P111,USB Hub V3,Electronics,326,1,7,332
2024-05-29,P127,Printer Paper V1,Office,340,4,2,338
2024-05-29,P137,Water Bottle V2,Home,99,2,5,102
2024-05-30,P110,USB Hub V2,Electronics,302,2,1,301
2024-05-30,P127,Printer Paper V1,Office,327,4,3,326
2024-05-30,P149,LED Bulb V2,Home,148,1,6,153
2024-05-30,P159,Phone Case V3,Accessories,216,2,7,221
2024-05-31,P116,Bluetooth Speaker V2,Electronics,257,1,5,261
2024-05-31,P137,Water Bottle V2,Home,75,1,9,83
2024-05-31,P156,Laptop Bag V3,Accessories,394,3,5,396
2024-05-31,P158,Phone Case V2,Accessories,227,1,0,226
2024-05-31,P161,Charging Cable V2,Accessories,241,2,5,244
2024-05-31,P174,Coffee V3,Grocery,154,1,4,157
2024-06-01,P129,Printer Paper V3,Office,324,1,5,328
2024-06-01,P147,Cushion V3,Home,256,3,2,255
2024-06-01,P154,Laptop Bag V1,Accessories,418,2,9,425
2024-06-01,P167,Desk Mat V2,Accessories,236,3,2,235
2024-06-01,P169,Travel Pouch V1,Accessories,270,1,5,274
2024-06-02,P122,Office Chair V2,Office,167,1,4,170
2024-06-02,P124,Desk Lamp V1,Office,180,1,4,183
2024-06-02,P138,Water Bottle V3,Home,110,1,3,112
2024-06-02,P145,Cushion V1,Home,184,4,2,182
2024-06-02,P156,Laptop Bag V3,Accessories,365,3,1,363
2024-06-02,P158,Phone Case V2,Accessories,256,2,3,257
2024-06-02,P159,Phone Case V3,Accessories,271,1,6,276
2024-06-02,P178,Biscuits V1,Grocery,288,2,3,289
2024-06-03,P114,Webcam V3,Electronics,340,1,7,346
2024-06-03,P122,Office Chair V2,Office,205,2,1,204
2024-06-03,P138,Water Bottle V3,Home,89,1,7,95
2024-06-03,P155,Laptop Bag V2,Accessories,356,1,6,361
2024-06-03,P171,Travel Pouch V3,Accessories,281,2,3,282
2024-06-03,P177,Tea V3,Grocery,138,2,4,140
2024-06-04,P144,Table Clock V3,Home,177,1,7,183
2024-06-04,P147,Cushion V3,Home,295,4,4,295
2024-06-05,P140,Storage Box V2,Home,134,2,3,135
2024-06-05,P178,Biscuits V1,Grocery,248,3,5,250
2024-06-06,P115,Bluetooth Speaker V1,Electronics,350,2,1,349
2024-06-06,P129,Printer Paper V3,Office,311,1,7,317
2024-06-06,P147,Cushion V3,Home,254,1,9,262
2024-06-06,P154,Laptop Bag V1,Accessories,333,4,4,333
2024-06-07,P144,Table Clock V3,Home,256,4,6,258
2024-06-08,P132,File Folder V3,Office,314,4,2,312
2024-06-08,P147,Cushion V3,Home,333,2,3,334
2024-06-08,P158,Phone Case V2,Accessories,199,1,8,206
2024-06-08,P166,Desk Mat V1,Accessories,65,1,1,65
2024-06-09,P106,Headphones V1,Electronics,312,2,2,312
2024-06-09,P117,Bluetooth Speaker V3,Electronics,190,2,7,195
2024-06-09,P149,LED Bulb V2,Home,159,1,5,163
2024-06-09,P158,Phone Case V2,Accessories,265,1,2,266
2024-06-09,P159,Phone Case V3,Accessories,342,1,4,345
2024-06-09,P161,Charging Cable V2,Accessories,342,3,0,339
2024-06-09,P165,Power Bank V3,Accessories,113,4,3,112
2024-06-10,P103,Keyboard V1,Electronics,200,2,4,202
2024-06-10,P114,Webcam V3,Electronics,344,3,7,348
2024-06-10,P115,Bluetooth Speaker V1,Electronics,250,1,8,257
2024-06-10,P138,Water Bottle V3,Home,212,1,5,216
2024-06-10,P162,Charging Cable V3,Accessories,137,1,4,140
2024-06-11,P105,Keyboard V3,Electronics,140,1,6,145
2024-06-11,P128,Printer Paper V2,Office,127,4,5,128
2024-06-11,P138,Water Bottle V3,Home,93,4,4,93
2024-06-11,P142,Table Clock V1,Home,242,2,2,242
2024-06-11,P144,Table Clock V3,Home,162,3,1,160
2024-06-11,P149,LED Bulb V2,Home,110,1,4,113
2024-06-11,P164,Power Bank V2,Accessories,293,2,2,293
2024-06-12,P116,Bluetooth Speaker V2,Electronics,248,2,3,249
2024-06-12,P170,Travel Pouch V2,Accessories,180,4,0,176
2024-06-13,P111,USB Hub V3,Electronics,405,3,5,407
2024-06-13,P114,Webcam V3,Electronics,350,1,4,353
2024-06-13,P115,Bluetooth Speaker V1,Electronics,312,1,4,315
2024-06-13,P135,Stapler V3,Office,358,2,6,362
2024-06-13,P163,Power Bank V1,Accessories,406,2,2,406
2024-06-13,P168,Desk Mat V3,Accessories,404,1,7,410
2024-06-14,P164,Power Bank V2,Accessories,269,4,4,269
2024-06-15,P110,USB Hub V2,Electronics,328,2,1,327
2024-06-15,P152,Cleaning Kit V2,Home,149,1,9,157
2024-06-16,P137,Water Bottle V2,Home,57,1,6,62
2024-06-16,P151,Cleaning Kit V1,Home,142,4,5,143
2024-06-17,P118,Notebook V1,Office,247,2,1,246
2024-06-17,P123,Office Chair V3,Office,63,2,11,72
2024-06-17,P141,Storage Box V3,Home,304,1,2,305
2024-06-17,P166,Desk Mat V1,Accessories,158,2,9,165
2024-06-17,P168,Desk Mat V3,Accessories,415,4,4,415
2024-06-18,P123,Office Chair V3,Office,154,3,6,157
2024-06-18,P131,File Folder V2,Office,158,4,5,159
2024-06-18,P139,Storage Box V1,Home,132,2,5,135
2024-06-18,P145,Cushion V1,Home,82,1,3,84
2024-06-19,P106,Headphones V1,Electronics,367,2,6,371
2024-06-19,P118,Notebook V1,Office,250,1,4,253
2024-06-19,P119,Notebook V2,Office,338,2,4,340
2024-06-19,P168,Desk Mat V3,Accessories,306,3,6,309
2024-06-19,P171,Travel Pouch V3,Accessories,307,1,2,308
2024-06-20,P102,Wireless Mouse V3,Electronics,243,4,4,243
2024-06-20,P103,Keyboard V1,Electronics,201,1,5,205
2024-06-20,P108,Headphones V3,Electronics,308,2,1,307
2024-06-20,P118,Notebook V1,Office,235,2,2,235
2024-06-20,P127,Printer Paper V1,Office,275,3,5,277
2024-06-20,P140,Storage Box V2,Home,120,3,4,121
2024-06-21,P102,Wireless Mouse V3,Electronics,290,1,6,295
2024-06-21,P123,Office Chair V3,Office,182,2,5,185
2024-06-21,P124,Desk Lamp V1,Office,259,4,5,260
2024-06-21,P176,Tea V2,Grocery,287,1,3,289
2024-06-22,P105,Keyboard V3,Electronics,129,3,9,135
2024-06-22,P109,USB Hub V1,Electronics,195,2,5,198
2024-06-22,P123,Office Chair V3,Office,129,3,2,128
2024-06-22,P172,Coffee V1,Grocery,201,1,6,206
2024-06-23,P108,Headphones V3,Electronics,368,1,2,369
2024-06-23,P122,Office Chair V2,Office,195,5,1,191
2024-06-23,P126,Desk Lamp V3,Office,281,3,3,281
2024-06-23,P151,Cleaning Kit V1,Home,159,2,4,161
2024-06-24,P107,Headphones V2,Electronics,210,1,4,213
2024-06-24,P113,Webcam V2,Electronics,240,3,1,238
2024-06-24,P117,Bluetooth Speaker V3,Electronics,240,3,2,239
2024-06-24,P121,Office Chair V1,Office,362,3,2,361
2024-06-24,P129,Printer Paper V3,Office,343,1,6,348
2024-06-24,P158,Phone Case V2,Accessories,335,1,3,337
2024-06-24,P172,Coffee V1,Grocery,113,1,5,117
2024-06-24,P179,Biscuits V2,Grocery,292,1,2,293
2024-06-25,P101,Wireless Mouse V2,Electronics,210,2,5,213
2024-06-25,P125,Desk Lamp V2,Office,351,4,6,353
2024-06-25,P131,File Folder V2,Office,168,1,3,170
2024-06-25,P135,Stapler V3,Office,323,2,5,326
2024-06-25,P139,Storage Box V1,Home,94,1,2,95
2024-06-25,P152,Cleaning Kit V2,Home,113,1,2,114
2024-06-25,P164,Power Bank V2,Accessories,285,1,5,289
2024-06-25,P176,Tea V2,Grocery,333,2,5,336
2024-06-26,P101,Wireless Mouse V2,Electronics,205,1,6,210
2024-06-26,P102,Wireless Mouse V3,Electronics,241,5,3,239
2024-06-26,P107,Headphones V2,Electronics,116,1,8,123
2024-06-26,P112,Webcam V1,Electronics,334,3,4,335
2024-06-26,P134,Stapler V2,Office,226,1,2,227
2024-06-26,P137,Water Bottle V2,Home,44,1,5,48
2024-06-26,P140,Storage Box V2,Home,203,1,4,206
2024-06-26,P142,Table Clock V1,Home,170,5,2,167
2024-06-26,P145,Cushion V1,Home,140,2,6,144
2024-06-26,P170,Travel Pouch V2,Accessories,149,2,6,153
2024-06-27,P116,Bluetooth Speaker V2,Electronics,257,4,2,255
2024-06-27,P119,Notebook V2,Office,325,1,3,327
2024-06-27,P130,File Folder V1,Office,338,2,4,340
2024-06-27,P136,Water Bottle V1,Home,254,5,4,253
2024-06-27,P149,LED Bulb V2,Home,138,1,5,142
2024-06-27,P164,Power Bank V2,Accessories,313,2,6,317
2024-06-28,P101,Wireless Mouse V2,Electronics,280,2,4,282
2024-06-28,P106,Headphones V1,Electronics,349,1,4,352
2024-06-28,P114,Webcam V3,Electronics,360,1,2,361
2024-06-28,P134,Stapler V2,Office,222,2,3,223
2024-06-28,P135,Stapler V3,Office,257,2,4,259
2024-06-28,P167,Desk Mat V2,Accessories,318,1,3,320
2024-06-29,P112,Webcam V1,Electronics,240,1,0,239
2024-06-29,P114,Webcam V3,Electronics,304,2,1,303
2024-06-29,P130,File Folder V1,Office,403,2,3,404
2024-06-29,P135,Stapler V3,Office,349,1,2,350
2024-06-29,P151,Cleaning Kit V1,Home,124,4,0,120
2024-06-29,P169,Travel Pouch V1,Accessories,178,1,4,181
2024-06-30,P108,Headphones V3,Electronics,382,3,2,381
2024-06-30,P121,Office Chair V1,Office,298,1,6,303
2024-06-30,P124,Desk Lamp V1,Office,202,1,2,203
2024-06-30,P126,Desk Lamp V3,Office,329,4,3,328
2024-06-30,P141,Storage Box V3,Home,330,1,3,332
2024-06-30,P145,Cushion V1,Home,190,3,3,190
2024-06-30,P150,LED Bulb V3,Home,122,3,5,124
2024-06-30,P157,Phone Case V1,Accessories,332,1,3,334
2024-06-30,P169,Travel Pouch V1,Accessories,281,2,7,286
2024-06-30,P171,Travel Pouch V3,Accessories,236,2,1,235
2024-07-01,P108,Headphones V3,Electronics,396,5,2,393
2024-07-01,P160,Charging Cable V1,Accessories,380,2,4,382
2024-07-01,P165,Power Bank V3,Accessories,115,1,2,116
2024-07-02,P138,Water Bottle V3,Home,124,1,2,125
2024-07-02,P165,Power Bank V3,Accessories,94,1,4,97
2024-07-02,P168,Desk Mat V3,Accessories,405,3,1,403
2024-07-03,P110,USB Hub V2,Electronics,284,2,2,284
2024-07-03,P117,Bluetooth Speaker V3,Electronics,243,1,6,248
2024-07-03,P126,Desk Lamp V3,Office,229,2,3,230
2024-07-03,P145,Cushion V1,Home,86,2,7,91
2024-07-03,P150,LED Bulb V3,Home,230,2,3,231
2024-07-03,P163,Power Bank V1,Accessories,397,4,6,399
2024-07-04,P115,Bluetooth Speaker V1,Electronics,317,1,6,322
2024-07-04,P119,Notebook V2,Office,313,3,4,314
2024-07-04,P124,Desk Lamp V1,Office,280,1,5,284
2024-07-04,P129,Printer Paper V3,Office,289,3,3,289
2024-07-04,P150,LED Bulb V3,Home,216,1,5,220
2024-07-04,P171,Travel Pouch V3,Accessories,279,3,2,278
2024-07-04,P177,Tea V3,Grocery,93,4,8,97
2024-07-05,P106,Headphones V1,Electronics,384,1,6,389
2024-07-05,P122,Office Chair V2,Office,108,1,7,114
2024-07-05,P127,Printer Paper V1,Office,390,4,1,387
2024-07-05,P157,Phone Case V1,Accessories,362,1,4,365
2024-07-05,P162,Charging Cable V3,Accessories,208,1,2,209
2024-07-06,P102,Wireless Mouse V3,Electronics,312,9,6,309
2024-07-06,P148,LED Bulb V1,Home,197,3,3,197
2024-07-06,P158,Phone Case V2,Accessories,304,2,3,305
2024-07-07,P105,Keyboard V3,Electronics,145,3,3,145
2024-07-07,P126,Desk Lamp V3,Office,239,3,5,241
2024-07-07,P130,File Folder V1,Office,402,2,5,405
2024-07-07,P135,Stapler V3,Office,382,2,2,382
2024-07-07,P164,Power Bank V2,Accessories,178,2,3,179
2024-07-07,P178,Biscuits V1,Grocery,240,2,6,244
2024-07-08,P119,Notebook V2,Office,356,3,4,357
2024-07-08,P131,File Folder V2,Office,246,5,1,242
2024-07-08,P142,Table Clock V1,Home,109,2,4,111
2024-07-08,P167,Desk Mat V2,Accessories,328,1,5,332
2024-07-09,P120,Notebook V3,Office,177,5,3,175
2024-07-09,P135,Stapler V3,Office,364,3,5,366
2024-07-09,P155,Laptop Bag V2,Accessories,286,3,4,287
2024-07-09,P178,Biscuits V1,Grocery,267,1,1,267
2024-07-10,P119,Notebook V2,Office,311,2,4,313
2024-07-10,P124,Desk Lamp V1,Office,325,5,4,324
2024-07-10,P133,Stapler V1,Office,177,2,4,179
2024-07-11,P101,Wireless Mouse V2,Electronics,262,3,5,264
2024-07-11,P106,Headphones V1,Electronics,399,1,4,402
2024-07-11,P107,Headphones V2,Electronics,71,1,7,77
2024-07-11,P115,Bluetooth Speaker V1,Electronics,347,1,5,351
2024-07-11,P116,Bluetooth Speaker V2,Electronics,197,4,1,194
2024-07-11,P119,Notebook V2,Office,242,2,4,244
2024-07-11,P130,File Folder V1,Office,391,3,2,390
2024-07-11,P161,Charging Cable V2,Accessories,293,1,3,295
2024-07-12,P106,Headphones V1,Electronics,359,1,3,361
2024-07-12,P115,Bluetooth Speaker V1,Electronics,260,2,4,262
2024-07-12,P131,File Folder V2,Office,177,3,3,177
2024-07-12,P133,Stapler V1,Office,124,5,2,121
2024-07-12,P134,Stapler V2,Office,212,2,3,213
2024-07-12,P151,Cleaning Kit V1,Home,154,1,2,155
2024-07-12,P163,Power Bank V1,Accessories,317,3,8,322
2024-07-13,P111,USB Hub V3,Electronics,413,3,7,417
2024-07-13,P115,Bluetooth Speaker V1,Electronics,330,1,7,336
2024-07-13,P117,Bluetooth Speaker V3,Electronics,289,1,4,292
2024-07-13,P118,Notebook V1,Office,310,1,3,312
2024-07-13,P135,Stapler V3,Office,256,2,3,257
2024-07-13,P147,Cushion V3,Home,222,5,3,220
2024-07-13,P157,Phone Case V1,Accessories,364,1,4,367
2024-07-13,P164,Power Bank V2,Accessories,311,1,5,315
2024-07-13,P165,Power Bank V3,Accessories,203,1,3,205
2024-07-13,P175,Tea V1,Grocery,145,3,5,147
2024-07-13,P178,Biscuits V1,Grocery,240,1,5,244
2024-07-14,P100,Wireless Mouse V1,Electronics,247,4,7,250
2024-07-14,P121,Office Chair V1,Office,328,2,5,331
2024-07-14,P144,Table Clock V3,Home,225,5,4,224
2024-07-14,P151,Cleaning Kit V1,Home,181,2,2,181
2024-07-14,P152,Cleaning Kit V2,Home,107,1,5,111
2024-07-14,P172,Coffee V1,Grocery,202,2,3,203
2024-07-14,P173,Coffee V2,Grocery,236,1,2,237
2024-07-15,P104,Keyboard V2,Electronics,340,2,4,342
2024-07-15,P105,Keyboard V3,Electronics,191,3,10,198
2024-07-15,P161,Charging Cable V2,Accessories,276,6,3,273
2024-07-16,P128,Printer Paper V2,Office,147,1,2,148
2024-07-16,P131,File Folder V2,Office,291,4,6,293
2024-07-16,P142,Table Clock V1,Home,199,3,4,200
2024-07-17,P102,Wireless Mouse V3,Electronics,336,3,1,334
2024-07-17,P125,Desk Lamp V2,Office,305,1,1,305
2024-07-17,P132,File Folder V3,Office,302,1,8,309
2024-07-17,P134,Stapler V2,Office,195,1,3,197
2024-07-17,P145,Cushion V1,Home,179,7,3,175
2024-07-17,P150,LED Bulb V3,Home,225,1,8,232
2024-07-17,P166,Desk Mat V1,Accessories,93,1,1,93
2024-07-18,P125,Desk Lamp V2,Office,248,5,6,249
2024-07-18,P131,File Folder V2,Office,212,1,3,214
2024-07-18,P155,Laptop Bag V2,Accessories,227,2,2,227
2024-07-18,P158,Phone Case V2,Accessories,311,2,6,315
2024-07-19,P141,Storage Box V3,Home,232,2,7,237
2024-07-19,P149,LED Bulb V2,Home,120,1,4,123
2024-07-19,P174,Coffee V3,Grocery,240,3,5,242
2024-07-19,P178,Biscuits V1,Grocery,312,2,5,315
2024-07-20,P100,Wireless Mouse V1,Electronics,204,1,4,207
2024-07-20,P117,Bluetooth Speaker V3,Electronics,238,3,4,239
2024-07-20,P123,Office Chair V3,Office,196,2,7,201
2024-07-20,P156,Laptop Bag V3,Accessories,433,5,6,434
2024-07-21,P129,Printer Paper V3,Office,346,1,2,347
2024-07-21,P134,Stapler V2,Office,303,2,6,307
2024-07-21,P144,Table Clock V3,Home,197,2,6,201
2024-07-21,P153,Cleaning Kit V3,Home,315,1,4,318
2024-07-22,P105,Keyboard V3,Electronics,226,3,4,227
2024-07-22,P106,Headphones V1,Electronics,402,3,4,403
2024-07-22,P111,USB Hub V3,Electronics,301,2,3,302
2024-07-22,P127,Printer Paper V1,Office,351,1,5,355
2024-07-22,P140,Storage Box V2,Home,175,3,4,176
2024-07-22,P153,Cleaning Kit V3,Home,368,1,2,369
2024-07-23,P100,Wireless Mouse V1,Electronics,155,3,2,154
2024-07-23,P109,USB Hub V1,Electronics,250,3,4,251
2024-07-23,P148,LED Bulb V1,Home,250,1,1,250
2024-07-23,P169,Travel Pouch V1,Accessories,186,1,8,193
2024-07-24,P108,Headphones V3,Electronics,386,2,5,389
2024-07-24,P116,Bluetooth Speaker V2,Electronics,322,2,1,321
2024-07-24,P136,Water Bottle V1,Home,197,1,3,199
2024-07-24,P145,Cushion V1,Home,65,1,2,66
2024-07-24,P164,Power Bank V2,Accessories,306,4,4,306
2024-07-25,P102,Wireless Mouse V3,Electronics,266,3,2,265
2024-07-25,P106,Headphones V1,Electronics,373,2,5,376
2024-07-25,P130,File Folder V1,Office,278,1,4,281
2024-07-25,P131,File Folder V2,Office,219,5,5,219
2024-07-25,P134,Stapler V2,Office,242,2,4,244
2024-07-25,P139,Storage Box V1,Home,207,5,4,206
2024-07-25,P155,Laptop Bag V2,Accessories,271,1,2,272
2024-07-25,P176,Tea V2,Grocery,318,1,5,322
2024-07-26,P100,Wireless Mouse V1,Electronics,260,1,2,261
2024-07-26,P105,Keyboard V3,Electronics,167,3,7,171
2024-07-26,P121,Office Chair V1,Office,262,4,3,261
2024-07-26,P136,Water Bottle V1,Home,197,2,4,199
2024-07-26,P138,Water Bottle V3,Home,186,1,3,188
2024-07-26,P166,Desk Mat V1,Accessories,68,1,5,72
2024-07-26,P173,Coffee V2,Grocery,253,5,5,253
2024-07-26,P175,Tea V1,Grocery,155,3,4,156
2024-07-26,P176,Tea V2,Grocery,295,3,7,299
2024-07-27,P115,Bluetooth Speaker V1,Electronics,394,1,4,397
2024-07-27,P124,Desk Lamp V1,Office,301,1,5,305
2024-07-27,P128,Printer Paper V2,Office,133,2,9,140
2024-07-27,P173,Coffee V2,Grocery,320,5,3,318
2024-07-28,P104,Keyboard V2,Electronics,277,5,2,274
2024-07-28,P107,Headphones V2,Electronics,174,2,6,178
2024-07-28,P129,Printer Paper V3,Office,236,1,3,238
2024-07-28,P130,File Folder V1,Office,367,2,5,370
2024-07-28,P169,Travel Pouch V1,Accessories,167,2,2,167
2024-07-29,P125,Desk Lamp V2,Office,285,4,6,287
2024-07-29,P129,Printer Paper V3,Office,244,3,2,243
2024-07-29,P132,File Folder V3,Office,316,1,6,321
2024-07-29,P138,Water Bottle V3,Home,138,2,3,139
2024-07-29,P154,Laptop Bag V1,Accessories,352,3,2,351
2024-07-29,P160,Charging Cable V1,Accessories,377,2,3,378
2024-07-30,P100,Wireless Mouse V1,Electronics,169,4,4,169
2024-07-30,P118,Notebook V1,Office,297,3,3,297
2024-07-30,P130,File Folder V1,Office,362,1,0,361
2024-07-30,P133,Stapler V1,Office,123,1,4,126
2024-07-30,P143,Table Clock V2,Home,95,1,3,97
2024-07-30,P151,Cleaning Kit V1,Home,116,2,3,117
2024-07-31,P140,Storage Box V2,Home,138,1,1,138
2024-07-31,P143,Table Clock V2,Home,122,5,6,123
2024-07-31,P147,Cushion V3,Home,243,3,5,245
2024-07-31,P163,Power Bank V1,Accessories,340,3,3,340
2024-08-01,P105,Keyboard V3,Electronics,139,2,6,143
2024-08-01,P123,Office Chair V3,Office,76,1,6,81
2024-08-01,P155,Laptop Bag V2,Accessories,344,4,4,344
2024-08-01,P170,Travel Pouch V2,Accessories,200,2,2,200
2024-08-01,P177,Tea V3,Grocery,120,5,3,118
2024-08-02,P101,Wireless Mouse V2,Electronics,259,4,3,258
2024-08-02,P104,Keyboard V2,Electronics,342,1,5,346
2024-08-02,P112,Webcam V1,Electronics,340,1,2,341
2024-08-02,P128,Printer Paper V2,Office,114,3,7,118
2024-08-02,P173,Coffee V2,Grocery,227,4,4,227
2024-08-02,P176,Tea V2,Grocery,341,2,7,346
2024-08-03,P115,Bluetooth Speaker V1,Electronics,372,4,6,374
2024-08-03,P149,LED Bulb V2,Home,94,4,3,93
2024-08-04,P110,USB Hub V2,Electronics,352,2,7,357
2024-08-04,P115,Bluetooth Speaker V1,Electronics,304,4,3,303
2024-08-04,P124,Desk Lamp V1,Office,213,5,5,213
2024-08-04,P129,Printer Paper V3,Office,207,4,3,206
2024-08-04,P144,Table Clock V3,Home,280,4,2,278
2024-08-04,P145,Cushion V1,Home,76,3,2,75
2024-08-04,P146,Cushion V2,Home,294,1,3,296
2024-08-04,P154,Laptop Bag V1,Accessories,413,1,5,417
2024-08-04,P161,Charging Cable V2,Accessories,273,3,1,271
2024-08-04,P166,Desk Mat V1,Accessories,132,1,4,135
2024-08-05,P102,Wireless Mouse V3,Electronics,306,2,5,309
2024-08-05,P107,Headphones V2,Electronics,107,1,3,109
2024-08-05,P139,Storage Box V1,Home,125,2,5,128
2024-08-05,P150,LED Bulb V3,Home,200,2,2,200
2024-08-05,P157,Phone Case V1,Accessories,248,5,5,248
2024-08-05,P168,Desk Mat V3,Accessories,340,6,5,339
2024-08-05,P176,Tea V2,Grocery,287,5,6,288
2024-08-06,P101,Wireless Mouse V2,Electronics,172,1,5,176
2024-08-06,P118,Notebook V1,Office,260,6,3,257
2024-08-06,P138,Water Bottle V3,Home,120,1,3,122
2024-08-06,P148,LED Bulb V1,Home,276,2,1,275
2024-08-06,P162,Charging Cable V3,Accessories,151,5,8,154
2024-08-07,P111,USB Hub V3,Electronics,370,1,2,371
2024-08-07,P144,Table Clock V3,Home,240,2,8,246
2024-08-07,P156,Laptop Bag V3,Accessories,443,6,5,442
2024-08-07,P165,Power Bank V3,Accessories,176,2,0,174
2024-08-07,P167,Desk Mat V2,Accessories,294,2,4,296
2024-08-09,P124,Desk Lamp V1,Office,206,6,0,200
2024-08-09,P147,Cushion V3,Home,213,2,0,211
2024-08-09,P151,Cleaning Kit V1,Home,240,3,6,243
2024-08-09,P153,Cleaning Kit V3,Home,387,2,5,390
2024-08-09,P161,Charging Cable V2,Accessories,267,3,3,267
2024-08-09,P165,Power Bank V3,Accessories,77,2,6,81
2024-08-09,P171,Travel Pouch V3,Accessories,221,4,4,221
2024-08-10,P129,Printer Paper V3,Office,256,3,5,258
2024-08-10,P142,Table Clock V1,Home,115,1,4,118
2024-08-10,P149,LED Bulb V2,Home,153,2,5,156
2024-08-10,P161,Charging Cable V2,Accessories,335,2,6,339
2024-08-10,P170,Travel Pouch V2,Accessories,239,4,5,240
2024-08-11,P145,Cushion V1,Home,124,2,5,127
2024-08-11,P175,Tea V1,Grocery,164,2,6,168
2024-08-12,P134,Stapler V2,Office,321,4,5,322
2024-08-12,P155,Laptop Bag V2,Accessories,312,3,6,315
2024-08-12,P156,Laptop Bag V3,Accessories,430,1,4,433
2024-08-12,P159,Phone Case V3,Accessories,291,1,5,295
2024-08-12,P160,Charging Cable V1,Accessories,410,4,6,412
2024-08-12,P167,Desk Mat V2,Accessories,227,1,3,229
2024-08-12,P177,Tea V3,Grocery,154,1,2,155
2024-08-12,P179,Biscuits V2,Grocery,262,3,5,264
2024-08-13,P115,Bluetooth Speaker V1,Electronics,256,1,2,257
2024-08-13,P118,Notebook V1,Office,346,1,4,349
2024-08-13,P123,Office Chair V3,Office,94,2,5,97
2024-08-13,P127,Printer Paper V1,Office,370,2,4,372
2024-08-13,P137,Water Bottle V2,Home,93,4,3,92
2024-08-14,P107,Headphones V2,Electronics,111,3,3,111
2024-08-14,P135,Stapler V3,Office,342,3,6,345
2024-08-14,P137,Water Bottle V2,Home,192,2,5,195
2024-08-14,P139,Storage Box V1,Home,156,3,4,157
2024-08-14,P141,Storage Box V3,Home,303,3,4,304
2024-08-14,P148,LED Bulb V1,Home,155,2,1,154
2024-08-14,P159,Phone Case V3,Accessories,324,4,11,331
2024-08-15,P102,Wireless Mouse V3,Electronics,257,1,5,261
2024-08-15,P105,Keyboard V3,Electronics,253,2,5,256
2024-08-15,P107,Headphones V2,Electronics,153,1,4,156
2024-08-15,P115,Bluetooth Speaker V1,Electronics,355,3,4,356
2024-08-15,P145,Cushion V1,Home,90,2,6,94
2024-08-15,P146,Cushion V2,Home,369,1,6,374
2024-08-15,P149,LED Bulb V2,Home,115,3,2,114
2024-08-16,P101,Wireless Mouse V2,Electronics,296,3,5,298
2024-08-16,P115,Bluetooth Speaker V1,Electronics,261,2,6,265
2024-08-16,P129,Printer Paper V3,Office,217,8,2,211
2024-08-16,P134,Stapler V2,Office,276,4,2,274
2024-08-16,P143,Table Clock V2,Home,127,2,2,127
2024-08-16,P146,Cushion V2,Home,293,2,2,293
2024-08-16,P154,Laptop Bag V1,Accessories,421,1,5,425
2024-08-17,P125,Desk Lamp V2,Office,252,1,8,259
2024-08-17,P132,File Folder V3,Office,287,2,4,289
2024-08-17,P151,Cleaning Kit V1,Home,185,2,6,189
2024-08-17,P154,Laptop Bag V1,Accessories,354,4,5,355
2024-08-17,P177,Tea V3,Grocery,70,1,5,74
2024-08-17,P179,Biscuits V2,Grocery,164,2,5,167
2024-08-18,P102,Wireless Mouse V3,Electronics,274,1,8,281
2024-08-18,P104,Keyboard V2,Electronics,358,2,2,358
2024-08-18,P117,Bluetooth Speaker V3,Electronics,319,4,4,319
2024-08-18,P143,Table Clock V2,Home,215,1,6,220
2024-08-19,P128,Printer Paper V2,Office,202,2,6,206
2024-08-19,P136,Water Bottle V1,Home,294,1,3,296
2024-08-19,P139,Storage Box V1,Home,79,1,1,79
2024-08-19,P161,Charging Cable V2,Accessories,276,1,6,281
2024-08-19,P168,Desk Mat V3,Accessories,442,2,7,447
2024-08-20,P125,Desk Lamp V2,Office,220,1,4,223
2024-08-20,P133,Stapler V1,Office,137,1,2,138
2024-08-20,P159,Phone Case V3,Accessories,285,6,5,284
2024-08-20,P176,Tea V2,Grocery,293,2,2,293
2024-08-21,P105,Keyboard V3,Electronics,171,2,2,171
2024-08-21,P115,Bluetooth Speaker V1,Electronics,304,1,4,307
2024-08-21,P157,Phone Case V1,Accessories,238,2,2,238
2024-08-21,P163,Power Bank V1,Accessories,294,3,5,296
2024-08-21,P171,Travel Pouch V3,Accessories,218,1,5,222
2024-08-21,P179,Biscuits V2,Grocery,211,2,3,212
2024-08-22,P103,Keyboard V1,Electronics,263,2,7,268
2024-08-22,P158,Phone Case V2,Accessories,302,2,4,304
2024-08-23,P106,Headphones V1,Electronics,364,1,4,367
2024-08-23,P125,Desk Lamp V2,Office,269,1,4,272
2024-08-23,P146,Cushion V2,Home,366,1,5,370
2024-08-23,P171,Travel Pouch V3,Accessories,235,4,5,236
2024-08-23,P172,Coffee V1,Grocery,242,1,3,244
2024-08-24,P143,Table Clock V2,Home,129,1,6,134
2024-08-24,P144,Table Clock V3,Home,264,1,3,266
2024-08-24,P152,Cleaning Kit V2,Home,118,1,5,122
2024-08-24,P154,Laptop Bag V1,Accessories,361,1,4,364
2024-08-24,P159,Phone Case V3,Accessories,335,2,2,335
2024-08-25,P104,Keyboard V2,Electronics,337,1,3,339
2024-08-25,P147,Cushion V3,Home,240,1,7,246
2024-08-25,P151,Cleaning Kit V1,Home,164,4,8,168
2024-08-25,P177,Tea V3,Grocery,111,3,7,115
2024-08-26,P119,Notebook V2,Office,236,2,2,236
2024-08-26,P147,Cushion V3,Home,244,3,8,249
2024-08-27,P112,Webcam V1,Electronics,307,1,6,312
2024-08-27,P126,Desk Lamp V3,Office,209,1,3,211
2024-08-27,P148,LED Bulb V1,Home,170,3,3,170
2024-08-27,P166,Desk Mat V1,Accessories,127,2,4,129
2024-08-27,P173,Coffee V2,Grocery,278,3,4,279
2024-08-28,P113,Webcam V2,Electronics,95,3,1,93
2024-08-28,P114,Webcam V3,Electronics,338,6,3,335
2024-08-28,P118,Notebook V1,Office,341,1,3,343
2024-08-28,P147,Cushion V3,Home,245,4,2,243
2024-08-28,P156,Laptop Bag V3,Accessories,321,1,5,325
2024-08-28,P170,Travel Pouch V2,Accessories,226,1,3,228
2024-08-29,P102,Wireless Mouse V3,Electronics,241,1,6,246
2024-08-29,P105,Keyboard V3,Electronics,163,1,3,165
2024-08-29,P162,Charging Cable V3,Accessories,116,2,3,117
2024-08-29,P167,Desk Mat V2,Accessories,208,3,3,208
2024-08-30,P107,Headphones V2,Electronics,96,3,2,95
2024-08-30,P120,Notebook V3,Office,192,1,4,195
2024-08-30,P135,Stapler V3,Office,260,2,1,259
2024-08-30,P143,Table Clock V2,Home,205,5,7,207
2024-08-30,P144,Table Clock V3,Home,151,4,4,151
2024-08-30,P149,LED Bulb V2,Home,102,3,5,104
2024-08-31,P102,Wireless Mouse V3,Electronics,293,1,9,301
2024-08-31,P107,Headphones V2,Electronics,180,5,2,177
2024-08-31,P123,Office Chair V3,Office,59,1,5,63
2024-08-31,P127,Printer Paper V1,Office,356,2,5,359
2024-08-31,P139,Storage Box V1,Home,128,2,4,130
2024-08-31,P157,Phone Case V1,Accessories,353,3,3,353
2024-08-31,P174,Coffee V3,Grocery,285,3,4,286
2024-09-01,P108,Headphones V3,Electronics,434,1,6,439
2024-09-01,P125,Desk Lamp V2,Office,283,1,4,286
2024-09-01,P151,Cleaning Kit V1,Home,225,6,5,224
2024-09-01,P168,Desk Mat V3,Accessories,307,5,3,305
2024-09-01,P178,Biscuits V1,Grocery,257,1,3,259
2024-09-02,P107,Headphones V2,Electronics,124,1,3,126
2024-09-02,P114,Webcam V3,Electronics,377,2,5,380
2024-09-02,P145,Cushion V1,Home,96,4,7,99
2024-09-02,P147,Cushion V3,Home,205,2,2,205
2024-09-02,P157,Phone Case V1,Accessories,330,3,7,334
2024-09-02,P174,Coffee V3,Grocery,250,5,3,248
2024-09-02,P178,Biscuits V1,Grocery,235,2,4,237
2024-09-03,P124,Desk Lamp V1,Office,211,4,5,212
2024-09-03,P141,Storage Box V3,Home,222,3,6,225
2024-09-03,P177,Tea V3,Grocery,74,4,4,74
2024-09-04,P107,Headphones V2,Electronics,84,3,1,82
2024-09-04,P114,Webcam V3,Electronics,354,1,2,355
2024-09-04,P129,Printer Paper V3,Office,334,1,3,336
2024-09-04,P130,File Folder V1,Office,270,1,3,272
2024-09-04,P140,Storage Box V2,Home,192,2,1,191
2024-09-04,P153,Cleaning Kit V3,Home,427,4,5,428
2024-09-04,P154,Laptop Bag V1,Accessories,397,2,6,401
2024-09-04,P161,Charging Cable V2,Accessories,251,5,4,250
2024-09-04,P171,Travel Pouch V3,Accessories,222,1,1,222
2024-09-05,P108,Headphones V3,Electronics,423,6,2,419
2024-09-05,P112,Webcam V1,Electronics,283,2,1,282
2024-09-05,P115,Bluetooth Speaker V1,Electronics,389,2,4,391
2024-09-05,P140,Storage Box V2,Home,191,5,2,188
2024-09-05,P143,Table Clock V2,Home,196,5,8,199
2024-09-05,P144,Table Clock V3,Home,145,1,3,147
2024-09-05,P153,Cleaning Kit V3,Home,296,3,3,296
2024-09-05,P157,Phone Case V1,Accessories,336,4,4,336
2024-09-05,P177,Tea V3,Grocery,90,1,3,92
2024-09-06,P112,Webcam V1,Electronics,367,3,1,365
2024-09-06,P113,Webcam V2,Electronics,238,1,7,244
2024-09-06,P156,Laptop Bag V3,Accessories,402,2,2,402
2024-09-07,P104,Keyboard V2,Electronics,297,5,5,297
2024-09-07,P106,Headphones V1,Electronics,273,3,2,272
2024-09-07,P135,Stapler V3,Office,390,1,9,398
2024-09-07,P157,Phone Case V1,Accessories,302,4,6,304
2024-09-08,P120,Notebook V3,Office,101,3,5,103
2024-09-08,P121,Office Chair V1,Office,287,2,5,290
2024-09-08,P145,Cushion V1,Home,112,4,3,111
2024-09-09,P101,Wireless Mouse V2,Electronics,218,1,3,220
2024-09-09,P119,Notebook V2,Office,333,2,1,332
2024-09-09,P135,Stapler V3,Office,261,2,3,262
2024-09-09,P157,Phone Case V1,Accessories,359,2,3,360
2024-09-09,P166,Desk Mat V1,Accessories,115,4,3,114
2024-09-10,P101,Wireless Mouse V2,Electronics,276,2,1,275
2024-09-10,P103,Keyboard V1,Electronics,286,4,3,285
2024-09-10,P128,Printer Paper V2,Office,155,3,2,154
2024-09-10,P152,Cleaning Kit V2,Home,120,1,5,124
2024-09-10,P156,Laptop Bag V3,Accessories,404,3,2,403
2024-09-10,P159,Phone Case V3,Accessories,321,2,4,323
2024-09-11,P112,Webcam V1,Electronics,306,2,5,309
2024-09-11,P120,Notebook V3,Office,141,2,2,141
2024-09-11,P121,Office Chair V1,Office,298,1,4,301
2024-09-11,P126,Desk Lamp V3,Office,242,2,6,246
2024-09-11,P127,Printer Paper V1,Office,312,1,0,311
2024-09-11,P165,Power Bank V3,Accessories,144,4,5,145
2024-09-11,P171,Travel Pouch V3,Accessories,166,3,3,166
2024-09-12,P110,USB Hub V2,Electronics,318,2,2,318
2024-09-12,P118,Notebook V1,Office,328,1,3,330
2024-09-12,P144,Table Clock V3,Home,149,3,4,150
2024-09-12,P157,Phone Case V1,Accessories,329,4,0,325
2024-09-12,P177,Tea V3,Grocery,174,1,3,176
2024-09-13,P105,Keyboard V3,Electronics,207,3,2,206
2024-09-13,P120,Notebook V3,Office,52,1,0,51
2024-09-13,P121,Office Chair V1,Office,277,3,1,275
2024-09-13,P147,Cushion V3,Home,336,1,3,338
2024-09-13,P166,Desk Mat V1,Accessories,186,5,4,185
2024-09-13,P169,Travel Pouch V1,Accessories,277,5,1,273
2024-09-14,P108,Headphones V3,Electronics,319,1,7,325
2024-09-14,P117,Bluetooth Speaker V3,Electronics,259,1,3,261
2024-09-14,P141,Storage Box V3,Home,309,3,4,310
2024-09-14,P142,Table Clock V1,Home,169,2,5,172
2024-09-14,P155,Laptop Bag V2,Accessories,260,2,5,263
2024-09-14,P176,Tea V2,Grocery,282,3,6,285
2024-09-15,P107,Headphones V2,Electronics,205,2,3,206
2024-09-15,P112,Webcam V1,Electronics,285,1,11,295
2024-09-15,P119,Notebook V2,Office,239,2,3,240
2024-09-15,P134,Stapler V2,Office,304,3,1,302
2024-09-15,P150,LED Bulb V3,Home,227,1,2,228
2024-09-15,P151,Cleaning Kit V1,Home,133,2,3,134
2024-09-15,P160,Charging Cable V1,Accessories,312,4,4,312
2024-09-15,P172,Coffee V1,Grocery,132,2,6,136
2024-09-15,P176,Tea V2,Grocery,319,3,5,321
2024-09-16,P100,Wireless Mouse V1,Electronics,153,2,4,155
2024-09-16,P102,Wireless Mouse V3,Electronics,307,2,4,309
2024-09-16,P105,Keyboard V3,Electronics,111,1,3,113
2024-09-16,P118,Notebook V1,Office,269,2,7,274
2024-09-16,P126,Desk Lamp V3,Office,297,1,5,301
2024-09-16,P129,Printer Paper V3,Office,340,2,2,340
2024-09-16,P135,Stapler V3,Office,312,2,6,316
2024-09-16,P138,Water Bottle V3,Home,78,2,2,78
2024-09-16,P144,Table Clock V3,Home,203,2,4,205
2024-09-16,P151,Cleaning Kit V1,Home,250,2,0,248
2024-09-16,P166,Desk Mat V1,Accessories,126,3,2,125
2024-09-16,P176,Tea V2,Grocery,292,3,1,290
2024-09-17,P101,Wireless Mouse V2,Electronics,175,1,5,179
2024-09-17,P105,Keyboard V3,Electronics,154,3,7,158
2024-09-17,P112,Webcam V1,Electronics,367,2,1,366
2024-09-17,P136,Water Bottle V1,Home,341,2,6,345
2024-09-17,P145,Cushion V1,Home,171,2,6,175
2024-09-17,P148,LED Bulb V1,Home,165,2,1,164
2024-09-17,P155,Laptop Bag V2,Accessories,236,2,3,237
2024-09-18,P119,Notebook V2,Office,231,1,3,233
2024-09-18,P122,Office Chair V2,Office,127,5,5,127
2024-09-18,P125,Desk Lamp V2,Office,225,4,7,228
2024-09-18,P150,LED Bulb V3,Home,254,3,4,255
2024-09-18,P152,Cleaning Kit V2,Home,206,2,1,205
2024-09-18,P153,Cleaning Kit V3,Home,350,2,5,353
2024-09-18,P155,Laptop Bag V2,Accessories,240,2,0,238
2024-09-18,P168,Desk Mat V3,Accessories,379,1,1,379
2024-09-18,P175,Tea V1,Grocery,229,1,3,231
2024-09-19,P126,Desk Lamp V3,Office,268,1,4,271
2024-09-19,P163,Power Bank V1,Accessories,311,5,5,311
2024-09-20,P110,USB Hub V2,Electronics,383,1,2,384
2024-09-20,P123,Office Chair V3,Office,144,1,4,147
2024-09-20,P144,Table Clock V3,Home,237,1,10,246
2024-09-20,P157,Phone Case V1,Accessories,331,3,5,333
2024-09-20,P167,Desk Mat V2,Accessories,223,1,6,228
2024-09-20,P175,Tea V1,Grocery,265,1,2,266
2024-09-21,P106,Headphones V1,Electronics,333,5,7,335
2024-09-21,P115,Bluetooth Speaker V1,Electronics,377,3,2,376
2024-09-21,P135,Stapler V3,Office,382,3,6,385
2024-09-21,P148,LED Bulb V1,Home,288,2,3,289
2024-09-21,P155,Laptop Bag V2,Accessories,223,1,3,225
2024-09-21,P170,Travel Pouch V2,Accessories,129,2,4,131
2024-09-21,P174,Coffee V3,Grocery,270,2,4,272
2024-09-21,P176,Tea V2,Grocery,263,3,6,266
2024-09-22,P123,Office Chair V3,Office,93,1,6,98
2024-09-22,P174,Coffee V3,Grocery,169,3,4,170
2024-09-22,P178,Biscuits V1,Grocery,200,2,4,202
2024-09-22,P179,Biscuits V2,Grocery,179,5,6,180
2024-09-23,P124,Desk Lamp V1,Office,245,2,3,246
2024-09-23,P125,Desk Lamp V2,Office,305,3,5,307
2024-09-23,P148,LED Bulb V1,Home,188,1,3,190
2024-09-23,P156,Laptop Bag V3,Accessories,340,3,9,346
2024-09-23,P177,Tea V3,Grocery,197,4,5,198
2024-09-24,P108,Headphones V3,Electronics,347,1,2,348
2024-09-24,P120,Notebook V3,Office,55,2,3,56
2024-09-24,P144,Table Clock V3,Home,272,1,8,279
2024-09-24,P161,Charging Cable V2,Accessories,245,1,5,249
2024-09-24,P162,Charging Cable V3,Accessories,69,1,6,74
2024-09-25,P115,Bluetooth Speaker V1,Electronics,389,3,4,390
2024-09-25,P122,Office Chair V2,Office,178,3,2,177
2024-09-25,P128,Printer Paper V2,Office,138,3,6,141
2024-09-25,P133,Stapler V1,Office,52,1,4,55
2024-09-25,P142,Table Clock V1,Home,131,3,4,132
2024-09-25,P152,Cleaning Kit V2,Home,240,3,2,239
2024-09-26,P105,Keyboard V3,Electronics,226,1,7,232
2024-09-26,P130,File Folder V1,Office,293,2,7,298
2024-09-26,P157,Phone Case V1,Accessories,292,5,2,289
2024-09-26,P168,Desk Mat V3,Accessories,358,5,4,357
2024-09-26,P176,Tea V2,Grocery,306,2,6,310
2024-09-27,P110,USB Hub V2,Electronics,395,4,4,395
2024-09-27,P111,USB Hub V3,Electronics,372,1,7,378
2024-09-27,P123,Office Chair V3,Office,84,3,4,85
2024-09-27,P138,Water Bottle V3,Home,174,4,2,172
2024-09-27,P143,Table Clock V2,Home,224,5,5,224
2024-09-27,P155,Laptop Bag V2,Accessories,296,1,3,298
2024-09-27,P166,Desk Mat V1,Accessories,157,5,3,155
2024-09-27,P172,Coffee V1,Grocery,194,1,3,196
2024-09-28,P108,Headphones V3,Electronics,363,1,9,371
2024-09-28,P118,Notebook V1,Office,347,1,2,348
2024-09-28,P120,Notebook V3,Office,102,1,4,105
2024-09-28,P124,Desk Lamp V1,Office,279,4,5,280
2024-09-28,P134,Stapler V2,Office,192,2,4,194
2024-09-28,P143,Table Clock V2,Home,166,4,2,164
2024-09-28,P147,Cushion V3,Home,290,2,4,292
2024-09-28,P150,LED Bulb V3,Home,245,1,3,247
2024-09-28,P177,Tea V3,Grocery,96,1,1,96
2024-09-29,P106,Headphones V1,Electronics,398,2,6,402
2024-09-29,P108,Headphones V3,Electronics,399,2,3,400
2024-09-29,P115,Bluetooth Speaker V1,Electronics,381,3,4,382
2024-09-29,P144,Table Clock V3,Home,276,2,3,277
2024-09-29,P146,Cushion V2,Home,265,3,6,268
2024-09-29,P158,Phone Case V2,Accessories,260,2,7,265
2024-09-29,P177,Tea V3,Grocery,153,1,2,154
2024-09-30,P105,Keyboard V3,Electronics,188,2,4,190
2024-09-30,P132,File Folder V3,Office,349,2,2,349
2024-09-30,P155,Laptop Bag V2,Accessories,350,1,1,350
2024-09-30,P178,Biscuits V1,Grocery,228,2,7,233
2024-10-01,P119,Notebook V2,Office,241,4,3,240
2024-10-01,P165,Power Bank V3,Accessories,160,2,3,161
2024-10-01,P168,Desk Mat V3,Accessories,339,1,7,345
2024-10-02,P106,Headphones V1,Electronics,380,2,3,381
2024-10-02,P109,USB Hub V1,Electronics,293,1,8,300
2024-10-02,P110,USB Hub V2,Electronics,271,1,3,273
2024-10-02,P130,File Folder V1,Office,359,5,7,361
2024-10-02,P149,LED Bulb V2,Home,137,1,8,144
2024-10-02,P153,Cleaning Kit V3,Home,287,2,5,290
2024-10-02,P167,Desk Mat V2,Accessories,222,3,3,222
2024-10-03,P113,Webcam V2,Electronics,96,3,1,94
2024-10-03,P118,Notebook V1,Office,340,3,5,342
2024-10-03,P133,Stapler V1,Office,51,2,3,52
2024-10-03,P143,Table Clock V2,Home,144,1,0,143
2024-10-03,P157,Phone Case V1,Accessories,331,3,3,331
2024-10-03,P166,Desk Mat V1,Accessories,196,3,3,196
2024-10-03,P168,Desk Mat V3,Accessories,387,4,6,389
2024-10-03,P178,Biscuits V1,Grocery,229,2,1,228
2024-10-04,P105,Keyboard V3,Electronics,145,4,3,144
2024-10-04,P146,Cushion V2,Home,299,3,2,298
2024-10-05,P106,Headphones V1,Electronics,406,3,2,405
2024-10-05,P112,Webcam V1,Electronics,312,1,3,314
2024-10-05,P125,Desk Lamp V2,Office,240,1,4,243
2024-10-05,P129,Printer Paper V3,Office,279,1,1,279
2024-10-05,P132,File Folder V3,Office,223,4,3,222
2024-10-05,P133,Stapler V1,Office,49,3,2,48
2024-10-05,P142,Table Clock V1,Home,126,3,6,129
2024-10-05,P147,Cushion V3,Home,297,3,5,299
2024-10-05,P156,Laptop Bag V3,Accessories,356,8,5,353
2024-10-05,P159,Phone Case V3,Accessories,219,4,5,220
2024-10-05,P177,Tea V3,Grocery,134,4,6,136
2024-10-07,P118,Notebook V1,Office,355,5,6,356
2024-10-07,P135,Stapler V3,Office,332,3,4,333
2024-10-07,P146,Cushion V2,Home,321,2,6,325
2024-10-07,P152,Cleaning Kit V2,Home,139,2,3,140
2024-10-07,P157,Phone Case V1,Accessories,268,6,3,265
2024-10-07,P162,Charging Cable V3,Accessories,183,3,6,186
2024-10-08,P121,Office Chair V1,Office,383,1,4,386
2024-10-08,P133,Stapler V1,Office,104,3,3,104
2024-10-09,P123,Office Chair V3,Office,182,2,6,186
2024-10-09,P141,Storage Box V3,Home,351,1,3,353
2024-10-09,P158,Phone Case V2,Accessories,214,2,5,217
2024-10-09,P164,Power Bank V2,Accessories,306,2,5,309
2024-10-09,P168,Desk Mat V3,Accessories,356,4,2,354
2024-10-09,P177,Tea V3,Grocery,127,1,2,128
2024-10-10,P116,Bluetooth Speaker V2,Electronics,250,1,5,254
2024-10-10,P119,Notebook V2,Office,334,2,1,333
2024-10-10,P140,Storage Box V2,Home,163,3,3,163
2024-10-10,P144,Table Clock V3,Home,141,3,8,146
2024-10-10,P175,Tea V1,Grocery,151,1,0,150
2024-10-10,P177,Tea V3,Grocery,185,5,3,183
2024-10-11,P102,Wireless Mouse V3,Electronics,316,1,6,321
2024-10-11,P105,Keyboard V3,Electronics,227,3,3,227
2024-10-11,P128,Printer Paper V2,Office,158,6,4,156
2024-10-11,P130,File Folder V1,Office,348,1,3,350
2024-10-11,P137,Water Bottle V2,Home,162,2,6,166
2024-10-11,P151,Cleaning Kit V1,Home,168,2,3,169
2024-10-11,P173,Coffee V2,Grocery,294,1,8,301
2024-10-12,P111,USB Hub V3,Electronics,331,5,3,329
2024-10-12,P120,Notebook V3,Office,63,2,5,66
2024-10-12,P150,LED Bulb V3,Home,135,2,3,136
2024-10-13,P110,USB Hub V2,Electronics,368,2,4,370
2024-10-13,P113,Webcam V2,Electronics,118,3,6,121
2024-10-13,P127,Printer Paper V1,Office,334,2,4,336
2024-10-14,P105,Keyboard V3,Electronics,221,2,2,221
2024-10-14,P107,Headphones V2,Electronics,209,3,9,215
2024-10-14,P123,Office Chair V3,Office,76,3,9,82
2024-10-14,P131,File Folder V2,Office,200,4,3,199
2024-10-14,P141,Storage Box V3,Home,290,4,1,287
2024-10-14,P159,Phone Case V3,Accessories,325,3,1,323
2024-10-14,P168,Desk Mat V3,Accessories,346,6,6,346
2024-10-15,P100,Wireless Mouse V1,Electronics,167,1,4,170
2024-10-15,P103,Keyboard V1,Electronics,238,1,5,242
2024-10-15,P148,LED Bulb V1,Home,155,2,4,157
2024-10-15,P151,Cleaning Kit V1,Home,121,2,3,122
2024-10-15,P152,Cleaning Kit V2,Home,171,1,4,174
2024-10-15,P156,Laptop Bag V3,Accessories,328,1,4,331
2024-10-15,P157,Phone Case V1,Accessories,301,7,9,303
2024-10-15,P161,Charging Cable V2,Accessories,290,6,3,287
2024-10-16,P102,Wireless Mouse V3,Electronics,253,6,3,250
2024-10-16,P105,Keyboard V3,Electronics,167,4,2,165
2024-10-16,P108,Headphones V3,Electronics,345,5,3,343
2024-10-16,P115,Bluetooth Speaker V1,Electronics,287,5,3,285
2024-10-16,P135,Stapler V3,Office,351,1,8,358
2024-10-16,P160,Charging Cable V1,Accessories,283,2,4,285
2024-10-17,P110,USB Hub V2,Electronics,395,3,5,397
2024-10-17,P129,Printer Paper V3,Office,205,1,6,210
2024-10-17,P152,Cleaning Kit V2,Home,233,3,5,235
2024-10-17,P166,Desk Mat V1,Accessories,181,4,2,179
2024-10-18,P110,USB Hub V2,Electronics,384,5,4,383
2024-10-18,P111,USB Hub V3,Electronics,274,4,4,274
2024-10-18,P130,File Folder V1,Office,391,5,8,394
2024-10-18,P153,Cleaning Kit V3,Home,328,1,6,333
2024-10-18,P172,Coffee V1,Grocery,255,2,2,255
2024-10-19,P105,Keyboard V3,Electronics,141,6,8,143
2024-10-19,P129,Printer Paper V3,Office,318,3,4,319
2024-10-19,P141,Storage Box V3,Home,349,2,0,347
2024-10-19,P150,LED Bulb V3,Home,229,2,3,230
2024-10-19,P178,Biscuits V1,Grocery,334,4,2,332
2024-10-20,P103,Keyboard V1,Electronics,299,3,7,303
2024-10-20,P105,Keyboard V3,Electronics,204,3,3,204
2024-10-20,P120,Notebook V3,Office,165,5,9,169
2024-10-20,P126,Desk Lamp V3,Office,306,3,3,306
2024-10-20,P136,Water Bottle V1,Home,249,3,4,250
2024-10-20,P139,Storage Box V1,Home,92,3,7,96
2024-10-20,P172,Coffee V1,Grocery,236,1,6,241
2024-10-20,P174,Coffee V3,Grocery,163,4,6,165
2024-10-21,P102,Wireless Mouse V3,Electronics,318,3,0,315
2024-10-21,P105,Keyboard V3,Electronics,202,2,2,202
2024-10-21,P128,Printer Paper V2,Office,215,1,5,219
2024-10-21,P129,Printer Paper V3,Office,263,4,1,260
2024-10-21,P160,Charging Cable V1,Accessories,367,3,5,369
2024-10-21,P166,Desk Mat V1,Accessories,90,3,4,91
2024-10-21,P172,Coffee V1,Grocery,232,3,4,233
2024-10-22,P109,USB Hub V1,Electronics,169,3,3,169
2024-10-22,P157,Phone Case V1,Accessories,347,2,8,353
2024-10-22,P174,Coffee V3,Grocery,253,3,1,251
2024-10-23,P108,Headphones V3,Electronics,301,7,8,302
2024-10-23,P122,Office Chair V2,Office,133,2,2,133
2024-10-23,P130,File Folder V1,Office,410,1,3,412
2024-10-23,P143,Table Clock V2,Home,145,3,2,144
2024-10-23,P148,LED Bulb V1,Home,291,2,2,291
2024-10-23,P162,Charging Cable V3,Accessories,171,4,3,170
2024-10-23,P174,Coffee V3,Grocery,156,2,4,158
2024-10-24,P123,Office Chair V3,Office,187,3,1,185
2024-10-24,P131,File Folder V2,Office,171,5,1,167
2024-10-24,P134,Stapler V2,Office,322,6,3,319
2024-10-24,P151,Cleaning Kit V1,Home,166,3,6,169
2024-10-24,P157,Phone Case V1,Accessories,322,2,7,327
2024-10-24,P173,Coffee V2,Grocery,260,5,5,260
2024-10-24,P175,Tea V1,Grocery,184,1,2,185
2024-10-25,P126,Desk Lamp V3,Office,267,2,8,273
2024-10-25,P129,Printer Paper V3,Office,290,4,1,287
2024-10-25,P146,Cushion V2,Home,242,4,4,242
2024-10-25,P156,Laptop Bag V3,Accessories,356,2,5,359
2024-10-25,P172,Coffee V1,Grocery,150,2,4,152
2024-10-25,P173,Coffee V2,Grocery,324,2,4,326
2024-10-26,P109,USB Hub V1,Electronics,212,2,4,214
2024-10-26,P128,Printer Paper V2,Office,220,3,1,218
2024-10-26,P144,Table Clock V3,Home,280,5,1,276
2024-10-26,P148,LED Bulb V1,Home,181,1,6,186
2024-10-26,P150,LED Bulb V3,Home,121,8,1,114
2024-10-26,P153,Cleaning Kit V3,Home,309,2,3,310
2024-10-26,P172,Coffee V1,Grocery,151,5,3,149
2024-10-26,P176,Tea V2,Grocery,361,6,2,357
2024-10-27,P117,Bluetooth Speaker V3,Electronics,252,1,6,257
2024-10-27,P145,Cushion V1,Home,139,2,7,144
2024-10-27,P171,Travel Pouch V3,Accessories,284,2,7,289
2024-10-28,P105,Keyboard V3,Electronics,163,6,3,160
2024-10-28,P123,Office Chair V3,Office,183,1,5,187
2024-10-28,P133,Stapler V1,Office,66,1,6,71
2024-10-28,P157,Phone Case V1,Accessories,328,2,3,329
2024-10-29,P145,Cushion V1,Home,168,4,2,166
2024-10-29,P147,Cushion V3,Home,292,1,4,295
2024-10-29,P148,LED Bulb V1,Home,242,2,4,244
2024-10-29,P157,Phone Case V1,Accessories,235,5,0,230
2024-10-29,P160,Charging Cable V1,Accessories,412,1,4,415
2024-10-29,P168,Desk Mat V3,Accessories,434,6,1,429
2024-10-30,P122,Office Chair V2,Office,216,2,4,218
2024-10-30,P146,Cushion V2,Home,313,2,6,317
2024-10-30,P155,Laptop Bag V2,Accessories,275,1,5,279
2024-10-30,P157,Phone Case V1,Accessories,320,1,4,323
2024-10-30,P168,Desk Mat V3,Accessories,427,5,3,425
2024-10-31,P115,Bluetooth Speaker V1,Electronics,252,1,6,257
2024-10-31,P153,Cleaning Kit V3,Home,396,1,3,398
2024-11-01,P105,Keyboard V3,Electronics,116,2,2,116
2024-11-01,P117,Bluetooth Speaker V3,Electronics,309,7,5,307
2024-11-01,P128,Printer Paper V2,Office,175,4,8,179
2024-11-01,P135,Stapler V3,Office,395,6,5,394
2024-11-01,P159,Phone Case V3,Accessories,309,2,6,313
2024-11-02,P108,Headphones V3,Electronics,388,6,2,384
2024-11-02,P114,Webcam V3,Electronics,293,3,3,293
2024-11-02,P137,Water Bottle V2,Home,191,3,5,193
2024-11-02,P154,Laptop Bag V1,Accessories,361,2,2,361
2024-11-02,P170,Travel Pouch V2,Accessories,264,2,3,265
2024-11-03,P101,Wireless Mouse V2,Electronics,210,3,4,211
2024-11-03,P139,Storage Box V1,Home,179,2,2,179
2024-11-03,P142,Table Clock V1,Home,240,3,4,241
2024-11-03,P145,Cushion V1,Home,99,1,4,102
2024-11-03,P146,Cushion V2,Home,279,1,2,280
2024-11-04,P100,Wireless Mouse V1,Electronics,170,3,4,171
2024-11-04,P128,Printer Paper V2,Office,176,6,4,174
2024-11-04,P140,Storage Box V2,Home,195,1,4,198
2024-11-04,P145,Cushion V1,Home,107,1,5,111
2024-11-04,P172,Coffee V1,Grocery,139,3,4,140
2024-11-04,P175,Tea V1,Grocery,234,3,4,235
2024-11-05,P106,Headphones V1,Electronics,408,3,4,409
2024-11-05,P128,Printer Paper V2,Office,175,2,4,177
2024-11-05,P138,Water Bottle V3,Home,80,6,2,76
2024-11-05,P150,LED Bulb V3,Home,138,4,7,141
2024-11-05,P164,Power Bank V2,Accessories,206,1,4,209
2024-11-06,P100,Wireless Mouse V1,Electronics,187,3,4,188
2024-11-06,P114,Webcam V3,Electronics,302,2,4,304
2024-11-06,P136,Water Bottle V1,Home,217,4,5,218
2024-11-06,P148,LED Bulb V1,Home,199,2,4,201
2024-11-06,P157,Phone Case V1,Accessories,315,2,5,318
2024-11-06,P166,Desk Mat V1,Accessories,133,1,3,135
2024-11-06,P171,Travel Pouch V3,Accessories,273,3,3,273
2024-11-07,P117,Bluetooth Speaker V3,Electronics,326,3,0,323
2024-11-07,P121,Office Chair V1,Office,254,1,3,256
2024-11-07,P158,Phone Case V2,Accessories,258,1,6,263
2024-11-08,P106,Headphones V1,Electronics,290,2,1,289
2024-11-08,P108,Headphones V3,Electronics,440,2,5,443
2024-11-08,P129,Printer Paper V3,Office,239,2,4,241
2024-11-08,P145,Cushion V1,Home,178,2,5,181
2024-11-08,P156,Laptop Bag V3,Accessories,413,3,3,413
2024-11-08,P162,Charging Cable V3,Accessories,67,2,5,70
2024-11-09,P114,Webcam V3,Electronics,371,1,4,374
2024-11-09,P125,Desk Lamp V2,Office,272,4,4,272
2024-11-09,P131,File Folder V2,Office,220,5,4,219
2024-11-09,P157,Phone Case V1,Accessories,376,3,9,382
2024-11-09,P165,Power Bank V3,Accessories,201,2,6,205
2024-11-10,P101,Wireless Mouse V2,Electronics,280,5,4,279
2024-11-10,P103,Keyboard V1,Electronics,240,1,2,241
2024-11-10,P163,Power Bank V1,Accessories,319,1,3,321
2024-11-10,P171,Travel Pouch V3,Accessories,267,2,3,268
2024-11-11,P107,Headphones V2,Electronics,86,1,2,87
2024-11-11,P131,File Folder V2,Office,233,4,2,231
2024-11-11,P135,Stapler V3,Office,385,1,4,388
2024-11-11,P153,Cleaning Kit V3,Home,436,1,3,438
2024-11-11,P157,Phone Case V1,Accessories,327,1,7,333
2024-11-12,P105,Keyboard V3,Electronics,157,6,6,157
2024-11-12,P106,Headphones V1,Electronics,415,2,3,416
2024-11-12,P112,Webcam V1,Electronics,287,1,8,294
2024-11-12,P119,Notebook V2,Office,332,4,3,331
2024-11-12,P134,Stapler V2,Office,174,3,5,176
2024-11-12,P135,Stapler V3,Office,295,3,3,295
2024-11-12,P141,Storage Box V3,Home,256,2,4,258
2024-11-12,P142,Table Clock V1,Home,128,3,3,128
2024-11-12,P143,Table Clock V2,Home,225,2,3,226
2024-11-12,P145,Cushion V1,Home,88,1,6,93
2024-11-12,P168,Desk Mat V3,Accessories,418,6,6,418
2024-11-13,P107,Headphones V2,Electronics,73,1,8,80
2024-11-13,P124,Desk Lamp V1,Office,196,5,2,193
2024-11-13,P132,File Folder V3,Office,287,2,5,290
2024-11-13,P156,Laptop Bag V3,Accessories,441,4,4,441
2024-11-13,P161,Charging Cable V2,Accessories,246,4,7,249
2024-11-13,P162,Charging Cable V3,Accessories,81,2,2,81
2024-11-13,P169,Travel Pouch V1,Accessories,207,4,2,205
2024-11-13,P172,Coffee V1,Grocery,220,1,2,221
2024-11-13,P175,Tea V1,Grocery,172,3,6,175
2024-11-13,P178,Biscuits V1,Grocery,318,2,7,323
2024-11-14,P131,File Folder V2,Office,252,6,3,249
2024-11-14,P140,Storage Box V2,Home,173,3,2,172
2024-11-14,P149,LED Bulb V2,Home,178,4,4,178
2024-11-14,P155,Laptop Bag V2,Accessories,286,2,5,289
2024-11-14,P163,Power Bank V1,Accessories,345,6,2,341
2024-11-14,P164,Power Bank V2,Accessories,215,2,4,217
2024-11-14,P168,Desk Mat V3,Accessories,327,1,4,330
2024-11-15,P112,Webcam V1,Electronics,303,5,2,300
2024-11-15,P122,Office Chair V2,Office,217,1,2,218
2024-11-15,P133,Stapler V1,Office,96,2,6,100
2024-11-15,P157,Phone Case V1,Accessories,349,1,4,352
2024-11-16,P114,Webcam V3,Electronics,345,1,5,349
2024-11-16,P129,Printer Paper V3,Office,227,1,6,232
2024-11-16,P163,Power Bank V1,Accessories,405,6,8,407
2024-11-16,P176,Tea V2,Grocery,369,2,3,370
2024-11-17,P113,Webcam V2,Electronics,94,3,5,96
2024-11-17,P141,Storage Box V3,Home,289,3,3,289
2024-11-17,P156,Laptop Bag V3,Accessories,393,7,2,388
2024-11-17,P161,Charging Cable V2,Accessories,250,1,3,252
2024-11-18,P101,Wireless Mouse V2,Electronics,219,4,6,221
2024-11-18,P107,Headphones V2,Electronics,62,2,9,69
2024-11-18,P128,Printer Paper V2,Office,179,4,6,181
2024-11-18,P143,Table Clock V2,Home,202,2,6,206
2024-11-18,P144,Table Clock V3,Home,188,5,4,187
2024-11-18,P176,Tea V2,Grocery,378,2,5,381
2024-11-19,P104,Keyboard V2,Electronics,271,2,5,274
2024-11-19,P107,Headphones V2,Electronics,128,2,4,130
2024-11-19,P122,Office Chair V2,Office,134,2,3,135
2024-11-19,P146,Cushion V2,Home,311,2,2,311
2024-11-19,P164,Power Bank V2,Accessories,217,3,8,222
2024-11-20,P114,Webcam V3,Electronics,391,2,5,394
2024-11-20,P116,Bluetooth Speaker V2,Electronics,225,4,4,225
2024-11-20,P126,Desk Lamp V3,Office,212,1,3,214
2024-11-20,P137,Water Bottle V2,Home,106,4,7,109
2024-11-20,P146,Cushion V2,Home,328,5,5,328
2024-11-20,P161,Charging Cable V2,Accessories,319,6,2,315
2024-11-21,P105,Keyboard V3,Electronics,220,1,1,220
2024-11-21,P122,Office Chair V2,Office,208,3,5,210
2024-11-21,P128,Printer Paper V2,Office,237,4,5,238
2024-11-21,P165,Power Bank V3,Accessories,92,1,5,96
2024-11-22,P109,USB Hub V1,Electronics,209,1,4,212
2024-11-22,P114,Webcam V3,Electronics,410,4,6,412
2024-11-22,P128,Printer Paper V2,Office,168,2,1,167
2024-11-22,P152,Cleaning Kit V2,Home,213,3,3,213
2024-11-22,P164,Power Bank V2,Accessories,236,7,6,235
2024-11-22,P178,Biscuits V1,Grocery,265,1,5,269
2024-11-23,P122,Office Chair V2,Office,119,1,4,122
2024-11-23,P129,Printer Paper V3,Office,346,6,2,342
2024-11-23,P137,Water Bottle V2,Home,98,3,3,98
2024-11-23,P175,Tea V1,Grocery,257,1,4,260
2024-11-24,P132,File Folder V3,Office,272,4,1,269
2024-11-24,P137,Water Bottle V2,Home,187,4,1,184
2024-11-24,P142,Table Clock V1,Home,231,6,1,226
2024-11-24,P143,Table Clock V2,Home,124,2,9,131
2024-11-24,P149,LED Bulb V2,Home,111,5,4,110
2024-11-24,P159,Phone Case V3,Accessories,224,2,3,225
2024-11-24,P171,Travel Pouch V3,Accessories,272,3,3,272
2024-11-25,P107,Headphones V2,Electronics,71,2,3,72
2024-11-25,P108,Headphones V3,Electronics,405,6,4,403
2024-11-25,P110,USB Hub V2,Electronics,368,2,3,369
2024-11-25,P133,Stapler V1,Office,188,2,2,188
2024-11-25,P143,Table Clock V2,Home,215,6,6,215
2024-11-25,P146,Cushion V2,Home,362,4,5,363
2024-11-26,P103,Keyboard V1,Electronics,300,2,3,301
2024-11-26,P113,Webcam V2,Electronics,165,2,3,166
2024-11-26,P123,Office Chair V3,Office,175,1,2,176
2024-11-26,P136,Water Bottle V1,Home,203,6,3,200
2024-11-26,P147,Cushion V3,Home,208,3,6,211
2024-11-26,P162,Charging Cable V3,Accessories,73,1,4,76
2024-11-27,P146,Cushion V2,Home,248,1,5,252
2024-11-27,P156,Laptop Bag V3,Accessories,351,4,4,351
2024-11-28,P104,Keyboard V2,Electronics,410,3,5,412
2024-11-28,P132,File Folder V3,Office,304,2,6,308
2024-11-28,P137,Water Bottle V2,Home,188,2,7,193
2024-11-28,P153,Cleaning Kit V3,Home,325,2,6,329
2024-11-28,P176,Tea V2,Grocery,385,2,2,385
2024-11-29,P127,Printer Paper V1,Office,409,6,5,408
2024-11-29,P129,Printer Paper V3,Office,334,2,4,336
2024-11-29,P132,File Folder V3,Office,291,3,6,294
2024-11-29,P178,Biscuits V1,Grocery,194,1,3,196
2024-11-29,P179,Biscuits V2,Grocery,171,4,3,170
2024-11-30,P113,Webcam V2,Electronics,216,2,6,220
2024-11-30,P123,Office Chair V3,Office,112,1,5,116
2024-11-30,P132,File Folder V3,Office,246,6,5,245
2024-11-30,P161,Charging Cable V2,Accessories,379,2,2,379
2024-12-01,P121,Office Chair V1,Office,379,1,3,381
2024-12-01,P133,Stapler V1,Office,116,1,4,119
2024-12-01,P141,Storage Box V3,Home,326,6,5,325
2024-12-01,P152,Cleaning Kit V2,Home,111,2,3,112
2024-12-01,P173,Coffee V2,Grocery,321,5,3,319
2024-12-01,P174,Coffee V3,Grocery,228,3,2,227
2024-12-02,P130,File Folder V1,Office,410,1,4,413
2024-12-02,P133,Stapler V1,Office,91,3,3,91
2024-12-02,P158,Phone Case V2,Accessories,290,2,4,292
2024-12-03,P149,LED Bulb V2,Home,140,2,3,141
2024-12-03,P151,Cleaning Kit V1,Home,248,2,1,247
2024-12-03,P152,Cleaning Kit V2,Home,157,2,5,160
2024-12-03,P158,Phone Case V2,Accessories,329,3,6,332
2024-12-04,P126,Desk Lamp V3,Office,209,4,6,211
2024-12-04,P135,Stapler V3,Office,371,2,2,371
2024-12-04,P152,Cleaning Kit V2,Home,171,2,5,174
2024-12-05,P104,Keyboard V2,Electronics,351,7,6,350
2024-12-05,P122,Office Chair V2,Office,114,2,4,116
2024-12-06,P100,Wireless Mouse V1,Electronics,234,6,6,234
2024-12-06,P122,Office Chair V2,Office,155,1,4,158
2024-12-06,P129,Printer Paper V3,Office,276,1,3,278
2024-12-06,P144,Table Clock V3,Home,262,6,0,256
2024-12-06,P154,Laptop Bag V1,Accessories,386,4,1,383
2024-12-06,P163,Power Bank V1,Accessories,311,2,1,310
2024-12-06,P170,Travel Pouch V2,Accessories,149,4,4,149
2024-12-08,P122,Office Chair V2,Office,83,3,2,82
2024-12-08,P143,Table Clock V2,Home,180,1,4,183
2024-12-08,P148,LED Bulb V1,Home,149,6,3,146
2024-12-09,P103,Keyboard V1,Electronics,255,5,0,250
2024-12-09,P105,Keyboard V3,Electronics,226,1,5,230
2024-12-09,P117,Bluetooth Speaker V3,Electronics,283,7,1,277
2024-12-09,P175,Tea V1,Grocery,196,6,5,195
2024-12-10,P104,Keyboard V2,Electronics,290,2,6,294
2024-12-10,P112,Webcam V1,Electronics,323,4,9,328
2024-12-10,P120,Notebook V3,Office,69,3,4,70
2024-12-10,P129,Printer Paper V3,Office,249,2,2,249
2024-12-10,P140,Storage Box V2,Home,114,4,4,114
2024-12-10,P155,Laptop Bag V2,Accessories,236,8,4,232
2024-12-10,P167,Desk Mat V2,Accessories,253,1,6,258
2024-12-11,P108,Headphones V3,Electronics,309,5,3,307
2024-12-11,P126,Desk Lamp V3,Office,288,2,4,290
2024-12-11,P128,Printer Paper V2,Office,139,3,7,143
2024-12-11,P129,Printer Paper V3,Office,313,4,3,312
2024-12-11,P168,Desk Mat V3,Accessories,398,3,6,401
2024-12-11,P172,Coffee V1,Grocery,193,3,9,199
2024-12-12,P104,Keyboard V2,Electronics,297,1,5,301
2024-12-12,P147,Cushion V3,Home,324,6,4,322
2024-12-12,P160,Charging Cable V1,Accessories,370,1,2,371
2024-12-12,P165,Power Bank V3,Accessories,147,5,3,145
2024-12-13,P127,Printer Paper V1,Office,375,2,6,379
2024-12-13,P160,Charging Cable V1,Accessories,327,1,4,330
2024-12-14,P101,Wireless Mouse V2,Electronics,274,3,4,275
2024-12-14,P109,USB Hub V1,Electronics,178,1,3,180
2024-12-14,P119,Notebook V2,Office,245,3,4,246
2024-12-14,P137,Water Bottle V2,Home,180,7,8,181
2024-12-14,P160,Charging Cable V1,Accessories,298,1,1,298
2024-12-15,P139,Storage Box V1,Home,70,4,4,70
2024-12-15,P140,Storage Box V2,Home,90,2,3,91
2024-12-15,P142,Table Clock V1,Home,127,3,3,127
2024-12-15,P173,Coffee V2,Grocery,290,2,5,293
2024-12-15,P178,Biscuits V1,Grocery,291,2,2,291
2024-12-15,P179,Biscuits V2,Grocery,218,1,5,222
2024-12-16,P101,Wireless Mouse V2,Electronics,205,1,4,208
2024-12-16,P128,Printer Paper V2,Office,215,1,6,220
2024-12-16,P175,Tea V1,Grocery,189,4,6,191
2024-12-17,P116,Bluetooth Speaker V2,Electronics,290,5,2,287
2024-12-17,P122,Office Chair V2,Office,128,1,6,133
2024-12-17,P131,File Folder V2,Office,178,3,3,178
2024-12-17,P154,Laptop Bag V1,Accessories,301,3,4,302
2024-12-17,P168,Desk Mat V3,Accessories,369,2,2,369
2024-12-18,P100,Wireless Mouse V1,Electronics,267,3,4,268
2024-12-18,P102,Wireless Mouse V3,Electronics,275,3,2,274
2024-12-18,P139,Storage Box V1,Home,82,2,2,82
2024-12-18,P141,Storage Box V3,Home,302,3,5,304
2024-12-18,P144,Table Clock V3,Home,257,4,3,256
2024-12-18,P169,Travel Pouch V1,Accessories,301,4,2,299
2024-12-18,P177,Tea V3,Grocery,70,5,3,68
2024-12-18,P178,Biscuits V1,Grocery,213,3,5,215
2024-12-19,P108,Headphones V3,Electronics,404,4,5,405
2024-12-19,P123,Office Chair V3,Office,95,1,2,96
2024-12-19,P132,File Folder V3,Office,294,1,4,297
2024-12-19,P176,Tea V2,Grocery,349,8,6,347
2024-12-20,P112,Webcam V1,Electronics,270,1,2,271
2024-12-20,P123,Office Chair V3,Office,162,1,4,165
2024-12-20,P132,File Folder V3,Office,204,3,2,203
2024-12-20,P135,Stapler V3,Office,317,2,2,317
2024-12-20,P152,Cleaning Kit V2,Home,111,1,2,112
2024-12-20,P159,Phone Case V3,Accessories,301,1,4,304
2024-12-20,P160,Charging Cable V1,Accessories,408,2,10,416
2024-12-21,P105,Keyboard V3,Electronics,229,3,3,229
2024-12-21,P107,Headphones V2,Electronics,125,4,4,125
2024-12-21,P126,Desk Lamp V3,Office,288,1,4,291
2024-12-21,P152,Cleaning Kit V2,Home,241,3,6,244
2024-12-21,P153,Cleaning Kit V3,Home,322,2,4,324
2024-12-21,P164,Power Bank V2,Accessories,224,2,5,227
2024-12-22,P110,USB Hub V2,Electronics,349,1,5,353
2024-12-22,P123,Office Chair V3,Office,108,1,3,110
2024-12-22,P130,File Folder V1,Office,323,3,3,323
2024-12-22,P135,Stapler V3,Office,346,4,2,344
2024-12-22,P141,Storage Box V3,Home,265,3,5,267
2024-12-22,P155,Laptop Bag V2,Accessories,299,5,4,298
2024-12-22,P163,Power Bank V1,Accessories,354,2,10,362
2024-12-22,P164,Power Bank V2,Accessories,215,1,5,219
2024-12-23,P110,USB Hub V2,Electronics,335,3,2,334
2024-12-23,P119,Notebook V2,Office,223,3,2,222
2024-12-23,P126,Desk Lamp V3,Office,243,1,1,243
2024-12-23,P132,File Folder V3,Office,209,2,1,208
2024-12-23,P163,Power Bank V1,Accessories,304,5,3,302
2024-12-24,P104,Keyboard V2,Electronics,390,5,4,389
2024-12-24,P123,Office Chair V3,Office,124,4,4,124
2024-12-24,P128,Printer Paper V2,Office,108,6,6,108
2024-12-24,P150,LED Bulb V3,Home,154,4,4,154
2024-12-24,P177,Tea V3,Grocery,138,3,4,139
2024-12-25,P114,Webcam V3,Electronics,321,1,3,323
2024-12-25,P119,Notebook V2,Office,247,3,2,246
2024-12-25,P162,Charging Cable V3,Accessories,73,3,4,74
2024-12-25,P166,Desk Mat V1,Accessories,173,1,1,173
2024-12-26,P153,Cleaning Kit V3,Home,417,1,6,422
2024-12-26,P158,Phone Case V2,Accessories,197,4,5,198
2024-12-27,P127,Printer Paper V1,Office,355,2,4,357
2024-12-27,P163,Power Bank V1,Accessories,374,3,5,376
2024-12-28,P104,Keyboard V2,Electronics,272,4,2,270
2024-12-28,P139,Storage Box V1,Home,182,5,2,179
2024-12-29,P108,Headphones V3,Electronics,380,2,1,379
2024-12-29,P117,Bluetooth Speaker V3,Electronics,276,5,2,273
2024-12-29,P124,Desk Lamp V1,Office,264,3,4,265
2024-12-29,P136,Water Bottle V1,Home,303,1,4,306
2024-12-30,P114,Webcam V3,Electronics,288,1,1,288
2024-12-30,P163,Power Bank V1,Accessories,294,3,3,294
2024-12-31,P114,Webcam V3,Electronics,419,6,5,418
2024-12-31,P116,Bluetooth Speaker V2,Electronics,345,5,6,346
2024-12-31,P142,Table Clock V1,Home,161,4,1,158
2024-12-31,P172,Coffee V1,Grocery,250,1,4,253
2024-12-31,P175,Tea V1,Grocery,220,2,2,220
2024-12-31,P179,Biscuits V2,Grocery,259,1,6,264
2025-01-01,P102,Wireless Mouse V3,Electronics,277,3,1,275
2025-01-01,P103,Keyboard V1,Electronics,307,2,2,307
2025-01-01,P115,Bluetooth Speaker V1,Electronics,315,2,5,318
2025-01-01,P126,Desk Lamp V3,Office,230,4,0,226
2025-01-01,P139,Storage Box V1,Home,113,1,0,112
2025-01-01,P160,Charging Cable V1,Accessories,426,4,4,426
2025-01-02,P108,Headphones V3,Electronics,378,1,6,383
2025-01-02,P120,Notebook V3,Office,144,1,5,148
2025-01-02,P121,Office Chair V1,Office,389,1,4,392
2025-01-02,P141,Storage Box V3,Home,259,2,2,259
2025-01-02,P147,Cushion V3,Home,276,1,7,282
2025-01-02,P161,Charging Cable V2,Accessories,326,2,2,326
2025-01-02,P163,Power Bank V1,Accessories,359,2,9,366
2025-01-02,P177,Tea V3,Grocery,111,1,6,116
2025-01-03,P133,Stapler V1,Office,142,5,4,141
2025-01-03,P139,Storage Box V1,Home,149,2,0,147
2025-01-03,P141,Storage Box V3,Home,265,6,2,261
2025-01-03,P145,Cushion V1,Home,154,3,5,156
2025-01-03,P152,Cleaning Kit V2,Home,165,5,5,165
2025-01-03,P153,Cleaning Kit V3,Home,416,2,9,423
2025-01-04,P102,Wireless Mouse V3,Electronics,243,1,2,244
2025-01-04,P110,USB Hub V2,Electronics,344,1,6,349
2025-01-04,P118,Notebook V1,Office,362,1,1,362
2025-01-04,P125,Desk Lamp V2,Office,303,1,7,309
2025-01-04,P136,Water Bottle V1,Home,276,3,4,277
2025-01-05,P115,Bluetooth Speaker V1,Electronics,373,3,10,380
2025-01-05,P119,Notebook V2,Office,302,2,5,305
2025-01-05,P148,LED Bulb V1,Home,291,3,3,291
2025-01-05,P158,Phone Case V2,Accessories,279,1,6,284
2025-01-06,P122,Office Chair V2,Office,81,2,3,82
2025-01-06,P144,Table Clock V3,Home,259,1,6,264
2025-01-06,P153,Cleaning Kit V3,Home,326,2,4,328
2025-01-06,P168,Desk Mat V3,Accessories,334,3,2,333
2025-01-07,P100,Wireless Mouse V1,Electronics,225,1,6,230
2025-01-07,P137,Water Bottle V2,Home,171,2,3,172
2025-01-07,P139,Storage Box V1,Home,80,4,5,81
2025-01-07,P165,Power Bank V3,Accessories,181,2,5,184
2025-01-07,P170,Travel Pouch V2,Accessories,163,2,6,167
2025-01-07,P176,Tea V2,Grocery,388,1,0,387
2025-01-08,P138,Water Bottle V3,Home,216,3,8,221
2025-01-09,P111,USB Hub V3,Electronics,385,3,6,388
2025-01-09,P112,Webcam V1,Electronics,316,3,5,318
2025-01-09,P113,Webcam V2,Electronics,131,2,2,131
2025-01-09,P114,Webcam V3,Electronics,340,6,2,336
2025-01-09,P121,Office Chair V1,Office,295,4,4,295
2025-01-09,P142,Table Clock V1,Home,211,3,5,213
2025-01-09,P166,Desk Mat V1,Accessories,104,5,6,105
2025-01-10,P103,Keyboard V1,Electronics,262,1,1,262
2025-01-10,P110,USB Hub V2,Electronics,320,6,2,316
2025-01-10,P120,Notebook V3,Office,175,1,7,181
2025-01-10,P137,Water Bottle V2,Home,65,2,2,65
2025-01-10,P146,Cushion V2,Home,286,1,4,289
2025-01-10,P161,Charging Cable V2,Accessories,250,3,6,253
2025-01-10,P166,Desk Mat V1,Accessories,66,3,2,65
2025-01-10,P171,Travel Pouch V3,Accessories,242,7,4,239
2025-01-11,P101,Wireless Mouse V2,Electronics,184,1,3,186
2025-01-11,P107,Headphones V2,Electronics,82,1,5,86
2025-01-11,P131,File Folder V2,Office,286,4,5,287
2025-01-11,P149,LED Bulb V2,Home,108,3,5,110
2025-01-11,P163,Power Bank V1,Accessories,352,4,7,355
2025-01-11,P168,Desk Mat V3,Accessories,407,5,5,407
2025-01-12,P116,Bluetooth Speaker V2,Electronics,332,1,5,336
2025-01-12,P121,Office Chair V1,Office,315,2,7,320
2025-01-12,P127,Printer Paper V1,Office,379,1,1,379
2025-01-12,P131,File Folder V2,Office,209,1,5,213
2025-01-12,P138,Water Bottle V3,Home,81,1,6,86
2025-01-13,P101,Wireless Mouse V2,Electronics,166,1,5,170
2025-01-13,P112,Webcam V1,Electronics,240,3,3,240
2025-01-13,P135,Stapler V3,Office,269,4,2,267
2025-01-13,P139,Storage Box V1,Home,207,2,4,209
2025-01-13,P148,LED Bulb V1,Home,232,1,4,235
2025-01-13,P154,Laptop Bag V1,Accessories,290,3,3,290
2025-01-13,P160,Charging Cable V1,Accessories,343,1,5,347
2025-01-13,P172,Coffee V1,Grocery,151,3,2,150
2025-01-13,P173,Coffee V2,Grocery,342,4,4,342
2025-01-14,P132,File Folder V3,Office,332,2,6,336
2025-01-14,P137,Water Bottle V2,Home,127,4,3,126
2025-01-14,P140,Storage Box V2,Home,112,1,2,113
2025-01-14,P146,Cushion V2,Home,309,1,3,311
2025-01-14,P153,Cleaning Kit V3,Home,360,4,3,359
2025-01-14,P170,Travel Pouch V2,Accessories,179,2,6,183
2025-01-15,P102,Wireless Mouse V3,Electronics,358,2,6,362
2025-01-15,P126,Desk Lamp V3,Office,200,3,6,203
2025-01-15,P153,Cleaning Kit V3,Home,321,2,1,320
2025-01-15,P154,Laptop Bag V1,Accessories,425,2,3,426
2025-01-15,P165,Power Bank V3,Accessories,106,2,8,112
2025-01-15,P166,Desk Mat V1,Accessories,103,1,7,109
2025-01-15,P176,Tea V2,Grocery,364,1,4,367
2025-01-16,P104,Keyboard V2,Electronics,290,1,6,295
2025-01-16,P105,Keyboard V3,Electronics,191,4,4,191
2025-01-16,P115,Bluetooth Speaker V1,Electronics,337,1,5,341
2025-01-16,P148,LED Bulb V1,Home,210,1,5,214
2025-01-16,P158,Phone Case V2,Accessories,284,3,4,285
2025-01-16,P176,Tea V2,Grocery,326,2,2,326
2025-01-17,P100,Wireless Mouse V1,Electronics,142,4,6,144
2025-01-17,P107,Headphones V2,Electronics,197,2,6,201
2025-01-17,P109,USB Hub V1,Electronics,239,2,6,243
2025-01-17,P120,Notebook V3,Office,67,3,2,66
2025-01-17,P146,Cushion V2,Home,329,1,2,330
2025-01-17,P168,Desk Mat V3,Accessories,357,1,1,357
2025-01-18,P134,Stapler V2,Office,311,3,4,312
2025-01-18,P148,LED Bulb V1,Home,182,2,2,182
2025-01-19,P108,Headphones V3,Electronics,326,2,3,327
2025-01-19,P132,File Folder V3,Office,304,5,6,305
2025-01-19,P158,Phone Case V2,Accessories,309,4,5,310
2025-01-19,P171,Travel Pouch V3,Accessories,208,2,1,207
2025-01-20,P125,Desk Lamp V2,Office,229,3,1,227
2025-01-20,P128,Printer Paper V2,Office,170,1,2,171
2025-01-20,P149,LED Bulb V2,Home,155,1,2,156
2025-01-20,P167,Desk Mat V2,Accessories,207,4,4,207
2025-01-20,P172,Coffee V1,Grocery,142,2,5,145
2025-01-21,P101,Wireless Mouse V2,Electronics,227,2,1,226
2025-01-21,P120,Notebook V3,Office,147,1,4,150
2025-01-21,P124,Desk Lamp V1,Office,295,1,1,295
2025-01-21,P134,Stapler V2,Office,200,1,3,202
2025-01-21,P157,Phone Case V1,Accessories,249,2,5,252
2025-01-21,P169,Travel Pouch V1,Accessories,310,1,6,315
2025-01-22,P103,Keyboard V1,Electronics,310,1,4,313
2025-01-22,P107,Headphones V2,Electronics,158,2,7,163
2025-01-22,P147,Cushion V3,Home,335,2,5,338
2025-01-22,P164,Power Bank V2,Accessories,223,3,2,222
2025-01-23,P108,Headphones V3,Electronics,416,5,4,415
2025-01-23,P117,Bluetooth Speaker V3,Electronics,215,1,3,217
2025-01-23,P151,Cleaning Kit V1,Home,131,4,4,131
2025-01-23,P153,Cleaning Kit V3,Home,385,3,4,386
2025-01-23,P157,Phone Case V1,Accessories,276,1,5,280
2025-01-24,P127,Printer Paper V1,Office,376,3,5,378
2025-01-24,P137,Water Bottle V2,Home,99,2,5,102
2025-01-24,P174,Coffee V3,Grocery,214,1,3,216
2025-01-24,P175,Tea V1,Grocery,235,1,7,241
2025-01-25,P127,Printer Paper V1,Office,289,1,7,295
2025-01-25,P132,File Folder V3,Office,350,2,3,351
2025-01-25,P156,Laptop Bag V3,Accessories,367,1,3,369
2025-01-25,P177,Tea V3,Grocery,106,3,1,104
2025-01-26,P114,Webcam V3,Electronics,426,2,1,425
2025-01-26,P119,Notebook V2,Office,357,4,4,357
2025-01-26,P124,Desk Lamp V1,Office,230,5,3,228
2025-01-26,P144,Table Clock V3,Home,178,4,4,178
2025-01-27,P108,Headphones V3,Electronics,370,1,2,371
2025-01-27,P113,Webcam V2,Electronics,118,1,4,121
2025-01-27,P116,Bluetooth Speaker V2,Electronics,306,2,3,307
2025-01-27,P120,Notebook V3,Office,148,4,5,149
2025-01-27,P140,Storage Box V2,Home,226,3,0,223
2025-01-27,P143,Table Clock V2,Home,179,1,9,187
2025-01-27,P144,Table Clock V3,Home,274,1,5,278
2025-01-27,P158,Phone Case V2,Accessories,308,2,6,312
2025-01-27,P159,Phone Case V3,Accessories,283,2,5,286
2025-01-27,P173,Coffee V2,Grocery,246,4,6,248
2025-01-27,P178,Biscuits V1,Grocery,289,2,8,295
2025-01-28,P117,Bluetooth Speaker V3,Electronics,201,3,2,200
2025-01-28,P124,Desk Lamp V1,Office,240,2,7,245
2025-01-28,P136,Water Bottle V1,Home,253,2,1,252
2025-01-28,P155,Laptop Bag V2,Accessories,238,1,5,242
2025-01-28,P158,Phone Case V2,Accessories,303,6,6,303
2025-01-28,P162,Charging Cable V3,Accessories,202,4,2,200
2025-01-28,P179,Biscuits V2,Grocery,224,2,9,231
2025-01-29,P108,Headphones V3,Electronics,330,2,7,335
2025-01-29,P111,USB Hub V3,Electronics,385,1,6,390
2025-01-30,P116,Bluetooth Speaker V2,Electronics,332,3,6,335
2025-01-30,P138,Water Bottle V3,Home,92,5,6,93
2025-01-31,P110,USB Hub V2,Electronics,308,1,0,307
2025-01-31,P139,Storage Box V1,Home,175,1,4,178
2025-01-31,P141,Storage Box V3,Home,349,3,4,350
2025-01-31,P142,Table Clock V1,Home,227,1,5,231
2025-01-31,P153,Cleaning Kit V3,Home,343,5,7,345
2025-01-31,P159,Phone Case V3,Accessories,311,3,3,311
2025-02-01,P102,Wireless Mouse V3,Electronics,300,1,7,306
2025-02-01,P130,File Folder V1,Office,344,1,1,344
2025-02-01,P141,Storage Box V3,Home,263,4,8,267
2025-02-01,P143,Table Clock V2,Home,131,5,3,129
2025-02-01,P151,Cleaning Kit V1,Home,224,4,6,226
2025-02-02,P102,Wireless Mouse V3,Electronics,311,2,3,312
2025-02-02,P108,Headphones V3,Electronics,353,2,6,357
2025-02-02,P114,Webcam V3,Electronics,317,1,2,318
2025-02-02,P119,Notebook V2,Office,281,1,7,287
2025-02-02,P128,Printer Paper V2,Office,206,1,2,207
2025-02-02,P134,Stapler V2,Office,233,1,3,235
2025-02-02,P138,Water Bottle V3,Home,100,2,5,103
2025-02-02,P154,Laptop Bag V1,Accessories,280,3,3,280
2025-02-02,P166,Desk Mat V1,Accessories,104,3,5,106
2025-02-02,P173,Coffee V2,Grocery,317,2,3,318
2025-02-02,P175,Tea V1,Grocery,151,1,3,153
2025-02-03,P125,Desk Lamp V2,Office,360,1,2,361
2025-02-03,P141,Storage Box V3,Home,294,3,4,295
2025-02-03,P146,Cushion V2,Home,248,3,4,249
2025-02-03,P170,Travel Pouch V2,Accessories,167,1,1,167
2025-02-03,P179,Biscuits V2,Grocery,174,3,9,180
2025-02-04,P125,Desk Lamp V2,Office,251,3,3,251
2025-02-04,P152,Cleaning Kit V2,Home,223,2,4,225
2025-02-04,P171,Travel Pouch V3,Accessories,206,3,6,209
2025-02-05,P121,Office Chair V1,Office,332,4,3,331
2025-02-05,P131,File Folder V2,Office,152,1,4,155
2025-02-05,P142,Table Clock V1,Home,176,2,5,179
2025-02-05,P176,Tea V2,Grocery,388,1,3,390
2025-02-06,P131,File Folder V2,Office,265,2,5,268
2025-02-06,P132,File Folder V3,Office,245,3,2,244
2025-02-06,P134,Stapler V2,Office,298,1,4,301
2025-02-06,P138,Water Bottle V3,Home,212,1,5,216
2025-02-06,P145,Cushion V1,Home,193,3,4,194
2025-02-06,P146,Cushion V2,Home,328,1,6,333
2025-02-06,P153,Cleaning Kit V3,Home,390,2,4,392
2025-02-07,P123,Office Chair V3,Office,91,3,10,98
2025-02-07,P135,Stapler V3,Office,399,3,6,402
2025-02-07,P136,Water Bottle V1,Home,299,5,6,300
2025-02-07,P142,Table Clock V1,Home,171,1,3,173
2025-02-08,P118,Notebook V1,Office,352,1,5,356
2025-02-08,P129,Printer Paper V3,Office,305,4,9,310
2025-02-08,P157,Phone Case V1,Accessories,372,7,3,368
2025-02-08,P167,Desk Mat V2,Accessories,237,3,3,237
2025-02-09,P107,Headphones V2,Electronics,196,2,3,197
2025-02-09,P123,Office Chair V3,Office,56,4,6,58
2025-02-09,P131,File Folder V2,Office,146,5,3,144
2025-02-09,P146,Cushion V2,Home,232,1,7,238
2025-02-09,P160,Charging Cable V1,Accessories,317,1,4,320
2025-02-10,P129,Printer Paper V3,Office,314,1,6,319
2025-02-10,P133,Stapler V1,Office,120,1,3,122
2025-02-10,P141,Storage Box V3,Home,262,4,5,263
2025-02-10,P150,LED Bulb V3,Home,188,1,9,196
2025-02-10,P153,Cleaning Kit V3,Home,405,6,2,401
2025-02-10,P161,Charging Cable V2,Accessories,322,2,4,324
2025-02-10,P168,Desk Mat V3,Accessories,322,3,2,321
2025-02-10,P173,Coffee V2,Grocery,361,1,5,365
2025-02-11,P102,Wireless Mouse V3,Electronics,294,1,1,294
2025-02-11,P108,Headphones V3,Electronics,358,2,4,360
2025-02-11,P113,Webcam V2,Electronics,135,2,4,137
2025-02-11,P115,Bluetooth Speaker V1,Electronics,303,1,4,306
2025-02-11,P156,Laptop Bag V3,Accessories,374,3,1,372
2025-02-11,P163,Power Bank V1,Accessories,370,2,1,369
2025-02-12,P104,Keyboard V2,Electronics,300,1,2,301
2025-02-12,P144,Table Clock V3,Home,181,1,2,182
2025-02-12,P146,Cushion V2,Home,363,2,5,366
2025-02-13,P106,Headphones V1,Electronics,287,1,3,289
2025-02-13,P153,Cleaning Kit V3,Home,301,1,5,305
2025-02-13,P161,Charging Cable V2,Accessories,326,1,5,330
2025-02-13,P169,Travel Pouch V1,Accessories,212,3,9,218
2025-02-13,P171,Travel Pouch V3,Accessories,285,2,6,289
2025-02-14,P106,Headphones V1,Electronics,336,1,4,339
2025-02-14,P140,Storage Box V2,Home,113,1,7,119
2025-02-14,P146,Cushion V2,Home,263,1,7,269
2025-02-14,P154,Laptop Bag V1,Accessories,404,3,8,409
2025-02-14,P168,Desk Mat V3,Accessories,384,1,5,388
2025-02-15,P102,Wireless Mouse V3,Electronics,257,3,7,261
2025-02-15,P115,Bluetooth Speaker V1,Electronics,302,1,5,306
2025-02-15,P118,Notebook V1,Office,361,1,6,366
2025-02-15,P124,Desk Lamp V1,Office,191,2,6,195
2025-02-15,P127,Printer Paper V1,Office,297,6,4,295
2025-02-15,P130,File Folder V1,Office,286,2,5,289
2025-02-15,P137,Water Bottle V2,Home,104,2,3,105
2025-02-15,P168,Desk Mat V3,Accessories,344,1,7,350
2025-02-15,P171,Travel Pouch V3,Accessories,290,5,2,287
2025-02-16,P107,Headphones V2,Electronics,139,2,6,143
2025-02-16,P155,Laptop Bag V2,Accessories,263,1,3,265
2025-02-17,P119,Notebook V2,Office,256,3,4,257
2025-02-17,P134,Stapler V2,Office,269,1,3,271
2025-02-17,P160,Charging Cable V1,Accessories,418,1,3,420
2025-02-18,P106,Headphones V1,Electronics,336,3,10,343
2025-02-18,P116,Bluetooth Speaker V2,Electronics,266,1,9,274
2025-02-18,P120,Notebook V3,Office,150,3,5,152
2025-02-18,P134,Stapler V2,Office,188,1,2,189
2025-02-18,P139,Storage Box V1,Home,139,1,1,139
2025-02-18,P140,Storage Box V2,Home,171,1,4,174
2025-02-18,P144,Table Clock V3,Home,181,1,5,185
2025-02-18,P150,LED Bulb V3,Home,160,1,0,159
2025-02-18,P167,Desk Mat V2,Accessories,247,4,5,248
2025-02-18,P173,Coffee V2,Grocery,246,2,6,250
2025-02-19,P102,Wireless Mouse V3,Electronics,279,2,3,280
2025-02-19,P144,Table Clock V3,Home,253,1,7,259
2025-02-19,P171,Travel Pouch V3,Accessories,302,2,3,303
2025-02-19,P177,Tea V3,Grocery,147,1,4,150
2025-02-20,P102,Wireless Mouse V3,Electronics,327,1,3,329
2025-02-20,P120,Notebook V3,Office,108,3,2,107
2025-02-20,P128,Printer Paper V2,Office,231,2,3,232
2025-02-20,P141,Storage Box V3,Home,270,4,4,270
2025-02-20,P148,LED Bulb V1,Home,154,1,4,157
2025-02-20,P160,Charging Cable V1,Accessories,361,8,3,356
2025-02-20,P163,Power Bank V1,Accessories,397,3,5,399
2025-02-21,P104,Keyboard V2,Electronics,311,4,5,312
2025-02-21,P133,Stapler V1,Office,112,4,0,108
2025-02-21,P145,Cushion V1,Home,163,1,4,166
2025-02-21,P151,Cleaning Kit V1,Home,217,2,4,219
2025-02-22,P105,Keyboard V3,Electronics,183,4,2,181
2025-02-22,P115,Bluetooth Speaker V1,Electronics,265,1,2,266
2025-02-22,P122,Office Chair V2,Office,221,1,3,223
2025-02-22,P123,Office Chair V3,Office,189,1,7,195
2025-02-22,P139,Storage Box V1,Home,198,1,8,205
2025-02-22,P144,Table Clock V3,Home,134,1,5,138
2025-02-22,P173,Coffee V2,Grocery,326,3,8,331
2025-02-22,P179,Biscuits V2,Grocery,238,4,3,237
2025-02-23,P116,Bluetooth Speaker V2,Electronics,325,1,1,325
2025-02-23,P119,Notebook V2,Office,289,5,2,286
2025-02-23,P121,Office Chair V1,Office,370,3,8,375
2025-02-23,P132,File Folder V3,Office,329,2,4,331
2025-02-23,P149,LED Bulb V2,Home,147,2,6,151
2025-02-23,P157,Phone Case V1,Accessories,372,3,3,372
2025-02-23,P169,Travel Pouch V1,Accessories,193,5,3,191
2025-02-23,P178,Biscuits V1,Grocery,322,1,10,331
2025-02-24,P121,Office Chair V1,Office,350,1,3,352
2025-02-24,P158,Phone Case V2,Accessories,333,3,5,335
2025-02-25,P133,Stapler V1,Office,183,2,5,186
2025-02-25,P156,Laptop Bag V3,Accessories,325,5,5,325
2025-02-25,P158,Phone Case V2,Accessories,326,3,6,329
2025-02-25,P160,Charging Cable V1,Accessories,366,6,0,360
2025-02-26,P117,Bluetooth Speaker V3,Electronics,180,2,5,183
2025-02-26,P123,Office Chair V3,Office,57,2,0,55
2025-02-26,P142,Table Clock V1,Home,170,2,2,170
2025-02-26,P144,Table Clock V3,Home,189,1,1,189
2025-02-26,P154,Laptop Bag V1,Accessories,374,2,3,375
2025-02-27,P149,LED Bulb V2,Home,170,1,3,172
2025-02-28,P110,USB Hub V2,Electronics,400,1,7,406
2025-02-28,P144,Table Clock V3,Home,193,1,6,198
2025-02-28,P149,LED Bulb V2,Home,117,6,11,122
2025-02-28,P163,Power Bank V1,Accessories,297,2,6,301
2025-02-28,P169,Travel Pouch V1,Accessories,289,5,4,288
2025-03-01,P122,Office Chair V2,Office,125,4,7,128
2025-03-01,P161,Charging Cable V2,Accessories,268,1,2,269
2025-03-02,P103,Keyboard V1,Electronics,264,4,5,265
2025-03-02,P114,Webcam V3,Electronics,387,1,3,389
2025-03-02,P117,Bluetooth Speaker V3,Electronics,303,1,2,304
2025-03-02,P138,Water Bottle V3,Home,70,1,1,70
2025-03-02,P158,Phone Case V2,Accessories,189,2,2,189
2025-03-02,P162,Charging Cable V3,Accessories,163,3,4,164
2025-03-03,P101,Wireless Mouse V2,Electronics,200,2,1,199
2025-03-03,P115,Bluetooth Speaker V1,Electronics,251,3,6,254
2025-03-03,P122,Office Chair V2,Office,207,1,7,213
2025-03-03,P129,Printer Paper V3,Office,249,2,3,250
2025-03-03,P133,Stapler V1,Office,165,2,2,165
2025-03-03,P136,Water Bottle V1,Home,199,1,3,201
2025-03-03,P143,Table Clock V2,Home,135,2,4,137
2025-03-03,P158,Phone Case V2,Accessories,204,4,4,204
2025-03-03,P167,Desk Mat V2,Accessories,191,2,7,196
2025-03-03,P175,Tea V1,Grocery,202,1,4,205
2025-03-04,P139,Storage Box V1,Home,199,2,1,198
2025-03-04,P149,LED Bulb V2,Home,138,1,5,142
2025-03-04,P176,Tea V2,Grocery,331,1,5,335
2025-03-04,P178,Biscuits V1,Grocery,266,6,3,263
2025-03-05,P105,Keyboard V3,Electronics,231,3,0,228
2025-03-05,P130,File Folder V1,Office,291,2,2,291
2025-03-05,P152,Cleaning Kit V2,Home,177,3,2,176
2025-03-05,P163,Power Bank V1,Accessories,394,4,5,395
2025-03-05,P173,Coffee V2,Grocery,286,3,7,290
2025-03-06,P114,Webcam V3,Electronics,380,1,3,382
2025-03-06,P116,Bluetooth Speaker V2,Electronics,218,1,1,218
2025-03-06,P134,Stapler V2,Office,312,3,3,312
2025-03-06,P137,Water Bottle V2,Home,121,2,5,124
2025-03-06,P147,Cushion V3,Home,309,3,3,309
2025-03-06,P159,Phone Case V3,Accessories,214,5,8,217
2025-03-06,P160,Charging Cable V1,Accessories,361,4,5,362
2025-03-06,P162,Charging Cable V3,Accessories,74,1,2,75
2025-03-06,P169,Travel Pouch V1,Accessories,195,1,6,200
2025-03-07,P111,USB Hub V3,Electronics,400,1,1,400
2025-03-07,P123,Office Chair V3,Office,183,2,0,181
2025-03-07,P144,Table Clock V3,Home,207,1,4,210
2025-03-07,P147,Cushion V3,Home,342,2,4,344
2025-03-08,P103,Keyboard V1,Electronics,277,4,4,277
2025-03-08,P170,Travel Pouch V2,Accessories,271,1,6,276
2025-03-09,P103,Keyboard V1,Electronics,211,1,5,215
2025-03-09,P124,Desk Lamp V1,Office,192,3,2,191
2025-03-09,P145,Cushion V1,Home,53,1,3,55
2025-03-09,P158,Phone Case V2,Accessories,228,4,4,228
2025-03-09,P172,Coffee V1,Grocery,242,5,5,242
2025-03-10,P106,Headphones V1,Electronics,324,3,3,324
2025-03-10,P140,Storage Box V2,Home,192,4,3,191
2025-03-10,P148,LED Bulb V1,Home,236,5,6,237
2025-03-10,P178,Biscuits V1,Grocery,316,2,5,319
2025-03-11,P107,Headphones V2,Electronics,92,1,6,97
2025-03-11,P109,USB Hub V1,Electronics,170,3,5,172
2025-03-11,P138,Water Bottle V3,Home,119,1,2,120
2025-03-11,P149,LED Bulb V2,Home,170,2,7,175
2025-03-11,P151,Cleaning Kit V1,Home,114,2,3,115
2025-03-12,P104,Keyboard V2,Electronics,408,3,4,409
2025-03-12,P149,LED Bulb V2,Home,166,3,3,166
2025-03-13,P103,Keyboard V1,Electronics,270,1,3,272
2025-03-13,P114,Webcam V3,Electronics,290,3,6,293
2025-03-13,P118,Notebook V1,Office,286,1,3,288
2025-03-13,P132,File Folder V3,Office,213,3,3,213
2025-03-13,P137,Water Bottle V2,Home,155,1,3,157
2025-03-13,P141,Storage Box V3,Home,360,5,8,363
2025-03-13,P144,Table Clock V3,Home,265,1,5,269
2025-03-13,P145,Cushion V1,Home,192,1,3,194
2025-03-13,P147,Cushion V3,Home,256,1,4,259
2025-03-13,P150,LED Bulb V3,Home,213,3,5,215
2025-03-13,P168,Desk Mat V3,Accessories,423,2,4,425
2025-03-13,P179,Biscuits V2,Grocery,243,2,2,243
2025-03-14,P146,Cushion V2,Home,348,2,7,353
2025-03-14,P179,Biscuits V2,Grocery,192,2,6,196
2025-03-15,P108,Headphones V3,Electronics,342,4,4,342
2025-03-15,P174,Coffee V3,Grocery,243,4,1,240
2025-03-16,P105,Keyboard V3,Electronics,223,4,9,228
2025-03-16,P119,Notebook V2,Office,308,2,0,306
2025-03-16,P149,LED Bulb V2,Home,112,2,4,114
2025-03-16,P153,Cleaning Kit V3,Home,310,6,2,306
2025-03-16,P162,Charging Cable V3,Accessories,68,2,3,69
2025-03-16,P163,Power Bank V1,Accessories,418,2,2,418
2025-03-16,P173,Coffee V2,Grocery,294,2,2,294
2025-03-17,P118,Notebook V1,Office,314,3,7,318
2025-03-17,P135,Stapler V3,Office,385,1,6,390
2025-03-17,P149,LED Bulb V2,Home,72,2,2,72
2025-03-18,P104,Keyboard V2,Electronics,304,1,1,304
2025-03-18,P121,Office Chair V1,Office,250,3,3,250
2025-03-18,P150,LED Bulb V3,Home,249,4,5,250
2025-03-18,P153,Cleaning Kit V3,Home,297,1,3,299
2025-03-18,P168,Desk Mat V3,Accessories,326,1,2,327
2025-03-18,P172,Coffee V1,Grocery,169,1,1,169
2025-03-19,P139,Storage Box V1,Home,155,3,3,155
2025-03-19,P143,Table Clock V2,Home,191,1,1,191
2025-03-20,P126,Desk Lamp V3,Office,290,3,5,292
2025-03-20,P129,Printer Paper V3,Office,203,1,2,204
2025-03-20,P137,Water Bottle V2,Home,106,2,2,106
2025-03-20,P149,LED Bulb V2,Home,140,1,2,141
2025-03-20,P152,Cleaning Kit V2,Home,224,3,2,223
2025-03-20,P171,Travel Pouch V3,Accessories,291,3,3,291
2025-03-21,P123,Office Chair V3,Office,152,5,3,150
2025-03-21,P141,Storage Box V3,Home,334,3,7,338
2025-03-21,P151,Cleaning Kit V1,Home,262,1,4,265
2025-03-21,P168,Desk Mat V3,Accessories,374,1,5,378
2025-03-22,P134,Stapler V2,Office,235,4,4,235
2025-03-22,P140,Storage Box V2,Home,196,2,6,200
2025-03-22,P142,Table Clock V1,Home,146,1,3,148
2025-03-22,P150,LED Bulb V3,Home,232,2,6,236
2025-03-22,P151,Cleaning Kit V1,Home,150,3,3,150
2025-03-22,P158,Phone Case V2,Accessories,217,2,4,219
2025-03-23,P107,Headphones V2,Electronics,191,4,3,190
2025-03-23,P125,Desk Lamp V2,Office,231,1,3,233
2025-03-23,P142,Table Clock V1,Home,160,2,7,165
2025-03-23,P145,Cushion V1,Home,161,2,4,163
2025-03-23,P148,LED Bulb V1,Home,154,2,6,158
2025-03-23,P157,Phone Case V1,Accessories,373,2,5,376
2025-03-24,P116,Bluetooth Speaker V2,Electronics,206,3,5,208
2025-03-24,P117,Bluetooth Speaker V3,Electronics,189,2,2,189
2025-03-24,P125,Desk Lamp V2,Office,268,2,3,269
2025-03-24,P145,Cushion V1,Home,55,3,6,58
2025-03-24,P158,Phone Case V2,Accessories,332,1,3,334
2025-03-25,P135,Stapler V3,Office,268,1,8,275
2025-03-25,P144,Table Clock V3,Home,190,3,6,193
2025-03-25,P152,Cleaning Kit V2,Home,140,3,4,141
2025-03-25,P162,Charging Cable V3,Accessories,186,1,4,189
2025-03-25,P177,Tea V3,Grocery,171,3,5,173
2025-03-26,P107,Headphones V2,Electronics,65,2,5,68
2025-03-26,P139,Storage Box V1,Home,90,4,9,95
2025-03-26,P152,Cleaning Kit V2,Home,125,2,3,126
2025-03-27,P111,USB Hub V3,Electronics,410,1,5,414
2025-03-27,P130,File Folder V1,Office,384,4,9,389
2025-03-27,P139,Storage Box V1,Home,116,3,6,119
2025-03-27,P157,Phone Case V1,Accessories,361,1,4,364
2025-03-27,P163,Power Bank V1,Accessories,341,3,5,343
2025-03-27,P167,Desk Mat V2,Accessories,300,2,2,300
2025-03-27,P168,Desk Mat V3,Accessories,441,3,4,442
2025-03-27,P174,Coffee V3,Grocery,155,1,7,161
2025-03-27,P177,Tea V3,Grocery,160,1,2,161
2025-03-28,P117,Bluetooth Speaker V3,Electronics,275,3,4,276
2025-03-28,P127,Printer Paper V1,Office,404,2,4,406
2025-03-28,P140,Storage Box V2,Home,129,4,5,130
2025-03-28,P151,Cleaning Kit V1,Home,228,2,4,230
2025-03-28,P170,Travel Pouch V2,Accessories,221,2,2,221
2025-03-29,P101,Wireless Mouse V2,Electronics,280,3,6,283
2025-03-29,P141,Storage Box V3,Home,341,1,1,341
2025-03-29,P179,Biscuits V2,Grocery,244,2,3,245
2025-03-30,P137,Water Bottle V2,Home,129,1,4,132
2025-03-30,P162,Charging Cable V3,Accessories,178,1,4,181
2025-03-30,P171,Travel Pouch V3,Accessories,233,4,3,232
2025-03-30,P173,Coffee V2,Grocery,214,1,5,218
2025-03-31,P129,Printer Paper V3,Office,281,2,6,285
2025-03-31,P133,Stapler V1,Office,81,3,7,85
2025-03-31,P157,Phone Case V1,Accessories,332,3,5,334
2025-03-31,P165,Power Bank V3,Accessories,156,3,6,159
2025-03-31,P179,Biscuits V2,Grocery,213,3,2,212
2025-04-01,P103,Keyboard V1,Electronics,240,3,5,242
2025-04-01,P109,USB Hub V1,Electronics,165,3,2,164
2025-04-01,P120,Notebook V3,Office,168,6,6,168
2025-04-01,P171,Travel Pouch V3,Accessories,213,1,5,217
2025-04-02,P100,Wireless Mouse V1,Electronics,171,1,7,177
2025-04-02,P101,Wireless Mouse V2,Electronics,275,6,7,276
2025-04-02,P106,Headphones V1,Electronics,291,3,4,292
2025-04-02,P108,Headphones V3,Electronics,337,2,0,335
2025-04-02,P122,Office Chair V2,Office,172,3,2,171
2025-04-03,P113,Webcam V2,Electronics,170,4,6,172
2025-04-03,P120,Notebook V3,Office,127,5,2,124
2025-04-03,P128,Printer Paper V2,Office,193,4,1,190
2025-04-03,P130,File Folder V1,Office,370,2,4,372
2025-04-03,P135,Stapler V3,Office,381,5,5,381
2025-04-03,P154,Laptop Bag V1,Accessories,418,4,1,415
2025-04-03,P156,Laptop Bag V3,Accessories,372,1,3,374
2025-04-03,P165,Power Bank V3,Accessories,111,4,3,110
2025-04-03,P174,Coffee V3,Grocery,223,2,1,222
2025-04-04,P140,Storage Box V2,Home,124,1,2,125
2025-04-04,P153,Cleaning Kit V3,Home,426,5,12,433
2025-04-04,P176,Tea V2,Grocery,317,1,6,322
2025-04-05,P102,Wireless Mouse V3,Electronics,346,1,4,349
2025-04-05,P107,Headphones V2,Electronics,169,3,7,173
2025-04-05,P110,USB Hub V2,Electronics,263,3,5,265
2025-04-05,P114,Webcam V3,Electronics,344,2,5,347
2025-04-05,P133,Stapler V1,Office,148,2,5,151
2025-04-05,P141,Storage Box V3,Home,215,1,5,219
2025-04-05,P161,Charging Cable V2,Accessories,288,2,6,292
2025-04-06,P114,Webcam V3,Electronics,426,3,4,427
2025-04-06,P129,Printer Paper V3,Office,246,1,7,252
2025-04-06,P137,Water Bottle V2,Home,138,2,6,142
2025-04-06,P147,Cushion V3,Home,225,7,6,224
2025-04-07,P104,Keyboard V2,Electronics,330,1,1,330
2025-04-07,P116,Bluetooth Speaker V2,Electronics,201,3,4,202
2025-04-07,P129,Printer Paper V3,Office,331,1,1,331
2025-04-07,P136,Water Bottle V1,Home,243,2,3,244
2025-04-07,P147,Cushion V3,Home,249,2,5,252
2025-04-07,P150,LED Bulb V3,Home,188,1,5,192
2025-04-07,P155,Laptop Bag V2,Accessories,252,1,0,251
2025-04-07,P159,Phone Case V3,Accessories,299,1,4,302
2025-04-07,P179,Biscuits V2,Grocery,168,4,6,170
2025-04-08,P123,Office Chair V3,Office,63,2,5,66
2025-04-08,P148,LED Bulb V1,Home,160,2,6,164
2025-04-08,P169,Travel Pouch V1,Accessories,262,2,6,266
2025-04-08,P175,Tea V1,Grocery,137,2,8,143
2025-04-08,P177,Tea V3,Grocery,84,2,4,86
2025-04-09,P125,Desk Lamp V2,Office,244,2,3,245
2025-04-09,P149,LED Bulb V2,Home,136,5,2,133
2025-04-09,P179,Biscuits V2,Grocery,193,3,2,192
2025-04-10,P104,Keyboard V2,Electronics,389,2,5,392
2025-04-10,P110,USB Hub V2,Electronics,316,2,3,317
2025-04-10,P111,USB Hub V3,Electronics,310,1,2,311
2025-04-10,P112,Webcam V1,Electronics,369,1,1,369
2025-04-10,P128,Printer Paper V2,Office,168,1,3,170
2025-04-10,P134,Stapler V2,Office,196,4,4,196
2025-04-10,P147,Cushion V3,Home,332,1,2,333
2025-04-10,P152,Cleaning Kit V2,Home,99,1,6,104
2025-04-11,P112,Webcam V1,Electronics,319,5,2,316
2025-04-11,P124,Desk Lamp V1,Office,182,1,2,183
2025-04-11,P127,Printer Paper V1,Office,324,7,5,322
2025-04-11,P135,Stapler V3,Office,269,8,4,265
2025-04-12,P103,Keyboard V1,Electronics,180,2,8,186
2025-04-12,P170,Travel Pouch V2,Accessories,144,1,2,145
2025-04-12,P177,Tea V3,Grocery,186,3,4,187
2025-04-13,P102,Wireless Mouse V3,Electronics,295,1,7,301
2025-04-13,P106,Headphones V1,Electronics,295,1,5,299
2025-04-13,P118,Notebook V1,Office,257,2,1,256
2025-04-13,P120,Notebook V3,Office,100,5,3,98
2025-04-13,P175,Tea V1,Grocery,139,2,8,145
2025-04-14,P116,Bluetooth Speaker V2,Electronics,245,1,6,250
2025-04-14,P118,Notebook V1,Office,373,3,2,372
2025-04-14,P127,Printer Paper V1,Office,336,2,3,337
2025-04-14,P132,File Folder V3,Office,349,1,6,354
2025-04-14,P134,Stapler V2,Office,295,2,7,300
2025-04-14,P145,Cushion V1,Home,161,4,3,160
2025-04-14,P147,Cushion V3,Home,219,1,2,220
2025-04-14,P173,Coffee V2,Grocery,232,1,5,236
2025-04-14,P176,Tea V2,Grocery,312,1,4,315
2025-04-15,P105,Keyboard V3,Electronics,110,2,0,108
2025-04-15,P117,Bluetooth Speaker V3,Electronics,322,1,3,324
2025-04-15,P118,Notebook V1,Office,290,1,4,293
2025-04-15,P131,File Folder V2,Office,188,2,3,189
2025-04-15,P132,File Folder V3,Office,289,4,3,288
2025-04-15,P143,Table Clock V2,Home,128,1,1,128
2025-04-15,P146,Cushion V2,Home,362,1,3,364
2025-04-15,P161,Charging Cable V2,Accessories,304,3,4,305
2025-04-15,P166,Desk Mat V1,Accessories,74,1,8,81
2025-04-16,P131,File Folder V2,Office,257,2,6,261
2025-04-16,P136,Water Bottle V1,Home,251,1,4,254
2025-04-16,P169,Travel Pouch V1,Accessories,293,1,2,294
2025-04-17,P102,Wireless Mouse V3,Electronics,352,2,2,352
2025-04-17,P107,Headphones V2,Electronics,98,1,6,103
2025-04-17,P123,Office Chair V3,Office,141,3,5,143
2025-04-17,P131,File Folder V2,Office,259,2,1,258
2025-04-17,P135,Stapler V3,Office,289,5,2,286
2025-04-17,P147,Cushion V3,Home,272,1,4,275
2025-04-17,P168,Desk Mat V3,Accessories,397,2,6,401
2025-04-17,P169,Travel Pouch V1,Accessories,208,3,3,208
2025-04-18,P105,Keyboard V3,Electronics,133,3,4,134
2025-04-18,P108,Headphones V3,Electronics,415,1,5,419
2025-04-18,P109,USB Hub V1,Electronics,207,3,3,207
2025-04-18,P119,Notebook V2,Office,293,3,2,292
2025-04-18,P122,Office Chair V2,Office,149,2,1,148
2025-04-18,P149,LED Bulb V2,Home,79,3,3,79
2025-04-19,P100,Wireless Mouse V1,Electronics,180,1,5,184
2025-04-19,P116,Bluetooth Speaker V2,Electronics,210,5,2,207
2025-04-19,P117,Bluetooth Speaker V3,Electronics,199,5,3,197
2025-04-19,P127,Printer Paper V1,Office,400,1,4,403
2025-04-19,P137,Water Bottle V2,Home,130,1,4,133
2025-04-19,P156,Laptop Bag V3,Accessories,335,2,5,338
2025-04-20,P110,USB Hub V2,Electronics,285,4,2,283
2025-04-20,P115,Bluetooth Speaker V1,Electronics,344,2,2,344
2025-04-20,P125,Desk Lamp V2,Office,323,3,3,323
2025-04-20,P148,LED Bulb V1,Home,157,3,3,157
2025-04-20,P153,Cleaning Kit V3,Home,301,2,5,304
2025-04-20,P160,Charging Cable V1,Accessories,352,3,6,355
2025-04-20,P172,Coffee V1,Grocery,112,3,10,119
2025-04-20,P173,Coffee V2,Grocery,240,1,5,244
2025-04-21,P126,Desk Lamp V3,Office,288,1,1,288
2025-04-21,P134,Stapler V2,Office,212,6,2,208
2025-04-21,P137,Water Bottle V2,Home,185,2,2,185
2025-04-22,P132,File Folder V3,Office,219,1,5,223
2025-04-22,P148,LED Bulb V1,Home,262,1,5,266
2025-04-22,P163,Power Bank V1,Accessories,306,1,4,309
2025-04-23,P146,Cushion V2,Home,296,2,2,296
2025-04-24,P110,USB Hub V2,Electronics,387,3,4,388
2025-04-24,P133,Stapler V1,Office,170,1,4,173
2025-04-24,P139,Storage Box V1,Home,89,1,1,89
2025-04-24,P157,Phone Case V1,Accessories,320,2,3,321
2025-04-24,P159,Phone Case V3,Accessories,242,3,5,244
2025-04-25,P106,Headphones V1,Electronics,381,2,1,380
2025-04-25,P118,Notebook V1,Office,303,2,3,304
2025-04-25,P123,Office Chair V3,Office,118,2,3,119
2025-04-25,P147,Cushion V3,Home,292,2,3,293
2025-04-25,P156,Laptop Bag V3,Accessories,317,9,1,309
2025-04-25,P159,Phone Case V3,Accessories,288,6,1,283
2025-04-25,P170,Travel Pouch V2,Accessories,229,5,6,230
2025-04-25,P175,Tea V1,Grocery,117,1,5,121
2025-04-26,P105,Keyboard V3,Electronics,108,2,4,110
2025-04-26,P126,Desk Lamp V3,Office,299,2,5,302
2025-04-26,P135,Stapler V3,Office,354,1,5,358
2025-04-26,P147,Cushion V3,Home,267,1,0,266
2025-04-26,P152,Cleaning Kit V2,Home,236,2,5,239
2025-04-26,P166,Desk Mat V1,Accessories,195,2,6,199
2025-04-27,P143,Table Clock V2,Home,158,1,4,161
2025-04-27,P165,Power Bank V3,Accessories,109,1,1,109
2025-04-27,P171,Travel Pouch V3,Accessories,270,2,8,276
2025-04-28,P155,Laptop Bag V2,Accessories,257,3,1,255
2025-04-29,P114,Webcam V3,Electronics,313,3,3,313
2025-04-29,P116,Bluetooth Speaker V2,Electronics,302,3,2,301
2025-04-29,P117,Bluetooth Speaker V3,Electronics,207,10,1,198
2025-04-29,P125,Desk Lamp V2,Office,318,1,6,323
2025-04-29,P136,Water Bottle V1,Home,229,1,7,235
2025-04-29,P138,Water Bottle V3,Home,162,2,4,164
2025-04-29,P153,Cleaning Kit V3,Home,413,1,5,417
2025-04-29,P164,Power Bank V2,Accessories,233,2,5,236
2025-04-30,P152,Cleaning Kit V2,Home,217,3,4,218
2025-04-30,P153,Cleaning Kit V3,Home,436,4,4,436
2025-04-30,P157,Phone Case V1,Accessories,374,3,2,373
2025-04-30,P164,Power Bank V2,Accessories,203,2,6,207
2025-05-01,P103,Keyboard V1,Electronics,287,1,4,290
2025-05-01,P104,Keyboard V2,Electronics,349,3,9,355
2025-05-01,P120,Notebook V3,Office,109,6,3,106
2025-05-01,P136,Water Bottle V1,Home,270,1,2,271
2025-05-01,P138,Water Bottle V3,Home,138,1,6,143
2025-05-01,P160,Charging Cable V1,Accessories,429,2,3,430
2025-05-02,P114,Webcam V3,Electronics,323,1,0,322
2025-05-02,P127,Printer Paper V1,Office,383,2,7,388
2025-05-02,P128,Printer Paper V2,Office,217,4,2,215
2025-05-02,P130,File Folder V1,Office,314,1,6,319
2025-05-02,P137,Water Bottle V2,Home,55,4,3,54
2025-05-02,P158,Phone Case V2,Accessories,305,3,5,307
2025-05-02,P163,Power Bank V1,Accessories,351,4,3,350
2025-05-02,P174,Coffee V3,Grocery,271,3,7,275
2025-05-03,P101,Wireless Mouse V2,Electronics,169,1,5,173
2025-05-03,P105,Keyboard V3,Electronics,127,3,5,129
2025-05-03,P152,Cleaning Kit V2,Home,168,4,3,167
2025-05-03,P157,Phone Case V1,Accessories,239,2,5,242
2025-05-03,P159,Phone Case V3,Accessories,298,4,12,306
2025-05-03,P176,Tea V2,Grocery,373,2,0,371
2025-05-04,P115,Bluetooth Speaker V1,Electronics,349,4,4,349
2025-05-04,P124,Desk Lamp V1,Office,290,4,7,293
2025-05-04,P141,Storage Box V3,Home,347,4,2,345
2025-05-04,P142,Table Clock V1,Home,208,1,5,212
2025-05-04,P157,Phone Case V1,Accessories,258,2,4,260
2025-05-05,P112,Webcam V1,Electronics,348,4,4,348
2025-05-05,P121,Office Chair V1,Office,358,3,4,359
2025-05-05,P129,Printer Paper V3,Office,204,1,3,206
2025-05-05,P134,Stapler V2,Office,221,1,4,224
2025-05-05,P137,Water Bottle V2,Home,192,2,6,196
2025-05-05,P143,Table Clock V2,Home,132,1,0,131
2025-05-05,P167,Desk Mat V2,Accessories,216,2,8,222
2025-05-05,P176,Tea V2,Grocery,271,2,2,271
2025-05-06,P132,File Folder V3,Office,207,2,1,206
2025-05-06,P133,Stapler V1,Office,80,3,5,82
2025-05-06,P138,Water Bottle V3,Home,200,3,3,200
2025-05-06,P150,LED Bulb V3,Home,121,4,8,125
2025-05-06,P160,Charging Cable V1,Accessories,319,1,8,326
2025-05-06,P170,Travel Pouch V2,Accessories,250,6,6,250
2025-05-07,P113,Webcam V2,Electronics,193,2,3,194
2025-05-07,P123,Office Chair V3,Office,84,2,1,83
2025-05-07,P134,Stapler V2,Office,279,3,5,281
2025-05-07,P175,Tea V1,Grocery,232,4,2,230
2025-05-08,P110,USB Hub V2,Electronics,286,1,6,291
2025-05-08,P128,Printer Paper V2,Office,180,3,4,181
2025-05-08,P170,Travel Pouch V2,Accessories,204,1,1,204
2025-05-09,P115,Bluetooth Speaker V1,Electronics,277,1,0,276
2025-05-09,P122,Office Chair V2,Office,88,8,1,81
2025-05-09,P140,Storage Box V2,Home,181,1,2,182
2025-05-09,P144,Table Clock V3,Home,257,7,4,254
2025-05-09,P164,Power Bank V2,Accessories,247,1,3,249
2025-05-10,P116,Bluetooth Speaker V2,Electronics,257,1,2,258
2025-05-10,P120,Notebook V3,Office,120,4,6,122
2025-05-10,P140,Storage Box V2,Home,138,1,2,139
2025-05-10,P143,Table Clock V2,Home,112,1,6,117
2025-05-10,P159,Phone Case V3,Accessories,290,1,6,295
2025-05-10,P167,Desk Mat V2,Accessories,303,3,7,307
2025-05-10,P179,Biscuits V2,Grocery,277,2,3,278
2025-05-11,P107,Headphones V2,Electronics,163,2,1,162
2025-05-11,P134,Stapler V2,Office,240,6,6,240
2025-05-11,P139,Storage Box V1,Home,70,3,5,72
2025-05-11,P144,Table Clock V3,Home,198,5,3,196
2025-05-11,P158,Phone Case V2,Accessories,201,2,3,202
2025-05-11,P169,Travel Pouch V1,Accessories,274,1,3,276
2025-05-12,P100,Wireless Mouse V1,Electronics,180,1,2,181
2025-05-12,P114,Webcam V3,Electronics,361,2,3,362
2025-05-12,P122,Office Chair V2,Office,224,4,2,222
2025-05-12,P135,Stapler V3,Office,317,8,2,311
2025-05-12,P147,Cushion V3,Home,336,2,2,336
2025-05-12,P159,Phone Case V3,Accessories,316,1,4,319
2025-05-12,P170,Travel Pouch V2,Accessories,174,1,4,177
2025-05-12,P175,Tea V1,Grocery,170,2,3,171
2025-05-12,P176,Tea V2,Grocery,388,3,5,390
2025-05-13,P113,Webcam V2,Electronics,163,1,6,168
2025-05-13,P143,Table Clock V2,Home,201,3,2,200
2025-05-13,P144,Table Clock V3,Home,254,7,7,254
2025-05-13,P154,Laptop Bag V1,Accessories,309,1,4,312
2025-05-13,P156,Laptop Bag V3,Accessories,302,3,6,305
2025-05-13,P160,Charging Cable V1,Accessories,341,1,6,346
2025-05-13,P163,Power Bank V1,Accessories,434,3,1,432
2025-05-13,P168,Desk Mat V3,Accessories,356,3,5,358
2025-05-14,P107,Headphones V2,Electronics,116,1,2,117
2025-05-14,P111,USB Hub V3,Electronics,338,4,3,337
2025-05-14,P144,Table Clock V3,Home,221,1,6,226
2025-05-14,P161,Charging Cable V2,Accessories,291,4,11,298
2025-05-15,P169,Travel Pouch V1,Accessories,255,2,6,259
2025-05-16,P104,Keyboard V2,Electronics,349,1,8,356
2025-05-16,P123,Office Chair V3,Office,119,2,2,119
2025-05-16,P124,Desk Lamp V1,Office,237,2,6,241
2025-05-16,P136,Water Bottle V1,Home,196,4,4,196
2025-05-16,P141,Storage Box V3,Home,329,4,7,332
2025-05-16,P145,Cushion V1,Home,106,2,7,111
2025-05-16,P155,Laptop Bag V2,Accessories,268,2,3,269
2025-05-16,P157,Phone Case V1,Accessories,297,3,2,296
2025-05-16,P176,Tea V2,Grocery,335,1,7,341
2025-05-17,P103,Keyboard V1,Electronics,225,2,6,229
2025-05-17,P109,USB Hub V1,Electronics,213,4,4,213
2025-05-17,P120,Notebook V3,Office,156,1,3,158
2025-05-17,P121,Office Chair V1,Office,298,3,4,299
2025-05-17,P137,Water Bottle V2,Home,65,3,5,67
2025-05-17,P140,Storage Box V2,Home,156,1,2,157
2025-05-17,P141,Storage Box V3,Home,308,2,6,312
2025-05-17,P147,Cushion V3,Home,341,6,5,340
2025-05-17,P149,LED Bulb V2,Home,55,2,6,59
2025-05-17,P154,Laptop Bag V1,Accessories,361,3,6,364
2025-05-18,P160,Charging Cable V1,Accessories,359,5,1,355
2025-05-19,P113,Webcam V2,Electronics,171,2,5,174
2025-05-19,P142,Table Clock V1,Home,129,2,6,133
2025-05-19,P161,Charging Cable V2,Accessories,348,5,4,347
2025-05-20,P111,USB Hub V3,Electronics,276,1,5,280
2025-05-20,P114,Webcam V3,Electronics,399,1,2,400
2025-05-20,P119,Notebook V2,Office,220,1,4,223
2025-05-20,P125,Desk Lamp V2,Office,253,3,5,255
2025-05-20,P172,Coffee V1,Grocery,168,1,2,169
2025-05-21,P129,Printer Paper V3,Office,333,4,1,330
2025-05-21,P158,Phone Case V2,Accessories,191,3,3,191
2025-05-21,P174,Coffee V3,Grocery,215,2,3,216
2025-05-21,P175,Tea V1,Grocery,215,2,2,215
2025-05-22,P118,Notebook V1,Office,331,4,1,328
2025-05-22,P119,Notebook V2,Office,359,4,7,362
2025-05-22,P120,Notebook V3,Office,165,1,3,167
2025-05-22,P129,Printer Paper V3,Office,326,2,2,326
2025-05-22,P135,Stapler V3,Office,365,1,3,367
2025-05-22,P151,Cleaning Kit V1,Home,125,1,5,129
2025-05-22,P158,Phone Case V2,Accessories,218,2,10,226
2025-05-22,P171,Travel Pouch V3,Accessories,206,1,3,208
2025-05-23,P104,Keyboard V2,Electronics,330,1,5,334
2025-05-23,P107,Headphones V2,Electronics,175,6,5,174
2025-05-23,P135,Stapler V3,Office,394,1,7,400
2025-05-23,P150,LED Bulb V3,Home,268,3,3,268
2025-05-23,P165,Power Bank V3,Accessories,91,2,3,92
2025-05-24,P100,Wireless Mouse V1,Electronics,212,2,7,217
2025-05-24,P121,Office Chair V1,Office,354,3,2,353
2025-05-24,P129,Printer Paper V3,Office,229,4,3,228
2025-05-24,P137,Water Bottle V2,Home,94,1,2,95
2025-05-24,P167,Desk Mat V2,Accessories,297,1,6,302
2025-05-24,P177,Tea V3,Grocery,107,3,5,109
2025-05-25,P113,Webcam V2,Electronics,93,5,1,89
2025-05-25,P129,Printer Paper V3,Office,283,4,5,284
2025-05-25,P131,File Folder V2,Office,205,4,3,204
2025-05-25,P134,Stapler V2,Office,233,2,6,237
2025-05-25,P168,Desk Mat V3,Accessories,401,2,3,402
2025-05-25,P171,Travel Pouch V3,Accessories,273,6,4,271
2025-05-25,P173,Coffee V2,Grocery,355,1,1,355
2025-05-25,P177,Tea V3,Grocery,79,4,4,79
2025-05-26,P100,Wireless Mouse V1,Electronics,174,1,8,181
2025-05-26,P142,Table Clock V1,Home,213,2,4,215
2025-05-27,P116,Bluetooth Speaker V2,Electronics,344,1,3,346
2025-05-27,P135,Stapler V3,Office,289,3,4,290
2025-05-27,P138,Water Bottle V3,Home,176,2,8,182
2025-05-27,P142,Table Clock V1,Home,96,2,4,98
2025-05-27,P154,Laptop Bag V1,Accessories,318,1,3,320
2025-05-27,P155,Laptop Bag V2,Accessories,283,1,4,286
2025-05-27,P166,Desk Mat V1,Accessories,124,2,6,128
2025-05-27,P170,Travel Pouch V2,Accessories,186,2,2,186
2025-05-27,P179,Biscuits V2,Grocery,296,1,11,306
2025-05-28,P124,Desk Lamp V1,Office,226,2,3,227
2025-05-28,P142,Table Clock V1,Home,204,2,2,204
2025-05-28,P150,LED Bulb V3,Home,164,4,3,163
2025-05-28,P159,Phone Case V3,Accessories,223,3,4,224
2025-05-28,P171,Travel Pouch V3,Accessories,299,1,6,304
2025-05-28,P177,Tea V3,Grocery,102,1,2,103
2025-05-29,P100,Wireless Mouse V1,Electronics,263,1,6,268
2025-05-29,P108,Headphones V3,Electronics,338,8,7,337
2025-05-29,P122,Office Chair V2,Office,196,2,6,200
2025-05-29,P133,Stapler V1,Office,113,1,3,115
2025-05-29,P159,Phone Case V3,Accessories,202,1,4,205
2025-05-29,P164,Power Bank V2,Accessories,275,5,2,272
2025-05-29,P172,Coffee V1,Grocery,173,1,3,175
2025-05-30,P100,Wireless Mouse V1,Electronics,133,4,5,134
2025-05-30,P128,Printer Paper V2,Office,172,1,3,174
2025-05-30,P141,Storage Box V3,Home,254,1,4,257
2025-05-30,P155,Laptop Bag V2,Accessories,283,1,3,285
2025-05-30,P158,Phone Case V2,Accessories,217,2,3,218
2025-05-30,P163,Power Bank V1,Accessories,364,3,2,363
2025-05-30,P166,Desk Mat V1,Accessories,178,1,9,186
2025-05-30,P168,Desk Mat V3,Accessories,316,1,6,321
2025-05-31,P108,Headphones V3,Electronics,370,2,8,376
2025-05-31,P121,Office Chair V1,Office,333,1,4,336
2025-05-31,P125,Desk Lamp V2,Office,327,3,5,329
2025-05-31,P173,Coffee V2,Grocery,354,2,8,360
2025-06-01,P114,Webcam V3,Electronics,323,3,6,326
2025-06-01,P122,Office Chair V2,Office,98,2,5,101
2025-06-01,P156,Laptop Bag V3,Accessories,300,6,1,295
2025-06-01,P164,Power Bank V2,Accessories,228,1,7,234
2025-06-02,P113,Webcam V2,Electronics,202,2,4,204
2025-06-02,P156,Laptop Bag V3,Accessories,431,2,5,434
2025-06-02,P161,Charging Cable V2,Accessories,237,3,5,239
2025-06-04,P110,USB Hub V2,Electronics,355,1,5,359
2025-06-04,P134,Stapler V2,Office,246,1,3,248
2025-06-04,P144,Table Clock V3,Home,172,4,4,172
2025-06-04,P149,LED Bulb V2,Home,77,3,3,77
2025-06-04,P161,Charging Cable V2,Accessories,328,1,8,335
2025-06-04,P168,Desk Mat V3,Accessories,352,3,7,356
2025-06-05,P112,Webcam V1,Electronics,261,2,2,261
2025-06-05,P115,Bluetooth Speaker V1,Electronics,272,4,2,270
2025-06-05,P123,Office Chair V3,Office,112,2,0,110
2025-06-05,P124,Desk Lamp V1,Office,321,2,4,323
2025-06-05,P128,Printer Paper V2,Office,162,1,3,164
2025-06-05,P135,Stapler V3,Office,319,2,1,318
2025-06-05,P147,Cushion V3,Home,298,1,2,299
2025-06-05,P158,Phone Case V2,Accessories,266,1,5,270
2025-06-05,P172,Coffee V1,Grocery,153,1,7,159
2025-06-06,P109,USB Hub V1,Electronics,213,1,6,218
2025-06-06,P119,Notebook V2,Office,244,2,4,246
2025-06-06,P133,Stapler V1,Office,162,3,5,164
2025-06-06,P135,Stapler V3,Office,328,1,2,329
2025-06-06,P152,Cleaning Kit V2,Home,240,1,7,246
2025-06-06,P169,Travel Pouch V1,Accessories,285,3,6,288
2025-06-06,P176,Tea V2,Grocery,324,2,6,328
2025-06-07,P107,Headphones V2,Electronics,161,3,6,164
2025-06-07,P110,USB Hub V2,Electronics,315,2,5,318
2025-06-07,P119,Notebook V2,Office,223,1,1,223
2025-06-07,P126,Desk Lamp V3,Office,233,1,4,236
2025-06-07,P158,Phone Case V2,Accessories,211,1,4,214
2025-06-07,P178,Biscuits V1,Grocery,287,3,8,292
2025-06-07,P179,Biscuits V2,Grocery,267,4,2,265
2025-06-08,P119,Notebook V2,Office,286,3,5,288
2025-06-08,P121,Office Chair V1,Office,347,2,12,357
2025-06-08,P127,Printer Paper V1,Office,364,2,4,366
2025-06-08,P146,Cushion V2,Home,316,2,3,317
2025-06-08,P150,LED Bulb V3,Home,246,2,3,247
2025-06-08,P152,Cleaning Kit V2,Home,120,2,6,124
2025-06-08,P163,Power Bank V1,Accessories,318,8,3,313
2025-06-09,P102,Wireless Mouse V3,Electronics,372,1,5,376
2025-06-10,P116,Bluetooth Speaker V2,Electronics,339,2,1,338
2025-06-10,P127,Printer Paper V1,Office,375,1,7,381
2025-06-10,P155,Laptop Bag V2,Accessories,267,3,5,269
2025-06-10,P156,Laptop Bag V3,Accessories,377,1,2,378
2025-06-10,P159,Phone Case V3,Accessories,336,1,2,337
2025-06-10,P162,Charging Cable V3,Accessories,64,1,4,67
2025-06-11,P105,Keyboard V3,Electronics,176,3,3,176
2025-06-11,P110,USB Hub V2,Electronics,368,5,4,367
2025-06-11,P119,Notebook V2,Office,277,4,6,279
2025-06-11,P125,Desk Lamp V2,Office,276,4,3,275
2025-06-11,P136,Water Bottle V1,Home,332,1,1,332
2025-06-11,P153,Cleaning Kit V3,Home,377,2,0,375
2025-06-11,P161,Charging Cable V2,Accessories,374,2,6,378
2025-06-11,P163,Power Bank V1,Accessories,370,1,6,375
2025-06-12,P128,Printer Paper V2,Office,92,2,4,94
2025-06-12,P177,Tea V3,Grocery,122,1,5,126
2025-06-13,P150,LED Bulb V3,Home,222,2,4,224
2025-06-13,P171,Travel Pouch V3,Accessories,198,6,2,194
2025-06-14,P121,Office Chair V1,Office,366,2,1,365
2025-06-14,P123,Office Chair V3,Office,143,4,9,148
2025-06-14,P138,Water Bottle V3,Home,73,4,3,72
2025-06-14,P151,Cleaning Kit V1,Home,228,2,4,230
2025-06-14,P160,Charging Cable V1,Accessories,359,2,2,359
2025-06-14,P173,Coffee V2,Grocery,237,1,10,246
2025-06-15,P116,Bluetooth Speaker V2,Electronics,286,1,2,287
2025-06-15,P124,Desk Lamp V1,Office,214,2,4,216
2025-06-15,P158,Phone Case V2,Accessories,261,1,6,266
2025-06-15,P171,Travel Pouch V3,Accessories,181,1,4,184
2025-06-16,P100,Wireless Mouse V1,Electronics,267,1,7,273
2025-06-16,P101,Wireless Mouse V2,Electronics,273,4,6,275
2025-06-16,P130,File Folder V1,Office,281,4,2,279
2025-06-16,P138,Water Bottle V3,Home,70,2,3,71
2025-06-16,P150,LED Bulb V3,Home,268,1,5,272
2025-06-16,P167,Desk Mat V2,Accessories,258,2,4,260
2025-06-17,P120,Notebook V3,Office,185,1,5,189
2025-06-17,P127,Printer Paper V1,Office,319,1,4,322
2025-06-17,P143,Table Clock V2,Home,219,3,3,219
2025-06-17,P161,Charging Cable V2,Accessories,343,1,6,348
2025-06-17,P176,Tea V2,Grocery,391,1,2,392
2025-06-18,P105,Keyboard V3,Electronics,203,2,5,206
2025-06-18,P109,USB Hub V1,Electronics,213,1,5,217
2025-06-18,P128,Printer Paper V2,Office,94,2,3,95
2025-06-18,P162,Charging Cable V3,Accessories,171,3,7,175
2025-06-19,P109,USB Hub V1,Electronics,249,1,1,249
2025-06-19,P131,File Folder V2,Office,205,1,4,208
2025-06-19,P140,Storage Box V2,Home,187,1,3,189
2025-06-19,P159,Phone Case V3,Accessories,227,3,4,228
2025-06-19,P164,Power Bank V2,Accessories,294,1,2,295
2025-06-20,P117,Bluetooth Speaker V3,Electronics,204,1,2,205
2025-06-20,P120,Notebook V3,Office,152,3,3,152
2025-06-20,P124,Desk Lamp V1,Office,196,2,3,197
2025-06-20,P126,Desk Lamp V3,Office,330,2,3,331
2025-06-20,P137,Water Bottle V2,Home,173,1,4,176
2025-06-20,P144,Table Clock V3,Home,252,1,6,257
2025-06-20,P151,Cleaning Kit V1,Home,122,4,2,120
2025-06-20,P160,Charging Cable V1,Accessories,406,2,7,411
2025-06-20,P172,Coffee V1,Grocery,188,2,4,190
2025-06-20,P177,Tea V3,Grocery,64,1,4,67
2025-06-21,P116,Bluetooth Speaker V2,Electronics,239,3,3,239
2025-06-21,P133,Stapler V1,Office,174,2,4,176
2025-06-21,P142,Table Clock V1,Home,147,4,4,147
2025-06-21,P150,LED Bulb V3,Home,135,1,1,135
2025-06-22,P101,Wireless Mouse V2,Electronics,202,2,0,200
2025-06-22,P108,Headphones V3,Electronics,332,1,2,333
2025-06-22,P135,Stapler V3,Office,306,1,4,309
2025-06-22,P149,LED Bulb V2,Home,124,1,2,125
2025-06-22,P166,Desk Mat V1,Accessories,168,2,2,168
2025-06-22,P177,Tea V3,Grocery,142,2,3,143
2025-06-22,P179,Biscuits V2,Grocery,281,3,2,280
2025-06-23,P116,Bluetooth Speaker V2,Electronics,302,1,4,305
2025-06-23,P141,Storage Box V3,Home,306,1,4,309
2025-06-23,P160,Charging Cable V1,Accessories,315,5,5,315
2025-06-23,P165,Power Bank V3,Accessories,214,3,3,214
2025-06-23,P175,Tea V1,Grocery,211,2,3,212
2025-06-24,P103,Keyboard V1,Electronics,176,1,3,178
2025-06-24,P125,Desk Lamp V2,Office,315,2,2,315
2025-06-24,P148,LED Bulb V1,Home,180,4,2,178
2025-06-24,P155,Laptop Bag V2,Accessories,339,2,4,341
2025-06-25,P107,Headphones V2,Electronics,157,1,6,162
2025-06-25,P115,Bluetooth Speaker V1,Electronics,275,1,4,278
2025-06-25,P119,Notebook V2,Office,361,2,3,362
2025-06-25,P138,Water Bottle V3,Home,77,1,2,78
2025-06-25,P140,Storage Box V2,Home,115,2,7,120
2025-06-25,P141,Storage Box V3,Home,232,2,4,234
2025-06-25,P145,Cushion V1,Home,165,4,6,167
2025-06-25,P147,Cushion V3,Home,250,2,5,253
2025-06-25,P155,Laptop Bag V2,Accessories,251,1,10,260
2025-06-25,P166,Desk Mat V1,Accessories,70,1,5,74
2025-06-25,P179,Biscuits V2,Grocery,238,2,0,236
2025-06-26,P103,Keyboard V1,Electronics,240,3,6,243
2025-06-26,P108,Headphones V3,Electronics,390,4,6,392
2025-06-26,P114,Webcam V3,Electronics,321,3,5,323
2025-06-26,P156,Laptop Bag V3,Accessories,402,1,6,407
2025-06-26,P175,Tea V1,Grocery,266,1,5,270
2025-06-27,P105,Keyboard V3,Electronics,121,2,5,124
2025-06-27,P121,Office Chair V1,Office,335,2,7,340
2025-06-27,P123,Office Chair V3,Office,134,1,1,134
2025-06-27,P125,Desk Lamp V2,Office,245,1,4,248
2025-06-27,P132,File Folder V3,Office,274,1,4,277
2025-06-27,P137,Water Bottle V2,Home,125,1,7,131
2025-06-27,P146,Cushion V2,Home,327,2,6,331
2025-06-27,P154,Laptop Bag V1,Accessories,288,3,3,288
2025-06-27,P159,Phone Case V3,Accessories,243,1,4,246
2025-06-27,P174,Coffee V3,Grocery,166,1,9,174
2025-06-28,P125,Desk Lamp V2,Office,236,4,2,234
2025-06-28,P148,LED Bulb V1,Home,171,3,3,171
2025-06-28,P171,Travel Pouch V3,Accessories,311,1,9,319
2025-06-28,P174,Coffee V3,Grocery,238,2,7,243
2025-06-29,P100,Wireless Mouse V1,Electronics,198,3,3,198
2025-06-29,P132,File Folder V3,Office,249,1,4,252
2025-06-29,P138,Water Bottle V3,Home,92,2,3,93
2025-06-29,P168,Desk Mat V3,Accessories,337,2,5,340
2025-06-30,P132,File Folder V3,Office,267,1,5,271
2025-06-30,P155,Laptop Bag V2,Accessories,328,3,4,329
2025-06-30,P160,Charging Cable V1,Accessories,380,1,1,380
2025-06-30,P178,Biscuits V1,Grocery,324,5,5,324
2025-07-01,P105,Keyboard V3,Electronics,113,1,1,113
2025-07-01,P118,Notebook V1,Office,359,3,6,362
2025-07-01,P167,Desk Mat V2,Accessories,337,3,4,338
2025-07-01,P169,Travel Pouch V1,Accessories,214,3,3,214
2025-07-01,P175,Tea V1,Grocery,145,2,4,147
2025-07-02,P104,Keyboard V2,Electronics,399,2,1,398
2025-07-02,P113,Webcam V2,Electronics,218,1,6,223
2025-07-02,P136,Water Bottle V1,Home,251,2,2,251
2025-07-02,P137,Water Bottle V2,Home,163,4,5,164
2025-07-02,P174,Coffee V3,Grocery,195,3,5,197
2025-07-02,P179,Biscuits V2,Grocery,286,2,0,284
2025-07-03,P100,Wireless Mouse V1,Electronics,167,6,5,166
2025-07-03,P104,Keyboard V2,Electronics,273,2,8,279
2025-07-03,P126,Desk Lamp V3,Office,234,6,3,231
2025-07-03,P163,Power Bank V1,Accessories,367,3,5,369
2025-07-03,P174,Coffee V3,Grocery,235,4,3,234
2025-07-04,P109,USB Hub V1,Electronics,252,1,1,252
2025-07-04,P124,Desk Lamp V1,Office,278,1,3,280
2025-07-04,P131,File Folder V2,Office,288,2,4,290
2025-07-04,P135,Stapler V3,Office,373,4,3,372
2025-07-05,P109,USB Hub V1,Electronics,185,1,2,186
2025-07-05,P115,Bluetooth Speaker V1,Electronics,333,3,1,331
2025-07-05,P120,Notebook V3,Office,108,1,3,110
2025-07-05,P123,Office Chair V3,Office,54,4,4,54
2025-07-05,P125,Desk Lamp V2,Office,278,2,4,280
2025-07-05,P159,Phone Case V3,Accessories,206,1,4,209
2025-07-05,P167,Desk Mat V2,Accessories,283,2,4,285
2025-07-05,P173,Coffee V2,Grocery,229,1,3,231
2025-07-06,P101,Wireless Mouse V2,Electronics,249,1,6,254
2025-07-06,P103,Keyboard V1,Electronics,313,1,3,315
2025-07-06,P122,Office Chair V2,Office,140,2,5,143
2025-07-06,P143,Table Clock V2,Home,135,1,3,137
2025-07-06,P156,Laptop Bag V3,Accessories,380,2,5,383
2025-07-07,P117,Bluetooth Speaker V3,Electronics,189,3,6,192
2025-07-07,P119,Notebook V2,Office,225,4,5,226
2025-07-07,P125,Desk Lamp V2,Office,339,1,3,341
2025-07-07,P133,Stapler V1,Office,142,2,2,142
2025-07-07,P160,Charging Cable V1,Accessories,281,3,0,278
2025-07-07,P162,Charging Cable V3,Accessories,76,5,2,73
2025-07-08,P104,Keyboard V2,Electronics,409,3,1,407
2025-07-08,P107,Headphones V2,Electronics,174,3,7,178
2025-07-08,P122,Office Chair V2,Office,160,1,3,162
2025-07-08,P128,Printer Paper V2,Office,153,1,7,159
2025-07-08,P135,Stapler V3,Office,300,4,5,301
2025-07-08,P149,LED Bulb V2,Home,173,5,3,171
2025-07-08,P162,Charging Cable V3,Accessories,175,2,9,182
2025-07-09,P101,Wireless Mouse V2,Electronics,233,4,7,236
2025-07-09,P107,Headphones V2,Electronics,191,3,4,192
2025-07-09,P134,Stapler V2,Office,314,1,6,319
2025-07-09,P151,Cleaning Kit V1,Home,120,2,3,121
2025-07-10,P125,Desk Lamp V2,Office,235,3,5,237
2025-07-10,P152,Cleaning Kit V2,Home,100,4,8,104
2025-07-10,P160,Charging Cable V1,Accessories,308,3,4,309
2025-07-10,P169,Travel Pouch V1,Accessories,251,1,3,253
2025-07-11,P121,Office Chair V1,Office,255,1,2,256
2025-07-11,P133,Stapler V1,Office,167,2,9,174
2025-07-11,P136,Water Bottle V1,Home,315,1,3,317
2025-07-11,P137,Water Bottle V2,Home,53,1,1,53
2025-07-11,P156,Laptop Bag V3,Accessories,333,1,7,339
2025-07-11,P170,Travel Pouch V2,Accessories,158,4,7,161
2025-07-12,P149,LED Bulb V2,Home,72,1,6,77
2025-07-12,P152,Cleaning Kit V2,Home,125,2,5,128
2025-07-12,P159,Phone Case V3,Accessories,322,2,4,324
2025-07-12,P167,Desk Mat V2,Accessories,318,3,4,319
2025-07-13,P140,Storage Box V2,Home,94,2,2,94
2025-07-13,P170,Travel Pouch V2,Accessories,215,3,1,213
2025-07-13,P177,Tea V3,Grocery,131,1,4,134
2025-07-14,P107,Headphones V2,Electronics,142,1,5,146
2025-07-14,P111,USB Hub V3,Electronics,368,1,1,368
2025-07-14,P115,Bluetooth Speaker V1,Electronics,350,1,4,353
2025-07-14,P119,Notebook V2,Office,222,4,5,223
2025-07-14,P130,File Folder V1,Office,333,2,4,335
2025-07-14,P133,Stapler V1,Office,107,2,1,106
2025-07-14,P137,Water Bottle V2,Home,112,1,2,113
2025-07-14,P153,Cleaning Kit V3,Home,364,2,5,367
2025-07-14,P155,Laptop Bag V2,Accessories,214,5,1,210
2025-07-14,P162,Charging Cable V3,Accessories,68,3,3,68
2025-07-15,P139,Storage Box V1,Home,150,4,5,151
2025-07-15,P152,Cleaning Kit V2,Home,146,1,3,148
2025-07-15,P173,Coffee V2,Grocery,345,4,2,343
2025-07-16,P118,Notebook V1,Office,234,1,5,238
2025-07-16,P121,Office Chair V1,Office,362,3,1,360
2025-07-16,P133,Stapler V1,Office,94,2,5,97
2025-07-16,P135,Stapler V3,Office,268,2,3,269
2025-07-16,P138,Water Bottle V3,Home,149,2,5,152
2025-07-17,P120,Notebook V3,Office,159,2,4,161
2025-07-17,P173,Coffee V2,Grocery,332,2,1,331
2025-07-18,P105,Keyboard V3,Electronics,205,3,3,205
2025-07-18,P119,Notebook V2,Office,256,1,8,263
2025-07-18,P131,File Folder V2,Office,193,2,8,199
2025-07-18,P137,Water Bottle V2,Home,80,3,5,82
2025-07-18,P145,Cushion V1,Home,196,1,1,196
2025-07-18,P147,Cushion V3,Home,233,2,6,237
2025-07-18,P172,Coffee V1,Grocery,187,1,2,188
2025-07-18,P176,Tea V2,Grocery,368,1,2,369
2025-07-19,P118,Notebook V1,Office,369,1,7,375
2025-07-19,P132,File Folder V3,Office,213,3,3,213
2025-07-19,P137,Water Bottle V2,Home,122,2,3,123
2025-07-19,P142,Table Clock V1,Home,194,2,3,195
2025-07-19,P174,Coffee V3,Grocery,247,5,4,246
2025-07-20,P101,Wireless Mouse V2,Electronics,276,5,5,276
2025-07-20,P103,Keyboard V1,Electronics,208,2,3,209
2025-07-20,P120,Notebook V3,Office,168,1,2,169
2025-07-20,P144,Table Clock V3,Home,146,2,4,148
2025-07-20,P156,Laptop Bag V3,Accessories,299,4,6,301
2025-07-20,P161,Charging Cable V2,Accessories,285,8,4,281
2025-07-21,P124,Desk Lamp V1,Office,279,4,4,279
2025-07-21,P144,Table Clock V3,Home,177,1,5,181
2025-07-21,P156,Laptop Bag V3,Accessories,354,4,5,355
2025-07-21,P164,Power Bank V2,Accessories,208,5,4,207
2025-07-22,P108,Headphones V3,Electronics,446,3,4,447
2025-07-22,P137,Water Bottle V2,Home,71,2,6,75
2025-07-22,P165,Power Bank V3,Accessories,197,1,2,198
2025-07-22,P169,Travel Pouch V1,Accessories,168,1,2,169
2025-07-23,P105,Keyboard V3,Electronics,145,1,7,151
2025-07-23,P107,Headphones V2,Electronics,135,1,1,135
2025-07-23,P109,USB Hub V1,Electronics,247,3,7,251
2025-07-23,P117,Bluetooth Speaker V3,Electronics,196,6,5,195
2025-07-23,P152,Cleaning Kit V2,Home,239,1,3,241
2025-07-23,P156,Laptop Bag V3,Accessories,428,1,4,431
2025-07-23,P171,Travel Pouch V3,Accessories,262,1,3,264
2025-07-23,P172,Coffee V1,Grocery,180,5,3,178
2025-07-24,P107,Headphones V2,Electronics,87,3,6,90
2025-07-24,P145,Cushion V1,Home,138,1,2,139
2025-07-24,P147,Cushion V3,Home,231,1,5,235
2025-07-24,P163,Power Bank V1,Accessories,359,3,3,359
2025-07-24,P169,Travel Pouch V1,Accessories,205,3,6,208
2025-07-25,P142,Table Clock V1,Home,196,3,2,195
2025-07-26,P105,Keyboard V3,Electronics,167,2,1,166
2025-07-26,P124,Desk Lamp V1,Office,261,1,6,266
2025-07-26,P125,Desk Lamp V2,Office,352,4,5,353
2025-07-26,P154,Laptop Bag V1,Accessories,411,1,5,415
2025-07-26,P155,Laptop Bag V2,Accessories,239,6,8,241
2025-07-26,P160,Charging Cable V1,Accessories,363,2,2,363
2025-07-26,P162,Charging Cable V3,Accessories,65,4,7,68
2025-07-26,P168,Desk Mat V3,Accessories,319,2,2,319
2025-07-26,P170,Travel Pouch V2,Accessories,201,3,5,203
2025-07-27,P157,Phone Case V1,Accessories,365,6,5,364
2025-07-28,P100,Wireless Mouse V1,Electronics,178,1,4,181
2025-07-28,P104,Keyboard V2,Electronics,316,1,4,319
2025-07-28,P116,Bluetooth Speaker V2,Electronics,224,1,6,229
2025-07-28,P144,Table Clock V3,Home,206,3,1,204
2025-07-28,P176,Tea V2,Grocery,374,1,4,377
2025-07-28,P178,Biscuits V1,Grocery,220,3,4,221
2025-07-29,P132,File Folder V3,Office,265,4,2,263
2025-07-29,P137,Water Bottle V2,Home,113,2,2,113
2025-07-29,P168,Desk Mat V3,Accessories,366,2,8,372
2025-07-29,P175,Tea V1,Grocery,253,5,5,253
2025-07-30,P142,Table Clock V1,Home,155,1,5,159
2025-07-30,P145,Cushion V1,Home,126,5,4,125
2025-07-30,P148,LED Bulb V1,Home,172,1,7,178
2025-07-30,P151,Cleaning Kit V1,Home,130,3,9,136
2025-07-30,P166,Desk Mat V1,Accessories,207,1,1,207
2025-07-30,P170,Travel Pouch V2,Accessories,258,4,1,255
2025-07-31,P146,Cushion V2,Home,373,2,2,373
2025-07-31,P152,Cleaning Kit V2,Home,169,1,1,169
2025-07-31,P173,Coffee V2,Grocery,241,1,2,242
2025-08-01,P100,Wireless Mouse V1,Electronics,174,5,2,171
2025-08-01,P115,Bluetooth Speaker V1,Electronics,312,1,1,312
2025-08-01,P119,Notebook V2,Office,350,3,5,352
2025-08-01,P128,Printer Paper V2,Office,197,4,2,195
2025-08-01,P130,File Folder V1,Office,379,1,6,384
2025-08-01,P148,LED Bulb V1,Home,251,2,8,257
2025-08-01,P154,Laptop Bag V1,Accessories,288,3,5,290
2025-08-01,P158,Phone Case V2,Accessories,249,3,6,252
2025-08-02,P112,Webcam V1,Electronics,290,4,4,290
2025-08-02,P116,Bluetooth Speaker V2,Electronics,313,1,4,316
2025-08-02,P166,Desk Mat V1,Accessories,193,3,4,194
2025-08-03,P101,Wireless Mouse V2,Electronics,183,3,5,185
2025-08-03,P103,Keyboard V1,Electronics,212,1,7,218
2025-08-03,P104,Keyboard V2,Electronics,333,2,3,334
2025-08-03,P120,Notebook V3,Office,100,2,6,104
2025-08-03,P129,Printer Paper V3,Office,233,1,4,236
2025-08-03,P138,Water Bottle V3,Home,183,1,5,187
2025-08-03,P151,Cleaning Kit V1,Home,229,3,5,231
2025-08-03,P159,Phone Case V3,Accessories,340,5,2,337
2025-08-03,P163,Power Bank V1,Accessories,376,2,0,374
2025-08-03,P174,Coffee V3,Grocery,255,3,6,258
2025-08-04,P115,Bluetooth Speaker V1,Electronics,363,3,6,366
2025-08-04,P152,Cleaning Kit V2,Home,226,1,5,230
2025-08-04,P177,Tea V3,Grocery,198,3,3,198
2025-08-05,P101,Wireless Mouse V2,Electronics,230,3,5,232
2025-08-05,P108,Headphones V3,Electronics,378,2,5,381
2025-08-05,P126,Desk Lamp V3,Office,285,2,1,284
2025-08-05,P158,Phone Case V2,Accessories,228,2,1,227
2025-08-05,P164,Power Bank V2,Accessories,300,1,5,304
2025-08-06,P115,Bluetooth Speaker V1,Electronics,281,1,5,285
2025-08-06,P128,Printer Paper V2,Office,112,5,5,112
2025-08-06,P133,Stapler V1,Office,150,5,3,148
2025-08-06,P149,LED Bulb V2,Home,113,1,6,118
2025-08-07,P105,Keyboard V3,Electronics,203,1,3,205
2025-08-07,P119,Notebook V2,Office,296,3,5,298
2025-08-07,P127,Printer Paper V1,Office,294,4,3,293
2025-08-07,P130,File Folder V1,Office,321,1,6,326
2025-08-07,P132,File Folder V3,Office,212,6,3,209
2025-08-07,P168,Desk Mat V3,Accessories,422,4,8,426
2025-08-08,P152,Cleaning Kit V2,Home,123,3,3,123
2025-08-08,P154,Laptop Bag V1,Accessories,291,1,3,293
2025-08-08,P171,Travel Pouch V3,Accessories,182,3,4,183
2025-08-08,P173,Coffee V2,Grocery,335,1,7,341
2025-08-09,P103,Keyboard V1,Electronics,290,1,4,293
2025-08-09,P105,Keyboard V3,Electronics,127,3,5,129
2025-08-09,P117,Bluetooth Speaker V3,Electronics,319,1,2,320
2025-08-09,P148,LED Bulb V1,Home,227,2,3,228
2025-08-09,P155,Laptop Bag V2,Accessories,345,1,7,351
2025-08-10,P108,Headphones V3,Electronics,305,2,4,307
2025-08-10,P131,File Folder V2,Office,199,1,5,203
2025-08-10,P146,Cushion V2,Home,274,1,2,275
2025-08-10,P151,Cleaning Kit V1,Home,255,2,7,260
2025-08-10,P156,Laptop Bag V3,Accessories,302,4,5,303
2025-08-10,P163,Power Bank V1,Accessories,350,3,3,350
2025-08-10,P174,Coffee V3,Grocery,191,4,1,188
2025-08-11,P133,Stapler V1,Office,185,1,3,187
2025-08-11,P138,Water Bottle V3,Home,178,1,7,184
2025-08-11,P149,LED Bulb V2,Home,71,3,3,71
2025-08-11,P176,Tea V2,Grocery,401,3,2,400
2025-08-12,P101,Wireless Mouse V2,Electronics,196,1,4,199
2025-08-12,P131,File Folder V2,Office,222,2,8,228
2025-08-12,P170,Travel Pouch V2,Accessories,138,2,3,139
2025-08-12,P174,Coffee V3,Grocery,174,1,4,177
2025-08-13,P107,Headphones V2,Electronics,94,3,7,98
2025-08-13,P121,Office Chair V1,Office,381,3,5,383
2025-08-13,P139,Storage Box V1,Home,120,2,2,120
2025-08-13,P159,Phone Case V3,Accessories,310,1,4,313
2025-08-13,P164,Power Bank V2,Accessories,290,1,3,292
2025-08-13,P166,Desk Mat V1,Accessories,71,2,5,74
2025-08-14,P108,Headphones V3,Electronics,305,1,3,307
2025-08-14,P109,USB Hub V1,Electronics,296,2,4,298
2025-08-14,P112,Webcam V1,Electronics,325,2,5,328
2025-08-14,P113,Webcam V2,Electronics,126,1,3,128
2025-08-14,P136,Water Bottle V1,Home,274,1,5,278
2025-08-14,P163,Power Bank V1,Accessories,438,1,3,440
2025-08-15,P106,Headphones V1,Electronics,281,5,6,282
2025-08-15,P112,Webcam V1,Electronics,308,1,3,310
2025-08-15,P118,Notebook V1,Office,322,1,5,326
2025-08-15,P140,Storage Box V2,Home,103,1,1,103
2025-08-15,P143,Table Clock V2,Home,90,1,6,95
2025-08-15,P150,LED Bulb V3,Home,134,1,2,135
2025-08-15,P166,Desk Mat V1,Accessories,136,3,2,135
2025-08-15,P167,Desk Mat V2,Accessories,216,1,3,218
2025-08-16,P120,Notebook V3,Office,115,1,6,120
2025-08-16,P138,Water Bottle V3,Home,177,2,4,179
2025-08-16,P163,Power Bank V1,Accessories,389,1,2,390
2025-08-16,P167,Desk Mat V2,Accessories,307,2,4,309
2025-08-16,P171,Travel Pouch V3,Accessories,305,1,8,312
2025-08-17,P100,Wireless Mouse V1,Electronics,201,1,3,203
2025-08-17,P104,Keyboard V2,Electronics,317,4,3,316
2025-08-17,P115,Bluetooth Speaker V1,Electronics,275,2,2,275
2025-08-17,P123,Office Chair V3,Office,145,1,7,151
2025-08-17,P124,Desk Lamp V1,Office,300,2,4,302
2025-08-17,P136,Water Bottle V1,Home,280,1,2,281
2025-08-17,P138,Water Bottle V3,Home,179,4,6,181
2025-08-17,P141,Storage Box V3,Home,213,2,4,215
2025-08-17,P144,Table Clock V3,Home,227,2,7,232
2025-08-17,P149,LED Bulb V2,Home,134,1,2,135
2025-08-17,P152,Cleaning Kit V2,Home,129,1,0,128
2025-08-17,P159,Phone Case V3,Accessories,206,7,7,206
2025-08-18,P124,Desk Lamp V1,Office,237,3,3,237
2025-08-18,P145,Cushion V1,Home,189,1,6,194
2025-08-18,P160,Charging Cable V1,Accessories,383,1,3,385
2025-08-18,P169,Travel Pouch V1,Accessories,248,1,2,249
2025-08-18,P175,Tea V1,Grocery,258,1,3,260
2025-08-18,P177,Tea V3,Grocery,169,5,7,171
2025-08-19,P106,Headphones V1,Electronics,292,1,4,295
2025-08-19,P165,Power Bank V3,Accessories,189,2,10,197
2025-08-20,P101,Wireless Mouse V2,Electronics,255,1,8,262
2025-08-21,P102,Wireless Mouse V3,Electronics,256,1,2,257
2025-08-21,P125,Desk Lamp V2,Office,286,1,6,291
2025-08-21,P137,Water Bottle V2,Home,136,1,5,140
2025-08-21,P140,Storage Box V2,Home,173,1,6,178
2025-08-21,P155,Laptop Bag V2,Accessories,226,1,4,229
2025-08-22,P114,Webcam V3,Electronics,435,3,3,435
2025-08-22,P136,Water Bottle V1,Home,306,1,4,309
2025-08-22,P154,Laptop Bag V1,Accessories,368,3,3,368
2025-08-22,P174,Coffee V3,Grocery,215,1,1,215
2025-08-23,P129,Printer Paper V3,Office,272,3,3,272
2025-08-23,P145,Cushion V1,Home,162,1,5,166
2025-08-23,P166,Desk Mat V1,Accessories,203,4,6,205
2025-08-23,P171,Travel Pouch V3,Accessories,225,3,5,227
2025-08-23,P172,Coffee V1,Grocery,155,1,2,156
2025-08-24,P106,Headphones V1,Electronics,296,3,5,298
2025-08-24,P116,Bluetooth Speaker V2,Electronics,264,2,4,266
2025-08-24,P119,Notebook V2,Office,282,2,2,282
2025-08-24,P123,Office Chair V3,Office,137,2,0,135
2025-08-24,P130,File Folder V1,Office,338,4,3,337
2025-08-25,P126,Desk Lamp V3,Office,334,1,4,337
2025-08-25,P131,File Folder V2,Office,268,5,11,274
2025-08-25,P137,Water Bottle V2,Home,59,3,4,60
2025-08-25,P148,LED Bulb V1,Home,266,1,9,274
2025-08-25,P154,Laptop Bag V1,Accessories,360,6,3,357
2025-08-25,P155,Laptop Bag V2,Accessories,290,4,9,295
2025-08-25,P178,Biscuits V1,Grocery,228,2,5,231
2025-08-26,P118,Notebook V1,Office,325,1,5,329
2025-08-26,P131,File Folder V2,Office,292,1,4,295
2025-08-26,P133,Stapler V1,Office,103,3,1,101
2025-08-26,P140,Storage Box V2,Home,112,1,1,112
2025-08-26,P157,Phone Case V1,Accessories,250,4,4,250
2025-08-26,P176,Tea V2,Grocery,308,1,6,313
2025-08-26,P178,Biscuits V1,Grocery,191,5,1,187
2025-08-26,P179,Biscuits V2,Grocery,231,3,4,232
2025-08-27,P114,Webcam V3,Electronics,308,2,6,312
2025-08-27,P121,Office Chair V1,Office,366,1,6,371
2025-08-27,P138,Water Bottle V3,Home,73,3,4,74
2025-08-28,P120,Notebook V3,Office,154,2,4,156
2025-08-28,P125,Desk Lamp V2,Office,298,3,5,300
2025-08-28,P147,Cushion V3,Home,258,4,8,262
2025-08-28,P150,LED Bulb V3,Home,235,1,2,236
2025-08-28,P152,Cleaning Kit V2,Home,126,1,2,127
2025-08-28,P156,Laptop Bag V3,Accessories,377,5,0,372
2025-08-28,P179,Biscuits V2,Grocery,273,3,1,271
2025-08-29,P130,File Folder V1,Office,374,2,3,375
2025-08-29,P138,Water Bottle V3,Home,201,1,3,203
2025-08-29,P147,Cushion V3,Home,251,3,3,251
2025-08-29,P151,Cleaning Kit V1,Home,123,6,4,121
2025-08-29,P157,Phone Case V1,Accessories,371,1,5,375
2025-08-29,P158,Phone Case V2,Accessories,333,2,3,334
2025-08-29,P163,Power Bank V1,Accessories,421,7,4,418
2025-08-29,P169,Travel Pouch V1,Accessories,282,3,0,279
2025-08-29,P171,Travel Pouch V3,Accessories,165,1,9,173
2025-08-30,P100,Wireless Mouse V1,Electronics,157,1,11,167
2025-08-30,P109,USB Hub V1,Electronics,234,1,5,238
2025-08-30,P121,Office Chair V1,Office,325,1,10,334
2025-08-30,P152,Cleaning Kit V2,Home,157,1,3,159
2025-08-30,P173,Coffee V2,Grocery,262,2,3,263
2025-08-30,P178,Biscuits V1,Grocery,302,2,6,306
2025-08-31,P109,USB Hub V1,Electronics,196,4,7,199
2025-08-31,P113,Webcam V2,Electronics,171,2,5,174
2025-08-31,P125,Desk Lamp V2,Office,259,1,4,262
2025-08-31,P162,Charging Cable V3,Accessories,142,1,2,143
2025-08-31,P174,Coffee V3,Grocery,144,3,5,146
2025-09-01,P111,USB Hub V3,Electronics,371,2,4,373
2025-09-01,P160,Charging Cable V1,Accessories,400,2,2,400
2025-09-01,P172,Coffee V1,Grocery,203,2,1,202
2025-09-01,P177,Tea V3,Grocery,162,1,4,165
2025-09-02,P100,Wireless Mouse V1,Electronics,222,3,4,223
2025-09-02,P119,Notebook V2,Office,248,4,3,247
2025-09-02,P153,Cleaning Kit V3,Home,303,1,3,305
2025-09-02,P155,Laptop Bag V2,Accessories,241,1,7,247
2025-09-03,P144,Table Clock V3,Home,140,4,6,142
2025-09-03,P148,LED Bulb V1,Home,168,1,4,171
2025-09-03,P173,Coffee V2,Grocery,258,1,5,262
2025-09-04,P148,LED Bulb V1,Home,210,1,4,213
2025-09-05,P143,Table Clock V2,Home,224,2,4,226
2025-09-05,P156,Laptop Bag V3,Accessories,376,2,5,379
2025-09-05,P162,Charging Cable V3,Accessories,190,3,5,192
2025-09-06,P158,Phone Case V2,Accessories,209,4,4,209
2025-09-06,P164,Power Bank V2,Accessories,186,1,3,188
2025-09-06,P171,Travel Pouch V3,Accessories,254,3,3,254
2025-09-07,P110,USB Hub V2,Electronics,395,2,4,397
2025-09-07,P112,Webcam V1,Electronics,360,1,4,363
2025-09-07,P121,Office Chair V1,Office,396,2,4,398
2025-09-07,P138,Water Bottle V3,Home,117,1,6,122
2025-09-07,P159,Phone Case V3,Accessories,220,2,4,222
2025-09-07,P175,Tea V1,Grocery,143,2,3,144
2025-09-08,P175,Tea V1,Grocery,255,4,6,257
2025-09-09,P100,Wireless Mouse V1,Electronics,280,2,1,279
2025-09-09,P108,Headphones V3,Electronics,316,1,7,322
2025-09-09,P117,Bluetooth Speaker V3,Electronics,186,4,7,189
2025-09-09,P139,Storage Box V1,Home,198,1,2,199
2025-09-09,P167,Desk Mat V2,Accessories,324,1,4,327
2025-09-09,P173,Coffee V2,Grocery,331,2,5,334
2025-09-09,P174,Coffee V3,Grocery,284,4,5,285
2025-09-10,P101,Wireless Mouse V2,Electronics,216,2,1,215
2025-09-10,P115,Bluetooth Speaker V1,Electronics,308,4,2,306
2025-09-10,P118,Notebook V1,Office,310,1,2,311
2025-09-10,P136,Water Bottle V1,Home,204,2,3,205
2025-09-10,P152,Cleaning Kit V2,Home,115,4,2,113
2025-09-10,P168,Desk Mat V3,Accessories,345,1,4,348
2025-09-10,P179,Biscuits V2,Grocery,173,4,4,173
2025-09-11,P116,Bluetooth Speaker V2,Electronics,280,2,5,283
2025-09-11,P145,Cushion V1,Home,102,3,3,102
2025-09-11,P162,Charging Cable V3,Accessories,124,4,5,125
2025-09-11,P173,Coffee V2,Grocery,274,3,6,277
2025-09-11,P177,Tea V3,Grocery,138,3,3,138
2025-09-11,P178,Biscuits V1,Grocery,271,3,3,271
2025-09-12,P103,Keyboard V1,Electronics,223,3,1,221
2025-09-12,P106,Headphones V1,Electronics,357,2,4,359
2025-09-12,P152,Cleaning Kit V2,Home,94,3,3,94
2025-09-12,P169,Travel Pouch V1,Accessories,219,5,4,218
2025-09-12,P170,Travel Pouch V2,Accessories,263,1,4,266
2025-09-13,P125,Desk Lamp V2,Office,236,2,6,240
2025-09-13,P135,Stapler V3,Office,262,1,2,263
2025-09-13,P145,Cushion V1,Home,129,1,4,132
2025-09-13,P172,Coffee V1,Grocery,226,1,6,231
2025-09-14,P109,USB Hub V1,Electronics,196,3,5,198
2025-09-14,P116,Bluetooth Speaker V2,Electronics,290,2,4,292
2025-09-14,P124,Desk Lamp V1,Office,176,4,1,173
2025-09-14,P136,Water Bottle V1,Home,343,1,0,342
2025-09-14,P154,Laptop Bag V1,Accessories,316,4,1,313
2025-09-14,P159,Phone Case V3,Accessories,305,5,1,301
2025-09-14,P165,Power Bank V3,Accessories,209,2,5,212
2025-09-14,P176,Tea V2,Grocery,393,4,4,393
2025-09-15,P112,Webcam V1,Electronics,341,1,6,346
2025-09-15,P126,Desk Lamp V3,Office,216,6,7,217
2025-09-15,P128,Printer Paper V2,Office,209,1,3,211
2025-09-15,P147,Cushion V3,Home,270,3,3,270
2025-09-15,P162,Charging Cable V3,Accessories,177,1,3,179
2025-09-15,P165,Power Bank V3,Accessories,201,2,2,201
2025-09-16,P132,File Folder V3,Office,275,5,3,273
2025-09-16,P133,Stapler V1,Office,110,1,2,111
2025-09-16,P150,LED Bulb V3,Home,139,1,4,142
2025-09-16,P165,Power Bank V3,Accessories,142,4,3,141
2025-09-17,P105,Keyboard V3,Electronics,136,3,2,135
2025-09-17,P126,Desk Lamp V3,Office,232,1,1,232
2025-09-17,P167,Desk Mat V2,Accessories,199,1,4,202
2025-09-17,P171,Travel Pouch V3,Accessories,220,2,5,223
2025-09-17,P178,Biscuits V1,Grocery,256,1,6,261
2025-09-17,P179,Biscuits V2,Grocery,302,2,2,302
2025-09-18,P107,Headphones V2,Electronics,146,5,5,146
2025-09-18,P117,Bluetooth Speaker V3,Electronics,287,3,4,288
2025-09-18,P127,Printer Paper V1,Office,316,2,5,319
2025-09-18,P168,Desk Mat V3,Accessories,383,4,6,385
2025-09-19,P114,Webcam V3,Electronics,420,2,3,421
2025-09-19,P129,Printer Paper V3,Office,340,1,3,342
2025-09-19,P154,Laptop Bag V1,Accessories,296,2,6,300
2025-09-19,P156,Laptop Bag V3,Accessories,402,1,3,404
2025-09-20,P117,Bluetooth Speaker V3,Electronics,320,4,3,319
2025-09-20,P134,Stapler V2,Office,257,2,6,261
2025-09-20,P147,Cushion V3,Home,230,2,6,234
2025-09-20,P166,Desk Mat V1,Accessories,112,5,3,110
2025-09-21,P119,Notebook V2,Office,312,1,7,318
2025-09-21,P158,Phone Case V2,Accessories,252,3,5,254
2025-09-21,P170,Travel Pouch V2,Accessories,234,2,3,235
2025-09-22,P130,File Folder V1,Office,316,1,6,321
2025-09-22,P131,File Folder V2,Office,155,1,2,156
2025-09-22,P135,Stapler V3,Office,346,4,7,349
2025-09-22,P155,Laptop Bag V2,Accessories,342,1,5,346
2025-09-22,P162,Charging Cable V3,Accessories,90,4,6,92
2025-09-22,P178,Biscuits V1,Grocery,259,7,7,259
2025-09-23,P102,Wireless Mouse V3,Electronics,273,3,2,272
2025-09-23,P128,Printer Paper V2,Office,228,2,6,232
2025-09-23,P149,LED Bulb V2,Home,91,2,5,94
2025-09-23,P161,Charging Cable V2,Accessories,237,2,3,238
2025-09-23,P169,Travel Pouch V1,Accessories,302,3,2,301
2025-09-24,P127,Printer Paper V1,Office,325,1,4,328
2025-09-24,P145,Cushion V1,Home,114,2,2,114
2025-09-24,P147,Cushion V3,Home,238,5,4,237
2025-09-24,P156,Laptop Bag V3,Accessories,424,2,5,427
2025-09-24,P162,Charging Cable V3,Accessories,168,1,5,172
2025-09-25,P107,Headphones V2,Electronics,80,1,5,84
2025-09-25,P114,Webcam V3,Electronics,367,1,4,370
2025-09-25,P115,Bluetooth Speaker V1,Electronics,288,2,1,287
2025-09-25,P147,Cushion V3,Home,268,1,7,274
2025-09-26,P114,Webcam V3,Electronics,434,4,5,435
2025-09-26,P116,Bluetooth Speaker V2,Electronics,217,2,3,218
2025-09-26,P146,Cushion V2,Home,323,3,3,323
2025-09-26,P160,Charging Cable V1,Accessories,367,4,2,365
2025-09-27,P108,Headphones V3,Electronics,405,2,0,403
2025-09-27,P124,Desk Lamp V1,Office,231,4,4,231
2025-09-27,P139,Storage Box V1,Home,83,2,5,86
2025-09-27,P147,Cushion V3,Home,305,1,2,306
2025-09-27,P169,Travel Pouch V1,Accessories,227,4,7,230
2025-09-27,P179,Biscuits V2,Grocery,218,3,4,219
2025-09-28,P102,Wireless Mouse V3,Electronics,265,2,6,269
2025-09-28,P128,Printer Paper V2,Office,130,2,3,131
2025-09-28,P133,Stapler V1,Office,73,2,6,77
2025-09-28,P150,LED Bulb V3,Home,130,3,3,130
2025-09-28,P154,Laptop Bag V1,Accessories,392,7,6,391
2025-09-28,P170,Travel Pouch V2,Accessories,219,1,6,224
2025-09-29,P122,Office Chair V2,Office,100,1,2,101
2025-09-29,P124,Desk Lamp V1,Office,268,2,3,269
2025-09-29,P127,Printer Paper V1,Office,315,2,1,314
2025-09-29,P166,Desk Mat V1,Accessories,203,4,6,205
2025-09-29,P176,Tea V2,Grocery,256,1,4,259
2025-09-30,P144,Table Clock V3,Home,171,2,6,175
2025-09-30,P145,Cushion V1,Home,151,3,7,155
2025-09-30,P161,Charging Cable V2,Accessories,296,2,4,298
2025-09-30,P167,Desk Mat V2,Accessories,296,3,8,301
2025-09-30,P170,Travel Pouch V2,Accessories,136,1,2,137
2025-09-30,P174,Coffee V3,Grocery,277,1,6,282
2025-10-01,P114,Webcam V3,Electronics,302,4,2,300
2025-10-01,P125,Desk Lamp V2,Office,219,1,3,221
2025-10-01,P149,LED Bulb V2,Home,93,2,2,93
2025-10-01,P159,Phone Case V3,Accessories,309,4,3,308
2025-10-01,P163,Power Bank V1,Accessories,296,2,4,298
2025-10-01,P172,Coffee V1,Grocery,200,3,6,203
2025-10-02,P123,Office Chair V3,Office,68,2,3,69
2025-10-02,P133,Stapler V1,Office,127,2,4,129
2025-10-02,P137,Water Bottle V2,Home,47,1,7,53
2025-10-02,P148,LED Bulb V1,Home,217,4,4,217
2025-10-02,P152,Cleaning Kit V2,Home,219,1,3,221
2025-10-03,P101,Wireless Mouse V2,Electronics,159,3,3,159
2025-10-03,P104,Keyboard V2,Electronics,295,2,4,297
2025-10-03,P115,Bluetooth Speaker V1,Electronics,270,2,3,271
2025-10-03,P127,Printer Paper V1,Office,423,3,6,426
2025-10-03,P151,Cleaning Kit V1,Home,224,3,4,225
2025-10-03,P177,Tea V3,Grocery,168,2,4,170
2025-10-04,P156,Laptop Bag V3,Accessories,361,1,3,363
2025-10-04,P162,Charging Cable V3,Accessories,129,5,7,131
2025-10-04,P163,Power Bank V1,Accessories,320,2,2,320
2025-10-05,P123,Office Chair V3,Office,192,4,8,196
2025-10-05,P129,Printer Paper V3,Office,270,4,6,272
2025-10-05,P138,Water Bottle V3,Home,96,1,2,97
2025-10-05,P176,Tea V2,Grocery,314,1,2,315
2025-10-06,P112,Webcam V1,Electronics,308,1,2,309
2025-10-06,P155,Laptop Bag V2,Accessories,308,4,4,308
2025-10-06,P173,Coffee V2,Grocery,362,6,2,358
2025-10-07,P107,Headphones V2,Electronics,173,2,8,179
2025-10-07,P110,USB Hub V2,Electronics,330,2,6,334
2025-10-07,P124,Desk Lamp V1,Office,217,3,4,218
2025-10-07,P137,Water Bottle V2,Home,147,1,3,149
2025-10-07,P143,Table Clock V2,Home,132,5,3,130
2025-10-07,P164,Power Bank V2,Accessories,281,3,4,282
2025-10-08,P111,USB Hub V3,Electronics,421,1,3,423
2025-10-08,P114,Webcam V3,Electronics,359,3,2,358
2025-10-08,P135,Stapler V3,Office,350,3,6,353
2025-10-08,P161,Charging Cable V2,Accessories,283,1,6,288
2025-10-08,P176,Tea V2,Grocery,320,1,0,319
2025-10-09,P112,Webcam V1,Electronics,331,5,3,329
2025-10-09,P113,Webcam V2,Electronics,127,2,6,131
2025-10-09,P115,Bluetooth Speaker V1,Electronics,276,3,2,275
2025-10-09,P117,Bluetooth Speaker V3,Electronics,277,3,3,277
2025-10-09,P163,Power Bank V1,Accessories,413,2,4,415
2025-10-10,P116,Bluetooth Speaker V2,Electronics,245,2,5,248
2025-10-10,P154,Laptop Bag V1,Accessories,288,2,3,289
2025-10-11,P127,Printer Paper V1,Office,349,3,1,347
2025-10-11,P131,File Folder V2,Office,227,3,2,226
2025-10-11,P139,Storage Box V1,Home,69,3,3,69
2025-10-11,P152,Cleaning Kit V2,Home,100,1,8,107
2025-10-11,P161,Charging Cable V2,Accessories,270,3,5,272
2025-10-11,P164,Power Bank V2,Accessories,301,1,5,305
2025-10-11,P171,Travel Pouch V3,Accessories,167,4,6,169
2025-10-12,P101,Wireless Mouse V2,Electronics,297,1,1,297
2025-10-12,P117,Bluetooth Speaker V3,Electronics,262,3,5,264
2025-10-12,P119,Notebook V2,Office,326,2,8,332
2025-10-12,P120,Notebook V3,Office,52,2,4,54
2025-10-12,P122,Office Chair V2,Office,163,4,2,161
2025-10-12,P124,Desk Lamp V1,Office,254,2,6,258
2025-10-12,P133,Stapler V1,Office,147,4,2,145
2025-10-12,P141,Storage Box V3,Home,354,6,4,352
2025-10-12,P179,Biscuits V2,Grocery,156,7,1,150
2025-10-13,P104,Keyboard V2,Electronics,396,8,3,391
2025-10-13,P110,USB Hub V2,Electronics,321,4,4,321
2025-10-13,P117,Bluetooth Speaker V3,Electronics,215,4,4,215
2025-10-13,P141,Storage Box V3,Home,290,4,5,291
2025-10-13,P155,Laptop Bag V2,Accessories,275,1,5,279
2025-10-13,P172,Coffee V1,Grocery,128,3,4,129
2025-10-13,P174,Coffee V3,Grocery,210,2,5,213
2025-10-13,P179,Biscuits V2,Grocery,207,2,6,211
2025-10-14,P112,Webcam V1,Electronics,235,5,6,236
2025-10-14,P123,Office Chair V3,Office,180,3,4,181
2025-10-14,P138,Water Bottle V3,Home,123,2,5,126
2025-10-14,P151,Cleaning Kit V1,Home,196,5,4,195
2025-10-14,P161,Charging Cable V2,Accessories,247,3,4,248
2025-10-14,P172,Coffee V1,Grocery,159,1,1,159
2025-10-15,P105,Keyboard V3,Electronics,195,4,5,196
2025-10-15,P107,Headphones V2,Electronics,164,4,3,163
2025-10-15,P123,Office Chair V3,Office,109,2,6,113
2025-10-15,P125,Desk Lamp V2,Office,332,1,6,337
2025-10-15,P130,File Folder V1,Office,385,3,6,388
2025-10-15,P134,Stapler V2,Office,296,2,11,305
2025-10-15,P179,Biscuits V2,Grocery,161,2,7,166
2025-10-16,P100,Wireless Mouse V1,Electronics,217,5,2,214
2025-10-16,P108,Headphones V3,Electronics,345,3,2,344
2025-10-16,P110,USB Hub V2,Electronics,357,5,4,356
2025-10-16,P138,Water Bottle V3,Home,68,3,6,71
2025-10-16,P141,Storage Box V3,Home,236,5,4,235
2025-10-16,P143,Table Clock V2,Home,158,1,7,164
2025-10-16,P163,Power Bank V1,Accessories,341,3,2,340
2025-10-16,P164,Power Bank V2,Accessories,216,1,4,219
2025-10-16,P166,Desk Mat V1,Accessories,71,1,6,76
2025-10-17,P102,Wireless Mouse V3,Electronics,296,4,3,295
2025-10-17,P105,Keyboard V3,Electronics,170,2,5,173
2025-10-17,P107,Headphones V2,Electronics,113,2,1,112
2025-10-17,P110,USB Hub V2,Electronics,292,1,2,293
2025-10-17,P117,Bluetooth Speaker V3,Electronics,250,2,3,251
2025-10-17,P150,LED Bulb V3,Home,204,2,4,206
2025-10-18,P108,Headphones V3,Electronics,310,3,5,312
2025-10-18,P128,Printer Paper V2,Office,180,5,7,182
2025-10-18,P129,Printer Paper V3,Office,320,3,2,319
2025-10-18,P167,Desk Mat V2,Accessories,317,3,5,319
2025-10-18,P171,Travel Pouch V3,Accessories,179,2,6,183
2025-10-18,P176,Tea V2,Grocery,272,5,10,277
2025-10-18,P177,Tea V3,Grocery,120,3,5,122
2025-10-19,P100,Wireless Mouse V1,Electronics,220,6,2,216
2025-10-19,P125,Desk Lamp V2,Office,241,3,5,243
2025-10-19,P135,Stapler V3,Office,333,2,3,334
2025-10-19,P147,Cushion V3,Home,325,3,2,324
2025-10-20,P102,Wireless Mouse V3,Electronics,376,1,3,378
2025-10-20,P139,Storage Box V1,Home,171,5,6,172
2025-10-20,P157,Phone Case V1,Accessories,239,1,4,242
2025-10-20,P159,Phone Case V3,Accessories,198,5,7,200
2025-10-20,P164,Power Bank V2,Accessories,266,5,2,263
2025-10-21,P102,Wireless Mouse V3,Electronics,285,2,4,287
2025-10-21,P107,Headphones V2,Electronics,88,1,4,91
2025-10-21,P123,Office Chair V3,Office,142,4,1,139
2025-10-21,P126,Desk Lamp V3,Office,294,4,6,296
2025-10-21,P160,Charging Cable V1,Accessories,349,1,3,351
2025-10-22,P104,Keyboard V2,Electronics,364,4,6,366
2025-10-22,P111,USB Hub V3,Electronics,410,2,5,413
2025-10-22,P112,Webcam V1,Electronics,264,3,4,265
2025-10-22,P169,Travel Pouch V1,Accessories,287,5,2,284
2025-10-22,P174,Coffee V3,Grocery,173,2,8,179
2025-10-23,P117,Bluetooth Speaker V3,Electronics,318,1,2,319
2025-10-23,P132,File Folder V3,Office,254,1,5,258
2025-10-23,P179,Biscuits V2,Grocery,202,1,3,204
2025-10-24,P113,Webcam V2,Electronics,224,1,2,225
2025-10-24,P118,Notebook V1,Office,339,3,5,341
2025-10-24,P136,Water Bottle V1,Home,296,3,2,295
2025-10-24,P157,Phone Case V1,Accessories,328,3,4,329
2025-10-24,P166,Desk Mat V1,Accessories,200,2,3,201
2025-10-25,P103,Keyboard V1,Electronics,180,6,4,178
2025-10-25,P109,USB Hub V1,Electronics,189,4,4,189
2025-10-25,P114,Webcam V3,Electronics,426,1,6,431
2025-10-25,P125,Desk Lamp V2,Office,253,1,6,258
2025-10-25,P164,Power Bank V2,Accessories,185,2,3,186
2025-10-25,P174,Coffee V3,Grocery,196,2,3,197
2025-10-26,P105,Keyboard V3,Electronics,212,1,1,212
2025-10-26,P114,Webcam V3,Electronics,362,3,5,364
2025-10-26,P120,Notebook V3,Office,196,3,1,194
2025-10-26,P160,Charging Cable V1,Accessories,357,6,2,353
2025-10-26,P171,Travel Pouch V3,Accessories,230,3,4,231
2025-10-26,P172,Coffee V1,Grocery,212,2,6,216
2025-10-27,P121,Office Chair V1,Office,306,6,2,302
2025-10-27,P122,Office Chair V2,Office,136,3,4,137
2025-10-27,P140,Storage Box V2,Home,195,1,4,198
2025-10-27,P169,Travel Pouch V1,Accessories,186,2,3,187
2025-10-27,P175,Tea V1,Grocery,257,9,1,249
2025-10-28,P133,Stapler V1,Office,58,2,5,61
2025-10-28,P139,Storage Box V1,Home,147,3,3,147
2025-10-28,P144,Table Clock V3,Home,217,4,2,215
2025-10-28,P157,Phone Case V1,Accessories,376,3,1,374
2025-10-29,P102,Wireless Mouse V3,Electronics,229,3,2,228
2025-10-29,P105,Keyboard V3,Electronics,243,6,1,238
2025-10-29,P119,Notebook V2,Office,321,6,1,316
2025-10-29,P157,Phone Case V1,Accessories,232,1,6,237
2025-10-30,P152,Cleaning Kit V2,Home,128,3,2,127
2025-10-30,P160,Charging Cable V1,Accessories,377,4,3,376
2025-10-30,P164,Power Bank V2,Accessories,177,1,4,180
2025-10-30,P165,Power Bank V3,Accessories,85,4,7,88
2025-10-30,P174,Coffee V3,Grocery,182,1,2,183
2025-10-31,P110,USB Hub V2,Electronics,306,2,3,307
2025-10-31,P120,Notebook V3,Office,162,2,4,164
2025-10-31,P124,Desk Lamp V1,Office,260,1,6,265
2025-10-31,P147,Cushion V3,Home,238,2,3,239
2025-10-31,P153,Cleaning Kit V3,Home,304,1,4,307
2025-10-31,P162,Charging Cable V3,Accessories,206,2,5,209
2025-10-31,P165,Power Bank V3,Accessories,200,5,5,200
2025-10-31,P166,Desk Mat V1,Accessories,142,2,5,145
2025-11-01,P107,Headphones V2,Electronics,113,4,4,113
2025-11-01,P121,Office Chair V1,Office,360,2,2,360
2025-11-01,P126,Desk Lamp V3,Office,196,5,3,194
2025-11-01,P135,Stapler V3,Office,283,3,3,283
2025-11-01,P142,Table Clock V1,Home,158,4,7,161
2025-11-01,P152,Cleaning Kit V2,Home,168,5,3,166
2025-11-02,P102,Wireless Mouse V3,Electronics,323,2,4,325
2025-11-02,P110,USB Hub V2,Electronics,275,5,5,275
2025-11-02,P122,Office Chair V2,Office,114,2,3,115
2025-11-02,P125,Desk Lamp V2,Office,317,3,3,317
2025-11-02,P139,Storage Box V1,Home,123,3,3,123
2025-11-02,P158,Phone Case V2,Accessories,325,1,1,325
2025-11-02,P164,Power Bank V2,Accessories,280,5,3,278
2025-11-02,P179,Biscuits V2,Grocery,188,1,8,195
2025-11-03,P103,Keyboard V1,Electronics,236,1,3,238
2025-11-03,P120,Notebook V3,Office,96,7,4,93
2025-11-03,P138,Water Bottle V3,Home,113,1,6,118
2025-11-03,P144,Table Clock V3,Home,228,1,7,234
2025-11-03,P154,Laptop Bag V1,Accessories,301,2,1,300
2025-11-04,P106,Headphones V1,Electronics,386,1,3,388
2025-11-04,P125,Desk Lamp V2,Office,258,7,4,255
2025-11-04,P134,Stapler V2,Office,297,5,4,296
2025-11-05,P145,Cushion V1,Home,193,2,7,198
2025-11-05,P150,LED Bulb V3,Home,129,3,4,130
2025-11-05,P154,Laptop Bag V1,Accessories,307,2,5,310
2025-11-05,P171,Travel Pouch V3,Accessories,259,2,3,260
2025-11-05,P174,Coffee V3,Grocery,283,4,0,279
2025-11-06,P123,Office Chair V3,Office,99,1,6,104
2025-11-06,P157,Phone Case V1,Accessories,283,1,6,288
2025-11-07,P102,Wireless Mouse V3,Electronics,323,4,5,324
2025-11-07,P106,Headphones V1,Electronics,321,2,3,322
2025-11-07,P107,Headphones V2,Electronics,112,1,4,115
2025-11-07,P110,USB Hub V2,Electronics,386,7,3,382
2025-11-07,P129,Printer Paper V3,Office,307,1,7,313
2025-11-07,P145,Cushion V1,Home,168,4,6,170
2025-11-08,P114,Webcam V3,Electronics,350,1,5,354
2025-11-08,P117,Bluetooth Speaker V3,Electronics,293,2,9,300
2025-11-08,P123,Office Chair V3,Office,62,3,4,63
2025-11-08,P125,Desk Lamp V2,Office,265,3,9,271
2025-11-08,P151,Cleaning Kit V1,Home,116,4,3,115
2025-11-08,P162,Charging Cable V3,Accessories,110,3,3,110
2025-11-08,P169,Travel Pouch V1,Accessories,216,1,4,219
2025-11-08,P177,Tea V3,Grocery,84,3,2,83
2025-11-09,P110,USB Hub V2,Electronics,382,4,4,382
2025-11-09,P113,Webcam V2,Electronics,120,6,1,115
2025-11-09,P122,Office Chair V2,Office,192,1,9,200
2025-11-09,P124,Desk Lamp V1,Office,241,3,4,242
2025-11-09,P129,Printer Paper V3,Office,296,3,5,298
2025-11-09,P136,Water Bottle V1,Home,322,2,2,322
2025-11-09,P140,Storage Box V2,Home,158,7,4,155
2025-11-09,P147,Cushion V3,Home,285,4,4,285
2025-11-09,P150,LED Bulb V3,Home,180,5,6,181
2025-11-09,P168,Desk Mat V3,Accessories,409,3,6,412
2025-11-09,P173,Coffee V2,Grocery,302,2,3,303
2025-11-09,P179,Biscuits V2,Grocery,227,2,7,232
2025-11-10,P102,Wireless Mouse V3,Electronics,272,5,8,275
2025-11-10,P104,Keyboard V2,Electronics,295,1,6,300
2025-11-10,P120,Notebook V3,Office,82,1,3,84
2025-11-10,P136,Water Bottle V1,Home,264,5,4,263
2025-11-10,P147,Cushion V3,Home,332,1,3,334
2025-11-10,P151,Cleaning Kit V1,Home,180,2,4,182
2025-11-10,P160,Charging Cable V1,Accessories,394,2,5,397
2025-11-10,P161,Charging Cable V2,Accessories,257,4,5,258
2025-11-10,P174,Coffee V3,Grocery,189,4,7,192
2025-11-10,P177,Tea V3,Grocery,63,2,2,63
2025-11-11,P122,Office Chair V2,Office,184,3,5,186
2025-11-12,P103,Keyboard V1,Electronics,285,2,3,286
2025-11-12,P111,USB Hub V3,Electronics,399,1,1,399
2025-11-12,P122,Office Chair V2,Office,124,4,2,122
2025-11-12,P125,Desk Lamp V2,Office,256,1,7,262
2025-11-12,P139,Storage Box V1,Home,186,3,6,189
2025-11-12,P141,Storage Box V3,Home,230,2,5,233
2025-11-12,P142,Table Clock V1,Home,143,2,4,145
2025-11-12,P159,Phone Case V3,Accessories,340,4,3,339
2025-11-12,P174,Coffee V3,Grocery,235,4,2,233
2025-11-13,P102,Wireless Mouse V3,Electronics,320,4,1,317
2025-11-13,P115,Bluetooth Speaker V1,Electronics,276,7,0,269
2025-11-13,P116,Bluetooth Speaker V2,Electronics,281,5,3,279
2025-11-13,P148,LED Bulb V1,Home,221,1,5,225
2025-11-13,P165,Power Bank V3,Accessories,144,2,4,146
2025-11-13,P172,Coffee V1,Grocery,113,7,4,110
2025-11-14,P114,Webcam V3,Electronics,402,4,1,399
2025-11-14,P120,Notebook V3,Office,171,2,8,177
2025-11-14,P126,Desk Lamp V3,Office,261,8,6,259
2025-11-14,P143,Table Clock V2,Home,234,2,4,236
2025-11-14,P155,Laptop Bag V2,Accessories,332,5,4,331
2025-11-14,P156,Laptop Bag V3,Accessories,424,1,1,424
2025-11-14,P163,Power Bank V1,Accessories,371,3,2,370
2025-11-15,P109,USB Hub V1,Electronics,192,1,7,198
2025-11-15,P128,Printer Paper V2,Office,208,4,2,206
2025-11-15,P132,File Folder V3,Office,205,3,5,207
2025-11-15,P169,Travel Pouch V1,Accessories,276,3,2,275
2025-11-16,P100,Wireless Mouse V1,Electronics,203,7,6,202
2025-11-16,P107,Headphones V2,Electronics,112,3,1,110
2025-11-16,P128,Printer Paper V2,Office,172,2,7,177
2025-11-16,P130,File Folder V1,Office,321,4,3,320
2025-11-16,P134,Stapler V2,Office,254,3,4,255
2025-11-16,P145,Cushion V1,Home,159,1,4,162
2025-11-16,P155,Laptop Bag V2,Accessories,289,1,5,293
2025-11-16,P169,Travel Pouch V1,Accessories,309,3,5,311
2025-11-16,P174,Coffee V3,Grocery,249,1,3,251
2025-11-17,P112,Webcam V1,Electronics,312,3,5,314
2025-11-17,P127,Printer Paper V1,Office,388,1,7,394
2025-11-17,P128,Printer Paper V2,Office,130,3,3,130
2025-11-17,P141,Storage Box V3,Home,221,2,1,220
2025-11-17,P153,Cleaning Kit V3,Home,408,1,5,412
2025-11-17,P175,Tea V1,Grocery,199,1,6,204
2025-11-18,P107,Headphones V2,Electronics,113,6,5,112
2025-11-18,P139,Storage Box V1,Home,204,2,1,203
2025-11-18,P152,Cleaning Kit V2,Home,159,4,6,161
2025-11-18,P154,Laptop Bag V1,Accessories,379,3,2,378
2025-11-19,P100,Wireless Mouse V1,Electronics,151,1,8,158
2025-11-19,P112,Webcam V1,Electronics,232,1,5,236
2025-11-19,P145,Cushion V1,Home,110,4,2,108
2025-11-19,P173,Coffee V2,Grocery,241,5,4,240
2025-11-20,P122,Office Chair V2,Office,84,1,2,85
2025-11-20,P165,Power Bank V3,Accessories,190,1,4,193
2025-11-21,P113,Webcam V2,Electronics,106,2,5,109
2025-11-21,P118,Notebook V1,Office,305,4,6,307
2025-11-21,P139,Storage Box V1,Home,105,2,3,106
2025-11-21,P143,Table Clock V2,Home,162,1,3,164
2025-11-22,P151,Cleaning Kit V1,Home,217,5,1,213
2025-11-22,P162,Charging Cable V3,Accessories,199,3,3,199
2025-11-23,P109,USB Hub V1,Electronics,242,1,3,244
2025-11-23,P125,Desk Lamp V2,Office,346,6,4,344
2025-11-23,P129,Printer Paper V3,Office,297,1,3,299
2025-11-23,P140,Storage Box V2,Home,131,11,6,126
2025-11-23,P146,Cushion V2,Home,231,5,2,228
2025-11-23,P155,Laptop Bag V2,Accessories,355,3,2,354
2025-11-23,P162,Charging Cable V3,Accessories,66,5,1,62
2025-11-24,P100,Wireless Mouse V1,Electronics,194,3,6,197
2025-11-24,P103,Keyboard V1,Electronics,169,5,2,166
2025-11-24,P115,Bluetooth Speaker V1,Electronics,350,3,1,348
2025-11-24,P118,Notebook V1,Office,354,3,7,358
2025-11-24,P149,LED Bulb V2,Home,161,6,6,161
2025-11-24,P175,Tea V1,Grocery,262,2,6,266
2025-11-25,P108,Headphones V3,Electronics,304,2,1,303
2025-11-25,P109,USB Hub V1,Electronics,271,1,4,274
2025-11-25,P117,Bluetooth Speaker V3,Electronics,290,1,2,291
2025-11-25,P148,LED Bulb V1,Home,232,1,3,234
2025-11-25,P172,Coffee V1,Grocery,256,2,6,260
2025-11-25,P178,Biscuits V1,Grocery,204,1,1,204
2025-11-26,P134,Stapler V2,Office,291,4,5,292
2025-11-26,P140,Storage Box V2,Home,154,5,4,153
2025-11-26,P147,Cushion V3,Home,323,2,3,324
2025-11-26,P152,Cleaning Kit V2,Home,148,2,3,149
2025-11-26,P175,Tea V1,Grocery,256,1,2,257
2025-11-27,P132,File Folder V3,Office,257,2,7,262
2025-11-27,P134,Stapler V2,Office,209,5,5,209
2025-11-27,P136,Water Bottle V1,Home,331,4,3,330
2025-11-27,P151,Cleaning Kit V1,Home,121,1,5,125
2025-11-27,P153,Cleaning Kit V3,Home,412,5,3,410
2025-11-27,P157,Phone Case V1,Accessories,319,4,6,321
2025-11-27,P161,Charging Cable V2,Accessories,372,3,3,372
2025-11-27,P176,Tea V2,Grocery,374,5,1,370
2025-11-28,P100,Wireless Mouse V1,Electronics,264,6,2,260
2025-11-28,P142,Table Clock V1,Home,93,6,7,94
2025-11-28,P160,Charging Cable V1,Accessories,289,4,7,292
2025-11-28,P168,Desk Mat V3,Accessories,417,3,7,421
2025-11-28,P172,Coffee V1,Grocery,228,2,2,228
2025-11-29,P103,Keyboard V1,Electronics,241,5,1,237
2025-11-29,P128,Printer Paper V2,Office,120,2,4,122
2025-11-29,P129,Printer Paper V3,Office,247,1,2,248
2025-11-29,P151,Cleaning Kit V1,Home,144,1,7,150
2025-11-30,P103,Keyboard V1,Electronics,268,5,5,268
2025-11-30,P106,Headphones V1,Electronics,376,1,0,375
2025-11-30,P120,Notebook V3,Office,168,3,7,172
2025-11-30,P157,Phone Case V1,Accessories,237,1,5,241
2025-11-30,P169,Travel Pouch V1,Accessories,305,2,6,309
2025-12-01,P100,Wireless Mouse V1,Electronics,250,5,5,250
2025-12-01,P119,Notebook V2,Office,317,2,4,319
2025-12-01,P123,Office Chair V3,Office,183,3,4,184
2025-12-01,P141,Storage Box V3,Home,305,2,2,305
2025-12-01,P145,Cushion V1,Home,177,3,3,177
2025-12-01,P146,Cushion V2,Home,361,2,11,370
2025-12-01,P150,LED Bulb V3,Home,223,2,4,225
2025-12-01,P159,Phone Case V3,Accessories,257,4,10,263
2025-12-02,P116,Bluetooth Speaker V2,Electronics,302,6,8,304
2025-12-02,P125,Desk Lamp V2,Office,248,2,5,251
2025-12-02,P130,File Folder V1,Office,353,2,0,351
2025-12-02,P175,Tea V1,Grocery,255,3,6,258
2025-12-03,P124,Desk Lamp V1,Office,254,5,2,251
2025-12-03,P125,Desk Lamp V2,Office,319,1,4,322
2025-12-03,P141,Storage Box V3,Home,322,2,4,324
2025-12-03,P147,Cushion V3,Home,230,2,1,229
2025-12-04,P119,Notebook V2,Office,341,1,7,347
2025-12-04,P139,Storage Box V1,Home,173,2,2,173
2025-12-04,P142,Table Clock V1,Home,116,3,3,116
2025-12-04,P145,Cushion V1,Home,131,3,7,135
2025-12-04,P153,Cleaning Kit V3,Home,359,2,5,362
2025-12-04,P165,Power Bank V3,Accessories,172,1,5,176
2025-12-04,P175,Tea V1,Grocery,256,2,7,261
2025-12-05,P106,Headphones V1,Electronics,375,5,3,373
2025-12-05,P112,Webcam V1,Electronics,366,2,5,369
2025-12-05,P120,Notebook V3,Office,63,3,8,68
2025-12-05,P133,Stapler V1,Office,58,1,4,61
2025-12-05,P148,LED Bulb V1,Home,182,3,6,185
2025-12-05,P156,Laptop Bag V3,Accessories,305,1,3,307
2025-12-05,P173,Coffee V2,Grocery,331,4,7,334
2025-12-06,P110,USB Hub V2,Electronics,326,5,2,323
2025-12-06,P133,Stapler V1,Office,180,1,4,183
2025-12-06,P153,Cleaning Kit V3,Home,428,4,9,433
2025-12-06,P162,Charging Cable V3,Accessories,186,1,5,190
2025-12-06,P164,Power Bank V2,Accessories,276,4,4,276
2025-12-06,P166,Desk Mat V1,Accessories,181,2,8,187
2025-12-07,P119,Notebook V2,Office,218,4,6,220
2025-12-07,P125,Desk Lamp V2,Office,224,2,4,226
2025-12-07,P130,File Folder V1,Office,286,1,6,291
2025-12-07,P177,Tea V3,Grocery,79,5,2,76
2025-12-08,P109,USB Hub V1,Electronics,276,3,3,276
2025-12-08,P118,Notebook V1,Office,347,3,3,347
2025-12-08,P161,Charging Cable V2,Accessories,254,7,2,249
2025-12-08,P173,Coffee V2,Grocery,230,3,2,229
2025-12-09,P101,Wireless Mouse V2,Electronics,264,5,5,264
2025-12-09,P112,Webcam V1,Electronics,246,6,7,247
2025-12-09,P131,File Folder V2,Office,216,1,3,218
2025-12-09,P158,Phone Case V2,Accessories,206,4,2,204
2025-12-09,P169,Travel Pouch V1,Accessories,277,3,6,280
2025-12-10,P102,Wireless Mouse V3,Electronics,238,3,2,237
2025-12-10,P146,Cushion V2,Home,257,5,3,255
2025-12-10,P167,Desk Mat V2,Accessories,197,4,6,199
2025-12-10,P170,Travel Pouch V2,Accessories,241,6,4,239
2025-12-10,P176,Tea V2,Grocery,298,2,5,301
2025-12-11,P128,Printer Paper V2,Office,184,3,4,185
2025-12-11,P149,LED Bulb V2,Home,139,3,4,140
2025-12-11,P157,Phone Case V1,Accessories,345,4,4,345
2025-12-11,P159,Phone Case V3,Accessories,270,5,9,274
2025-12-11,P161,Charging Cable V2,Accessories,235,5,3,233
2025-12-11,P169,Travel Pouch V1,Accessories,173,2,6,177
2025-12-11,P175,Tea V1,Grocery,202,4,4,202
2025-12-12,P106,Headphones V1,Electronics,335,2,6,339
2025-12-12,P109,USB Hub V1,Electronics,237,3,8,242
2025-12-12,P148,LED Bulb V1,Home,221,2,2,221
2025-12-12,P176,Tea V2,Grocery,322,2,5,325
2025-12-13,P116,Bluetooth Speaker V2,Electronics,212,1,3,214
2025-12-13,P132,File Folder V3,Office,347,6,2,343
2025-12-13,P133,Stapler V1,Office,167,3,4,168
2025-12-13,P139,Storage Box V1,Home,193,5,3,191
2025-12-14,P105,Keyboard V3,Electronics,155,4,3,154
2025-12-14,P111,USB Hub V3,Electronics,288,4,2,286
2025-12-14,P126,Desk Lamp V3,Office,249,3,3,249
2025-12-14,P129,Printer Paper V3,Office,271,4,5,272
2025-12-14,P134,Stapler V2,Office,225,2,7,230
2025-12-14,P146,Cushion V2,Home,231,4,7,234
2025-12-14,P177,Tea V3,Grocery,147,1,5,151
2025-12-15,P123,Office Chair V3,Office,152,2,4,154
2025-12-15,P139,Storage Box V1,Home,128,1,2,129
2025-12-15,P158,Phone Case V2,Accessories,280,1,3,282
2025-12-15,P169,Travel Pouch V1,Accessories,220,1,4,223
2025-12-16,P108,Headphones V3,Electronics,404,2,2,404
2025-12-16,P121,Office Chair V1,Office,271,6,1,266
2025-12-16,P147,Cushion V3,Home,261,3,5,263
2025-12-16,P150,LED Bulb V3,Home,249,4,3,248
2025-12-17,P116,Bluetooth Speaker V2,Electronics,241,2,7,246
2025-12-17,P170,Travel Pouch V2,Accessories,178,2,2,178
2025-12-18,P126,Desk Lamp V3,Office,312,7,4,309
2025-12-18,P128,Printer Paper V2,Office,190,1,5,194
2025-12-18,P157,Phone Case V1,Accessories,267,3,2,266
2025-12-19,P111,USB Hub V3,Electronics,289,3,4,290
2025-12-19,P126,Desk Lamp V3,Office,199,4,2,197
2025-12-19,P137,Water Bottle V2,Home,99,3,3,99
2025-12-19,P148,LED Bulb V1,Home,259,2,5,262
2025-12-19,P170,Travel Pouch V2,Accessories,254,5,6,255
2025-12-19,P171,Travel Pouch V3,Accessories,205,5,4,204
2025-12-20,P103,Keyboard V1,Electronics,285,4,1,282
2025-12-20,P111,USB Hub V3,Electronics,388,4,5,389
2025-12-20,P134,Stapler V2,Office,193,4,5,194
2025-12-20,P171,Travel Pouch V3,Accessories,288,2,4,290
2025-12-21,P129,Printer Paper V3,Office,313,2,4,315
2025-12-21,P154,Laptop Bag V1,Accessories,401,5,6,402
2025-12-21,P156,Laptop Bag V3,Accessories,443,3,5,445
2025-12-21,P160,Charging Cable V1,Accessories,377,1,7,383
2025-12-21,P174,Coffee V3,Grocery,276,2,5,279
2025-12-22,P111,USB Hub V3,Electronics,333,3,3,333
2025-12-22,P124,Desk Lamp V1,Office,239,1,0,238
2025-12-22,P137,Water Bottle V2,Home,66,2,4,68
2025-12-22,P149,LED Bulb V2,Home,87,2,1,86
2025-12-22,P171,Travel Pouch V3,Accessories,252,8,3,247
2025-12-22,P173,Coffee V2,Grocery,292,4,5,293
2025-12-23,P105,Keyboard V3,Electronics,241,1,2,242
2025-12-23,P120,Notebook V3,Office,54,2,10,62
2025-12-23,P123,Office Chair V3,Office,169,3,4,170
2025-12-23,P125,Desk Lamp V2,Office,242,6,5,241
2025-12-23,P137,Water Bottle V2,Home,53,1,4,56
2025-12-23,P153,Cleaning Kit V3,Home,360,2,1,359
2025-12-23,P162,Charging Cable V3,Accessories,180,1,3,182
2025-12-23,P168,Desk Mat V3,Accessories,442,3,4,443
2025-12-23,P174,Coffee V3,Grocery,266,4,4,266
2025-12-24,P106,Headphones V1,Electronics,388,1,4,391
2025-12-24,P143,Table Clock V2,Home,121,2,5,124
2025-12-24,P145,Cushion V1,Home,76,2,1,75
2025-12-25,P105,Keyboard V3,Electronics,104,3,4,105
2025-12-25,P120,Notebook V3,Office,182,4,4,182
2025-12-25,P125,Desk Lamp V2,Office,222,1,9,230
2025-12-25,P155,Laptop Bag V2,Accessories,291,1,4,294
2025-12-25,P158,Phone Case V2,Accessories,215,4,7,218
2025-12-25,P177,Tea V3,Grocery,80,1,3,82
2025-12-26,P104,Keyboard V2,Electronics,404,3,9,410
2025-12-26,P116,Bluetooth Speaker V2,Electronics,324,5,5,324
2025-12-26,P118,Notebook V1,Office,287,2,5,290
2025-12-26,P133,Stapler V1,Office,49,6,2,45
2025-12-26,P146,Cushion V2,Home,276,2,5,279
2025-12-26,P159,Phone Case V3,Accessories,292,1,8,299
2025-12-27,P105,Keyboard V3,Electronics,229,6,7,230
2025-12-27,P113,Webcam V2,Electronics,173,2,5,176
2025-12-27,P141,Storage Box V3,Home,312,3,4,313
2025-12-28,P103,Keyboard V1,Electronics,237,4,4,237
2025-12-28,P113,Webcam V2,Electronics,117,1,4,120
2025-12-28,P132,File Folder V3,Office,330,3,8,335
2025-12-28,P133,Stapler V1,Office,90,2,4,92
2025-12-28,P148,LED Bulb V1,Home,205,1,6,210
2025-12-28,P172,Coffee V1,Grocery,256,1,3,258
2025-12-29,P105,Keyboard V3,Electronics,122,1,3,124
2025-12-29,P120,Notebook V3,Office,154,5,5,154
2025-12-30,P100,Wireless Mouse V1,Electronics,167,2,4,169
2025-12-30,P113,Webcam V2,Electronics,234,3,3,234
2025-12-30,P126,Desk Lamp V3,Office,310,1,1,310
2025-12-30,P127,Printer Paper V1,Office,379,2,0,377
2025-12-30,P133,Stapler V1,Office,110,1,7,116
2025-12-31,P122,Office Chair V2,Office,92,1,2,93
2025-12-31,P132,File Folder V3,Office,256,2,2,256
2025-12-31,P157,Phone Case V1,Accessories,344,1,2,345
2026-01-01,P103,Keyboard V1,Electronics,274,8,4,270
2026-01-01,P113,Webcam V2,Electronics,94,2,6,98
2026-01-01,P138,Water Bottle V3,Home,111,2,4,113
2026-01-01,P139,Storage Box V1,Home,136,3,5,138
2026-01-01,P148,LED Bulb V1,Home,178,5,3,176
2026-01-01,P149,LED Bulb V2,Home,165,2,1,164
2026-01-02,P104,Keyboard V2,Electronics,358,1,5,362
2026-01-02,P113,Webcam V2,Electronics,189,1,4,192
2026-01-02,P148,LED Bulb V1,Home,170,1,1,170
2026-01-02,P160,Charging Cable V1,Accessories,342,4,9,347
2026-01-03,P120,Notebook V3,Office,154,2,3,155
2026-01-03,P126,Desk Lamp V3,Office,311,3,1,309
2026-01-03,P137,Water Bottle V2,Home,107,1,4,110
2026-01-03,P144,Table Clock V3,Home,202,8,2,196
2026-01-03,P170,Travel Pouch V2,Accessories,243,3,6,246
2026-01-04,P103,Keyboard V1,Electronics,245,5,3,243
2026-01-04,P106,Headphones V1,Electronics,372,3,1,370
2026-01-04,P130,File Folder V1,Office,389,2,5,392
2026-01-04,P138,Water Bottle V3,Home,178,1,3,180
2026-01-05,P107,Headphones V2,Electronics,91,2,3,92
2026-01-05,P113,Webcam V2,Electronics,220,1,1,220
2026-01-05,P122,Office Chair V2,Office,179,2,8,185
2026-01-05,P123,Office Chair V3,Office,197,1,5,201
2026-01-05,P150,LED Bulb V3,Home,249,2,3,250
2026-01-05,P163,Power Bank V1,Accessories,389,3,4,390
2026-01-05,P173,Coffee V2,Grocery,284,4,3,283
2026-01-06,P107,Headphones V2,Electronics,173,2,2,173
2026-01-06,P122,Office Chair V2,Office,138,2,4,140
2026-01-06,P154,Laptop Bag V1,Accessories,297,2,6,301
2026-01-06,P166,Desk Mat V1,Accessories,70,2,6,74
2026-01-07,P118,Notebook V1,Office,350,3,7,354
2026-01-07,P119,Notebook V2,Office,334,4,3,333
2026-01-07,P120,Notebook V3,Office,194,2,6,198
2026-01-07,P121,Office Chair V1,Office,332,3,8,337
2026-01-07,P125,Desk Lamp V2,Office,314,1,0,313
2026-01-07,P137,Water Bottle V2,Home,55,1,6,60
2026-01-07,P170,Travel Pouch V2,Accessories,227,8,4,223
2026-01-08,P118,Notebook V1,Office,264,5,7,266
2026-01-08,P123,Office Chair V3,Office,194,4,4,194
2026-01-08,P128,Printer Paper V2,Office,119,3,3,119
2026-01-08,P139,Storage Box V1,Home,187,1,5,191
2026-01-08,P154,Laptop Bag V1,Accessories,412,4,2,410
2026-01-08,P160,Charging Cable V1,Accessories,342,1,1,342
2026-01-08,P166,Desk Mat V1,Accessories,129,2,1,128
2026-01-09,P108,Headphones V3,Electronics,317,3,7,321
2026-01-09,P113,Webcam V2,Electronics,177,4,2,175
2026-01-09,P118,Notebook V1,Office,373,1,5,377
2026-01-09,P122,Office Chair V2,Office,200,3,9,206
2026-01-09,P144,Table Clock V3,Home,151,3,4,152
2026-01-09,P147,Cushion V3,Home,224,2,3,225
2026-01-09,P152,Cleaning Kit V2,Home,129,4,4,129
2026-01-09,P165,Power Bank V3,Accessories,188,1,7,194
2026-01-10,P108,Headphones V3,Electronics,407,3,4,408
2026-01-11,P102,Wireless Mouse V3,Electronics,294,1,3,296
2026-01-11,P108,Headphones V3,Electronics,327,1,2,328
2026-01-11,P113,Webcam V2,Electronics,226,2,4,228
2026-01-11,P124,Desk Lamp V1,Office,297,2,5,300
2026-01-11,P143,Table Clock V2,Home,93,2,4,95
2026-01-11,P146,Cushion V2,Home,259,3,2,258
2026-01-11,P147,Cushion V3,Home,247,2,4,249
2026-01-11,P153,Cleaning Kit V3,Home,389,3,7,393
2026-01-11,P155,Laptop Bag V2,Accessories,327,1,3,329
2026-01-11,P159,Phone Case V3,Accessories,271,7,5,269
2026-01-12,P166,Desk Mat V1,Accessories,176,4,5,177
2026-01-13,P115,Bluetooth Speaker V1,Electronics,259,1,2,260
2026-01-13,P117,Bluetooth Speaker V3,Electronics,237,1,5,241
2026-01-13,P135,Stapler V3,Office,323,2,4,325
2026-01-13,P142,Table Clock V1,Home,109,3,6,112
2026-01-13,P148,LED Bulb V1,Home,163,3,7,167
2026-01-13,P158,Phone Case V2,Accessories,336,2,1,335
2026-01-13,P159,Phone Case V3,Accessories,337,6,5,336
2026-01-13,P167,Desk Mat V2,Accessories,276,4,1,273
2026-01-13,P170,Travel Pouch V2,Accessories,141,1,4,144
2026-01-14,P103,Keyboard V1,Electronics,249,3,8,254
2026-01-14,P153,Cleaning Kit V3,Home,362,2,5,365
2026-01-14,P165,Power Bank V3,Accessories,90,1,6,95
2026-01-14,P173,Coffee V2,Grocery,323,1,5,327
2026-01-15,P142,Table Clock V1,Home,184,2,1,183
2026-01-15,P146,Cushion V2,Home,317,8,6,315
2026-01-15,P160,Charging Cable V1,Accessories,311,2,1,310
2026-01-15,P165,Power Bank V3,Accessories,176,1,1,176
2026-01-15,P166,Desk Mat V1,Accessories,121,1,4,124
2026-01-15,P178,Biscuits V1,Grocery,282,1,6,287
2026-01-16,P115,Bluetooth Speaker V1,Electronics,386,2,7,391
2026-01-16,P179,Biscuits V2,Grocery,179,1,4,182
2026-01-17,P162,Charging Cable V3,Accessories,92,3,6,95
2026-01-17,P163,Power Bank V1,Accessories,345,2,3,346
2026-01-18,P145,Cushion V1,Home,86,1,2,87
2026-01-18,P178,Biscuits V1,Grocery,192,1,2,193
2026-01-18,P179,Biscuits V2,Grocery,226,2,2,226
2026-01-19,P117,Bluetooth Speaker V3,Electronics,275,3,6,278
2026-01-19,P119,Notebook V2,Office,282,1,2,283
2026-01-19,P136,Water Bottle V1,Home,332,2,2,332
2026-01-19,P161,Charging Cable V2,Accessories,302,1,7,308
2026-01-19,P169,Travel Pouch V1,Accessories,241,2,1,240
2026-01-19,P173,Coffee V2,Grocery,352,1,1,352
2026-01-20,P109,USB Hub V1,Electronics,282,3,1,280
2026-01-20,P114,Webcam V3,Electronics,399,1,5,403
2026-01-20,P135,Stapler V3,Office,404,6,5,403
2026-01-20,P150,LED Bulb V3,Home,123,2,8,129
2026-01-20,P157,Phone Case V1,Accessories,376,1,3,378
2026-01-20,P158,Phone Case V2,Accessories,193,3,7,197
2026-01-20,P159,Phone Case V3,Accessories,308,1,3,310
2026-01-20,P167,Desk Mat V2,Accessories,226,3,4,227
2026-01-20,P178,Biscuits V1,Grocery,296,3,0,293
2026-01-21,P110,USB Hub V2,Electronics,371,5,2,368
2026-01-21,P112,Webcam V1,Electronics,263,2,4,265
2026-01-21,P115,Bluetooth Speaker V1,Electronics,297,1,5,301
2026-01-21,P137,Water Bottle V2,Home,69,3,6,72
2026-01-21,P151,Cleaning Kit V1,Home,218,1,5,222
2026-01-21,P153,Cleaning Kit V3,Home,369,2,4,371
2026-01-22,P108,Headphones V3,Electronics,427,2,5,430
2026-01-22,P139,Storage Box V1,Home,129,1,2,130
2026-01-22,P164,Power Bank V2,Accessories,190,1,7,196
2026-01-23,P124,Desk Lamp V1,Office,283,1,4,286
2026-01-23,P126,Desk Lamp V3,Office,202,4,4,202
2026-01-23,P128,Printer Paper V2,Office,241,1,5,245
2026-01-23,P138,Water Bottle V3,Home,124,4,5,125
2026-01-23,P163,Power Bank V1,Accessories,373,1,1,373
2026-01-23,P170,Travel Pouch V2,Accessories,158,2,1,157
2026-01-24,P117,Bluetooth Speaker V3,Electronics,220,2,1,219
2026-01-24,P126,Desk Lamp V3,Office,270,3,5,272
2026-01-24,P134,Stapler V2,Office,275,1,1,275
2026-01-24,P142,Table Clock V1,Home,216,4,6,218
2026-01-24,P149,LED Bulb V2,Home,161,1,5,165
2026-01-24,P150,LED Bulb V3,Home,178,3,6,181
2026-01-24,P154,Laptop Bag V1,Accessories,378,1,7,384
2026-01-24,P158,Phone Case V2,Accessories,319,2,6,323
2026-01-24,P160,Charging Cable V1,Accessories,355,4,6,357
2026-01-24,P168,Desk Mat V3,Accessories,295,1,8,302
2026-01-24,P170,Travel Pouch V2,Accessories,245,1,7,251
2026-01-24,P172,Coffee V1,Grocery,174,1,8,181
2026-01-25,P105,Keyboard V3,Electronics,139,3,2,138
2026-01-25,P117,Bluetooth Speaker V3,Electronics,318,1,4,321
2026-01-25,P119,Notebook V2,Office,242,1,4,245
2026-01-25,P170,Travel Pouch V2,Accessories,187,1,2,188
2026-01-25,P178,Biscuits V1,Grocery,196,3,3,196
2026-01-26,P104,Keyboard V2,Electronics,279,2,4,281
2026-01-26,P124,Desk Lamp V1,Office,245,2,3,246
2026-01-26,P139,Storage Box V1,Home,153,4,2,151
2026-01-26,P145,Cushion V1,Home,172,2,3,173
2026-01-26,P149,LED Bulb V2,Home,108,1,0,107
2026-01-26,P168,Desk Mat V3,Accessories,315,1,4,318
2026-01-26,P171,Travel Pouch V3,Accessories,217,1,3,219
2026-01-27,P102,Wireless Mouse V3,Electronics,366,5,5,366
2026-01-27,P103,Keyboard V1,Electronics,261,3,4,262
2026-01-27,P116,Bluetooth Speaker V2,Electronics,267,4,2,265
2026-01-27,P123,Office Chair V3,Office,165,1,3,167
2026-01-27,P137,Water Bottle V2,Home,77,4,2,75
2026-01-27,P150,LED Bulb V3,Home,260,1,6,265
2026-01-27,P178,Biscuits V1,Grocery,299,2,4,301
2026-01-28,P101,Wireless Mouse V2,Electronics,215,1,7,221
2026-01-28,P125,Desk Lamp V2,Office,279,10,8,277
2026-01-28,P162,Charging Cable V3,Accessories,190,3,4,191
2026-01-28,P166,Desk Mat V1,Accessories,79,4,5,80
2026-01-28,P167,Desk Mat V2,Accessories,308,2,2,308
2026-01-28,P179,Biscuits V2,Grocery,163,3,8,168
2026-01-29,P100,Wireless Mouse V1,Electronics,218,3,3,218
2026-01-29,P105,Keyboard V3,Electronics,207,2,4,209
2026-01-29,P118,Notebook V1,Office,287,1,8,294
2026-01-29,P132,File Folder V3,Office,319,5,6,320
2026-01-29,P155,Laptop Bag V2,Accessories,242,2,2,242
2026-01-30,P108,Headphones V3,Electronics,321,2,2,321
2026-01-30,P114,Webcam V3,Electronics,415,1,6,420
2026-01-30,P116,Bluetooth Speaker V2,Electronics,329,1,5,333
2026-01-30,P129,Printer Paper V3,Office,280,1,7,286
2026-01-30,P151,Cleaning Kit V1,Home,194,1,2,195
2026-01-30,P157,Phone Case V1,Accessories,342,1,2,343
2026-01-30,P162,Charging Cable V3,Accessories,158,1,3,160
2026-01-30,P163,Power Bank V1,Accessories,432,1,5,436
2026-01-30,P165,Power Bank V3,Accessories,110,3,5,112
2026-01-30,P170,Travel Pouch V2,Accessories,192,1,3,194
2026-01-31,P116,Bluetooth Speaker V2,Electronics,281,3,1,279
2026-01-31,P121,Office Chair V1,Office,270,3,5,272
2026-01-31,P139,Storage Box V1,Home,70,4,1,67
2026-01-31,P166,Desk Mat V1,Accessories,75,3,3,75
2026-01-31,P177,Tea V3,Grocery,183,2,1,182
2026-02-01,P127,Printer Paper V1,Office,280,1,2,281
2026-02-01,P136,Water Bottle V1,Home,271,1,2,272
2026-02-01,P162,Charging Cable V3,Accessories,135,2,5,138
2026-02-02,P105,Keyboard V3,Electronics,110,3,3,110
2026-02-02,P127,Printer Paper V1,Office,320,1,4,323
2026-02-02,P128,Printer Paper V2,Office,113,3,8,118
2026-02-02,P143,Table Clock V2,Home,122,3,2,121
2026-02-02,P165,Power Bank V3,Accessories,164,1,6,169
2026-02-02,P168,Desk Mat V3,Accessories,306,4,3,305
2026-02-04,P131,File Folder V2,Office,242,2,5,245
2026-02-04,P145,Cushion V1,Home,150,4,8,154
2026-02-04,P146,Cushion V2,Home,341,5,3,339
2026-02-04,P163,Power Bank V1,Accessories,342,1,7,348
2026-02-05,P100,Wireless Mouse V1,Electronics,162,1,5,166
2026-02-05,P101,Wireless Mouse V2,Electronics,223,3,5,225
2026-02-05,P102,Wireless Mouse V3,Electronics,314,1,7,320
2026-02-05,P134,Stapler V2,Office,178,1,5,182
2026-02-05,P135,Stapler V3,Office,377,4,6,379
2026-02-05,P171,Travel Pouch V3,Accessories,204,2,3,205
2026-02-06,P126,Desk Lamp V3,Office,189,1,3,191
2026-02-06,P154,Laptop Bag V1,Accessories,319,4,3,318
2026-02-06,P158,Phone Case V2,Accessories,258,1,2,259
2026-02-06,P175,Tea V1,Grocery,266,3,10,273
2026-02-06,P176,Tea V2,Grocery,389,1,4,392
2026-02-06,P177,Tea V3,Grocery,176,1,3,178
2026-02-07,P101,Wireless Mouse V2,Electronics,227,2,3,228
2026-02-07,P104,Keyboard V2,Electronics,369,3,4,370
2026-02-07,P118,Notebook V1,Office,326,2,6,330
2026-02-07,P132,File Folder V3,Office,224,1,3,226
2026-02-07,P160,Charging Cable V1,Accessories,333,3,3,333
2026-02-07,P163,Power Bank V1,Accessories,399,3,3,399
2026-02-07,P172,Coffee V1,Grocery,164,5,4,163
2026-02-07,P178,Biscuits V1,Grocery,275,4,2,273
2026-02-08,P120,Notebook V3,Office,138,2,2,138
2026-02-08,P136,Water Bottle V1,Home,238,1,6,243
2026-02-08,P155,Laptop Bag V2,Accessories,300,2,4,302
2026-02-08,P160,Charging Cable V1,Accessories,321,6,1,316
2026-02-08,P161,Charging Cable V2,Accessories,322,1,7,328
2026-02-09,P120,Notebook V3,Office,56,5,3,54
2026-02-09,P130,File Folder V1,Office,306,1,2,307
2026-02-09,P137,Water Bottle V2,Home,150,3,4,151
2026-02-09,P146,Cushion V2,Home,308,1,4,311
2026-02-09,P162,Charging Cable V3,Accessories,212,1,5,216
2026-02-09,P171,Travel Pouch V3,Accessories,210,2,4,212
2026-02-10,P111,USB Hub V3,Electronics,294,1,3,296
2026-02-10,P112,Webcam V1,Electronics,305,3,7,309
2026-02-10,P114,Webcam V3,Electronics,370,2,2,370
2026-02-10,P157,Phone Case V1,Accessories,366,4,8,370
2026-02-11,P103,Keyboard V1,Electronics,303,3,5,305
2026-02-11,P116,Bluetooth Speaker V2,Electronics,267,3,8,272
2026-02-11,P121,Office Chair V1,Office,351,2,6,355
2026-02-11,P140,Storage Box V2,Home,226,2,9,233
2026-02-11,P166,Desk Mat V1,Accessories,106,2,4,108
2026-02-12,P151,Cleaning Kit V1,Home,137,1,7,143
2026-02-12,P152,Cleaning Kit V2,Home,124,1,4,127
2026-02-12,P179,Biscuits V2,Grocery,223,4,1,220
2026-02-13,P113,Webcam V2,Electronics,155,1,3,157
2026-02-13,P115,Bluetooth Speaker V1,Electronics,267,7,4,264
2026-02-13,P125,Desk Lamp V2,Office,290,1,6,295
2026-02-13,P129,Printer Paper V3,Office,281,3,1,279
2026-02-13,P149,LED Bulb V2,Home,145,5,8,148
2026-02-14,P119,Notebook V2,Office,267,3,3,267
2026-02-14,P128,Printer Paper V2,Office,126,3,3,126
2026-02-14,P142,Table Clock V1,Home,196,3,3,196
2026-02-14,P143,Table Clock V2,Home,196,2,3,197
2026-02-14,P152,Cleaning Kit V2,Home,127,7,5,125
2026-02-14,P156,Laptop Bag V3,Accessories,398,2,2,398
2026-02-14,P160,Charging Cable V1,Accessories,405,2,5,408
2026-02-14,P162,Charging Cable V3,Accessories,191,1,2,192
2026-02-14,P165,Power Bank V3,Accessories,85,2,4,87
2026-02-15,P116,Bluetooth Speaker V2,Electronics,300,5,5,300
2026-02-15,P129,Printer Paper V3,Office,295,1,3,297
2026-02-15,P162,Charging Cable V3,Accessories,83,1,3,85
2026-02-16,P127,Printer Paper V1,Office,295,2,4,297
2026-02-16,P128,Printer Paper V2,Office,199,1,5,203
2026-02-16,P130,File Folder V1,Office,356,4,6,358
2026-02-16,P138,Water Bottle V3,Home,103,1,4,106
2026-02-17,P107,Headphones V2,Electronics,191,1,3,193
2026-02-17,P114,Webcam V3,Electronics,390,3,3,390
2026-02-17,P119,Notebook V2,Office,357,1,5,361
2026-02-17,P150,LED Bulb V3,Home,169,1,7,175
2026-02-17,P160,Charging Cable V1,Accessories,405,3,6,408
2026-02-18,P102,Wireless Mouse V3,Electronics,250,3,3,250
2026-02-18,P118,Notebook V1,Office,348,3,7,352
2026-02-18,P124,Desk Lamp V1,Office,274,2,2,274
2026-02-18,P134,Stapler V2,Office,179,2,5,182
2026-02-18,P153,Cleaning Kit V3,Home,322,2,7,327
2026-02-18,P157,Phone Case V1,Accessories,381,1,2,382
2026-02-19,P106,Headphones V1,Electronics,409,4,4,409
2026-02-19,P116,Bluetooth Speaker V2,Electronics,317,2,4,319
2026-02-19,P149,LED Bulb V2,Home,123,4,4,123
2026-02-20,P120,Notebook V3,Office,105,1,8,112
2026-02-20,P122,Office Chair V2,Office,173,6,2,169
2026-02-20,P133,Stapler V1,Office,150,3,4,151
2026-02-20,P148,LED Bulb V1,Home,274,1,4,277
2026-02-20,P167,Desk Mat V2,Accessories,215,2,8,221
2026-02-21,P102,Wireless Mouse V3,Electronics,231,3,6,234
2026-02-21,P114,Webcam V3,Electronics,418,2,5,421
2026-02-21,P116,Bluetooth Speaker V2,Electronics,273,4,3,272
2026-02-21,P119,Notebook V2,Office,300,2,4,302
2026-02-21,P143,Table Clock V2,Home,142,1,4,145
2026-02-22,P103,Keyboard V1,Electronics,275,6,5,274
2026-02-22,P114,Webcam V3,Electronics,328,2,5,331
2026-02-22,P127,Printer Paper V1,Office,313,3,6,316
2026-02-22,P133,Stapler V1,Office,119,3,6,122
2026-02-22,P136,Water Bottle V1,Home,330,1,3,332
2026-02-22,P137,Water Bottle V2,Home,172,4,1,169
2026-02-22,P150,LED Bulb V3,Home,153,1,1,153
2026-02-22,P157,Phone Case V1,Accessories,349,2,10,357
2026-02-22,P170,Travel Pouch V2,Accessories,246,5,7,248
2026-02-22,P175,Tea V1,Grocery,167,4,3,166
2026-02-22,P177,Tea V3,Grocery,63,1,1,63
2026-02-23,P107,Headphones V2,Electronics,117,2,5,120
2026-02-23,P109,USB Hub V1,Electronics,237,3,4,238
2026-02-23,P140,Storage Box V2,Home,103,2,3,104
2026-02-23,P141,Storage Box V3,Home,348,1,2,349
2026-02-23,P156,Laptop Bag V3,Accessories,301,2,3,302
2026-02-23,P159,Phone Case V3,Accessories,331,5,5,331
2026-02-23,P170,Travel Pouch V2,Accessories,264,2,7,269
2026-02-23,P171,Travel Pouch V3,Accessories,251,4,3,250
2026-02-24,P109,USB Hub V1,Electronics,179,1,5,183
2026-02-24,P121,Office Chair V1,Office,311,2,2,311
2026-02-25,P106,Headphones V1,Electronics,279,3,4,280
2026-02-25,P159,Phone Case V3,Accessories,265,3,3,265
2026-02-26,P116,Bluetooth Speaker V2,Electronics,309,3,6,312
2026-02-26,P146,Cushion V2,Home,359,1,5,363
2026-02-27,P104,Keyboard V2,Electronics,340,2,3,341
2026-02-27,P110,USB Hub V2,Electronics,329,3,5,331
2026-02-27,P113,Webcam V2,Electronics,221,1,3,223
2026-02-27,P118,Notebook V1,Office,233,3,4,234
2026-02-27,P123,Office Chair V3,Office,56,2,5,59
2026-02-28,P143,Table Clock V2,Home,176,1,3,178
2026-02-28,P158,Phone Case V2,Accessories,281,2,1,280
2026-02-28,P166,Desk Mat V1,Accessories,208,5,5,208
2026-02-28,P174,Coffee V3,Grocery,200,1,6,205
2026-03-01,P105,Keyboard V3,Electronics,150,2,5,153
2026-03-01,P116,Bluetooth Speaker V2,Electronics,234,1,4,237
2026-03-01,P119,Notebook V2,Office,341,2,4,343
2026-03-01,P138,Water Bottle V3,Home,125,3,3,125
2026-03-01,P140,Storage Box V2,Home,93,1,5,97
2026-03-01,P155,Laptop Bag V2,Accessories,326,1,6,331
2026-03-02,P142,Table Clock V1,Home,234,1,2,235
2026-03-02,P144,Table Clock V3,Home,211,2,3,212
2026-03-02,P154,Laptop Bag V1,Accessories,380,2,5,383
2026-03-02,P167,Desk Mat V2,Accessories,332,1,3,334
2026-03-03,P107,Headphones V2,Electronics,65,1,4,68
2026-03-03,P120,Notebook V3,Office,156,5,6,157
2026-03-03,P163,Power Bank V1,Accessories,298,1,3,300
2026-03-03,P165,Power Bank V3,Accessories,195,3,7,199
2026-03-03,P177,Tea V3,Grocery,126,5,7,128
2026-03-04,P130,File Folder V1,Office,357,1,2,358
2026-03-04,P145,Cushion V1,Home,58,1,4,61
2026-03-04,P161,Charging Cable V2,Accessories,253,2,0,251
2026-03-04,P162,Charging Cable V3,Accessories,75,1,4,78
2026-03-04,P163,Power Bank V1,Accessories,347,1,1,347
2026-03-05,P114,Webcam V3,Electronics,378,2,1,377
2026-03-05,P120,Notebook V3,Office,145,1,5,149
2026-03-05,P131,File Folder V2,Office,243,1,4,246
2026-03-05,P136,Water Bottle V1,Home,214,2,5,217
2026-03-05,P151,Cleaning Kit V1,Home,159,1,4,162
2026-03-05,P153,Cleaning Kit V3,Home,357,3,3,357
2026-03-05,P157,Phone Case V1,Accessories,298,1,4,301
2026-03-05,P169,Travel Pouch V1,Accessories,201,2,6,205
2026-03-05,P171,Travel Pouch V3,Accessories,258,7,7,258
2026-03-06,P129,Printer Paper V3,Office,259,2,7,264
2026-03-06,P130,File Folder V1,Office,297,1,9,305
2026-03-06,P133,Stapler V1,Office,90,5,5,90
2026-03-06,P162,Charging Cable V3,Accessories,166,1,5,170
2026-03-06,P167,Desk Mat V2,Accessories,241,5,6,242
2026-03-07,P117,Bluetooth Speaker V3,Electronics,252,4,1,249
2026-03-07,P128,Printer Paper V2,Office,189,3,3,189
2026-03-07,P135,Stapler V3,Office,307,3,4,308
2026-03-07,P141,Storage Box V3,Home,267,4,4,267
2026-03-07,P168,Desk Mat V3,Accessories,319,2,5,322
2026-03-07,P175,Tea V1,Grocery,213,5,3,211
2026-03-07,P176,Tea V2,Grocery,370,3,1,368
2026-03-08,P109,USB Hub V1,Electronics,270,1,1,270
2026-03-08,P110,USB Hub V2,Electronics,295,2,3,296
2026-03-08,P141,Storage Box V3,Home,218,1,3,220
2026-03-08,P153,Cleaning Kit V3,Home,334,1,2,335
2026-03-08,P170,Travel Pouch V2,Accessories,153,3,1,151
2026-03-09,P106,Headphones V1,Electronics,356,1,9,364
2026-03-09,P116,Bluetooth Speaker V2,Electronics,291,1,3,293
2026-03-09,P162,Charging Cable V3,Accessories,89,2,3,90
2026-03-09,P165,Power Bank V3,Accessories,116,5,5,116
2026-03-09,P176,Tea V2,Grocery,348,2,3,349
2026-03-10,P123,Office Chair V3,Office,169,2,7,174
2026-03-10,P125,Desk Lamp V2,Office,340,7,7,340
2026-03-10,P133,Stapler V1,Office,67,2,7,72
2026-03-10,P142,Table Clock V1,Home,217,4,3,216
2026-03-10,P147,Cushion V3,Home,303,3,4,304
2026-03-10,P162,Charging Cable V3,Accessories,86,4,7,89
2026-03-10,P168,Desk Mat V3,Accessories,327,1,2,328
2026-03-10,P179,Biscuits V2,Grocery,225,1,3,227
2026-03-11,P136,Water Bottle V1,Home,202,2,5,205
2026-03-11,P139,Storage Box V1,Home,192,1,2,193
2026-03-11,P159,Phone Case V3,Accessories,215,2,5,218
2026-03-11,P161,Charging Cable V2,Accessories,240,2,9,247
2026-03-12,P119,Notebook V2,Office,269,1,2,270
2026-03-12,P123,Office Chair V3,Office,201,4,5,202
2026-03-12,P134,Stapler V2,Office,266,3,3,266
2026-03-12,P135,Stapler V3,Office,403,3,11,411
2026-03-12,P166,Desk Mat V1,Accessories,69,2,4,71
2026-03-12,P169,Travel Pouch V1,Accessories,192,2,4,194
2026-03-13,P100,Wireless Mouse V1,Electronics,235,2,3,236
2026-03-13,P107,Headphones V2,Electronics,150,4,3,149
2026-03-13,P122,Office Chair V2,Office,207,3,2,206
2026-03-13,P145,Cushion V1,Home,169,1,2,170
2026-03-13,P156,Laptop Bag V3,Accessories,337,3,5,339
2026-03-14,P112,Webcam V1,Electronics,323,1,1,323
2026-03-14,P121,Office Chair V1,Office,262,1,5,266
2026-03-14,P125,Desk Lamp V2,Office,312,1,5,316
2026-03-14,P138,Water Bottle V3,Home,149,2,3,150
2026-03-14,P150,LED Bulb V3,Home,199,4,4,199
2026-03-14,P157,Phone Case V1,Accessories,278,1,4,281
2026-03-14,P164,Power Bank V2,Accessories,254,1,6,259
2026-03-14,P169,Travel Pouch V1,Accessories,165,1,3,167
2026-03-14,P179,Biscuits V2,Grocery,255,3,7,259
2026-03-15,P111,USB Hub V3,Electronics,421,3,8,426
2026-03-15,P143,Table Clock V2,Home,195,1,3,197
2026-03-15,P145,Cushion V1,Home,103,3,6,106
2026-03-15,P153,Cleaning Kit V3,Home,415,6,2,411
2026-03-15,P156,Laptop Bag V3,Accessories,409,2,5,412
2026-03-15,P169,Travel Pouch V1,Accessories,224,6,8,226
2026-03-15,P171,Travel Pouch V3,Accessories,194,2,4,196
2026-03-16,P127,Printer Paper V1,Office,364,1,6,369
2026-03-16,P132,File Folder V3,Office,229,3,5,231
2026-03-16,P136,Water Bottle V1,Home,263,3,3,263
2026-03-16,P153,Cleaning Kit V3,Home,343,2,3,344
2026-03-16,P164,Power Bank V2,Accessories,209,2,4,211
2026-03-16,P177,Tea V3,Grocery,161,1,2,162
2026-03-17,P127,Printer Paper V1,Office,375,1,6,380
2026-03-17,P140,Storage Box V2,Home,206,3,5,208
2026-03-17,P155,Laptop Bag V2,Accessories,315,1,5,319
2026-03-17,P160,Charging Cable V1,Accessories,330,2,3,331
2026-03-17,P167,Desk Mat V2,Accessories,273,2,5,276
2026-03-18,P110,USB Hub V2,Electronics,302,8,5,299
2026-03-18,P126,Desk Lamp V3,Office,266,3,1,264
2026-03-18,P150,LED Bulb V3,Home,206,3,4,207
2026-03-18,P160,Charging Cable V1,Accessories,420,2,6,424
2026-03-18,P162,Charging Cable V3,Accessories,175,3,6,178
2026-03-19,P104,Keyboard V2,Electronics,316,3,6,319
2026-03-19,P131,File Folder V2,Office,279,1,6,284
2026-03-19,P156,Laptop Bag V3,Accessories,406,4,1,403
2026-03-19,P173,Coffee V2,Grocery,322,1,7,328
2026-03-19,P174,Coffee V3,Grocery,287,1,6,292
2026-03-20,P110,USB Hub V2,Electronics,372,4,1,369
2026-03-20,P116,Bluetooth Speaker V2,Electronics,196,2,3,197
2026-03-20,P147,Cushion V3,Home,268,4,4,268
2026-03-20,P157,Phone Case V1,Accessories,296,1,3,298
2026-03-20,P158,Phone Case V2,Accessories,211,1,1,211
2026-03-20,P162,Charging Cable V3,Accessories,150,5,5,150
2026-03-21,P120,Notebook V3,Office,83,2,2,83
2026-03-21,P142,Table Clock V1,Home,195,2,5,198
2026-03-22,P101,Wireless Mouse V2,Electronics,273,1,2,274
2026-03-22,P104,Keyboard V2,Electronics,384,4,5,385
2026-03-22,P154,Laptop Bag V1,Accessories,336,1,1,336
2026-03-22,P175,Tea V1,Grocery,166,2,5,169
2026-03-23,P114,Webcam V3,Electronics,296,1,4,299
2026-03-23,P116,Bluetooth Speaker V2,Electronics,323,1,4,326
2026-03-23,P120,Notebook V3,Office,140,2,6,144
2026-03-23,P130,File Folder V1,Office,273,1,5,277
2026-03-23,P153,Cleaning Kit V3,Home,428,2,7,433
2026-03-23,P158,Phone Case V2,Accessories,330,1,8,337
2026-03-23,P169,Travel Pouch V1,Accessories,212,3,5,214
2026-03-23,P176,Tea V2,Grocery,379,5,1,375
2026-03-24,P115,Bluetooth Speaker V1,Electronics,355,1,2,356
2026-03-24,P147,Cushion V3,Home,293,7,5,291
2026-03-24,P171,Travel Pouch V3,Accessories,237,4,1,234
2026-03-25,P113,Webcam V2,Electronics,130,3,4,131
2026-03-25,P131,File Folder V2,Office,175,1,2,176
2026-03-25,P149,LED Bulb V2,Home,79,4,3,78
2026-03-26,P115,Bluetooth Speaker V1,Electronics,285,4,0,281
2026-03-26,P126,Desk Lamp V3,Office,208,2,3,209
2026-03-26,P134,Stapler V2,Office,242,2,4,244
2026-03-26,P139,Storage Box V1,Home,75,1,2,76
2026-03-26,P162,Charging Cable V3,Accessories,188,5,6,189
2026-03-26,P171,Travel Pouch V3,Accessories,220,2,7,225
2026-03-27,P109,USB Hub V1,Electronics,202,4,4,202
2026-03-27,P114,Webcam V3,Electronics,393,5,3,391
2026-03-27,P154,Laptop Bag V1,Accessories,322,1,3,324
2026-03-27,P166,Desk Mat V1,Accessories,115,1,7,121
2026-03-28,P102,Wireless Mouse V3,Electronics,275,3,1,273
2026-03-28,P116,Bluetooth Speaker V2,Electronics,207,4,3,206
2026-03-28,P124,Desk Lamp V1,Office,310,4,3,309
2026-03-28,P169,Travel Pouch V1,Accessories,260,5,4,259
2026-03-28,P170,Travel Pouch V2,Accessories,170,3,3,170
2026-03-29,P159,Phone Case V3,Accessories,326,3,4,327
2026-03-29,P165,Power Bank V3,Accessories,223,2,6,227
2026-03-29,P173,Coffee V2,Grocery,319,2,5,322
2026-03-30,P104,Keyboard V2,Electronics,366,4,4,366
2026-03-30,P109,USB Hub V1,Electronics,305,3,5,307
2026-03-30,P115,Bluetooth Speaker V1,Electronics,386,1,5,390
2026-03-30,P176,Tea V2,Grocery,354,2,6,358
2026-03-31,P104,Keyboard V2,Electronics,319,2,8,325
2026-03-31,P118,Notebook V1,Office,316,2,2,316
2026-03-31,P127,Printer Paper V1,Office,397,4,0,393
2026-03-31,P128,Printer Paper V2,Office,207,4,2,205
2026-03-31,P155,Laptop Bag V2,Accessories,298,1,5,302
2026-03-31,P173,Coffee V2,Grocery,273,1,6,278
2026-04-01,P134,Stapler V2,Office,318,3,3,318
2026-04-01,P150,LED Bulb V3,Home,251,1,4,254
2026-04-01,P172,Coffee V1,Grocery,156,3,7,160
2026-04-02,P110,USB Hub V2,Electronics,335,2,6,339
2026-04-02,P113,Webcam V2,Electronics,199,3,0,196
2026-04-02,P141,Storage Box V3,Home,274,1,3,276
2026-04-02,P156,Laptop Bag V3,Accessories,422,1,3,424
2026-04-02,P158,Phone Case V2,Accessories,210,3,8,215
2026-04-03,P100,Wireless Mouse V1,Electronics,235,1,5,239
2026-04-03,P124,Desk Lamp V1,Office,217,3,6,220
2026-04-03,P160,Charging Cable V1,Accessories,363,1,3,365
2026-04-03,P161,Charging Cable V2,Accessories,291,2,5,294
2026-04-04,P103,Keyboard V1,Electronics,185,1,8,192
2026-04-04,P125,Desk Lamp V2,Office,261,3,3,261
2026-04-04,P139,Storage Box V1,Home,194,2,5,197
2026-04-04,P148,LED Bulb V1,Home,226,3,2,225
2026-04-04,P164,Power Bank V2,Accessories,251,1,3,253
2026-04-04,P178,Biscuits V1,Grocery,202,1,2,203
2026-04-05,P110,USB Hub V2,Electronics,309,1,2,310
2026-04-05,P113,Webcam V2,Electronics,108,1,4,111
2026-04-05,P129,Printer Paper V3,Office,246,9,2,239
2026-04-05,P148,LED Bulb V1,Home,198,4,4,198
2026-04-05,P158,Phone Case V2,Accessories,275,1,4,278
2026-04-06,P109,USB Hub V1,Electronics,198,1,1,198
2026-04-06,P117,Bluetooth Speaker V3,Electronics,321,1,4,324
2026-04-06,P143,Table Clock V2,Home,197,1,5,201
2026-04-06,P173,Coffee V2,Grocery,363,3,6,366
2026-04-07,P108,Headphones V3,Electronics,381,3,5,383
2026-04-07,P150,LED Bulb V3,Home,233,6,3,230
2026-04-07,P160,Charging Cable V1,Accessories,367,1,4,370
2026-04-08,P135,Stapler V3,Office,382,3,2,381
2026-04-08,P154,Laptop Bag V1,Accessories,363,3,1,361
2026-04-08,P155,Laptop Bag V2,Accessories,257,2,3,258
2026-04-08,P171,Travel Pouch V3,Accessories,203,1,7,209
2026-04-09,P123,Office Chair V3,Office,158,3,6,161
2026-04-09,P128,Printer Paper V2,Office,172,3,2,171
2026-04-09,P165,Power Bank V3,Accessories,161,2,1,160
2026-04-09,P170,Travel Pouch V2,Accessories,248,2,4,250
2026-04-09,P177,Tea V3,Grocery,52,2,5,55
2026-04-10,P105,Keyboard V3,Electronics,212,5,1,208
2026-04-10,P118,Notebook V1,Office,322,3,0,319
2026-04-10,P125,Desk Lamp V2,Office,359,3,2,358
2026-04-10,P137,Water Bottle V2,Home,84,3,5,86
2026-04-10,P158,Phone Case V2,Accessories,244,1,3,246
2026-04-10,P178,Biscuits V1,Grocery,304,1,7,310
2026-04-11,P116,Bluetooth Speaker V2,Electronics,272,1,6,277
2026-04-11,P121,Office Chair V1,Office,257,5,3,255
2026-04-11,P122,Office Chair V2,Office,138,5,3,136
2026-04-11,P137,Water Bottle V2,Home,181,4,5,182
2026-04-11,P148,LED Bulb V1,Home,232,1,4,235
2026-04-11,P156,Laptop Bag V3,Accessories,331,4,3,330
2026-04-11,P158,Phone Case V2,Accessories,215,1,5,219
2026-04-11,P160,Charging Cable V1,Accessories,361,3,6,364
2026-04-11,P162,Charging Cable V3,Accessories,134,1,2,135
2026-04-11,P176,Tea V2,Grocery,255,1,7,261
2026-04-12,P117,Bluetooth Speaker V3,Electronics,272,1,3,274
2026-04-12,P152,Cleaning Kit V2,Home,96,4,6,98
2026-04-12,P162,Charging Cable V3,Accessories,75,2,5,78
2026-04-12,P163,Power Bank V1,Accessories,389,4,3,388
2026-04-12,P173,Coffee V2,Grocery,236,2,4,238
2026-04-12,P175,Tea V1,Grocery,150,1,7,156
2026-04-13,P109,USB Hub V1,Electronics,166,2,3,167
2026-04-13,P123,Office Chair V3,Office,187,1,1,187
2026-04-13,P127,Printer Paper V1,Office,354,1,2,355
2026-04-13,P171,Travel Pouch V3,Accessories,289,2,1,288
2026-04-14,P109,USB Hub V1,Electronics,189,3,4,190
2026-04-14,P117,Bluetooth Speaker V3,Electronics,187,1,3,189
2026-04-14,P133,Stapler V1,Office,169,1,7,175
2026-04-14,P142,Table Clock V1,Home,111,2,2,111
2026-04-14,P167,Desk Mat V2,Accessories,328,2,4,330
2026-04-15,P114,Webcam V3,Electronics,337,2,4,339
2026-04-15,P126,Desk Lamp V3,Office,193,5,6,194
2026-04-15,P132,File Folder V3,Office,213,2,8,219
2026-04-15,P146,Cushion V2,Home,277,3,4,278
2026-04-16,P125,Desk Lamp V2,Office,298,5,2,295
2026-04-16,P170,Travel Pouch V2,Accessories,162,2,6,166
2026-04-17,P107,Headphones V2,Electronics,183,1,3,185
2026-04-17,P129,Printer Paper V3,Office,308,3,3,308
2026-04-17,P143,Table Clock V2,Home,229,3,2,228
2026-04-18,P122,Office Chair V2,Office,122,4,3,121
2026-04-18,P127,Printer Paper V1,Office,414,4,6,416
2026-04-18,P175,Tea V1,Grocery,208,4,11,215
2026-04-19,P133,Stapler V1,Office,157,1,3,159
2026-04-19,P135,Stapler V3,Office,397,2,3,398
2026-04-19,P164,Power Bank V2,Accessories,277,1,2,278
2026-04-20,P118,Notebook V1,Office,265,1,4,268
2026-04-20,P121,Office Chair V1,Office,331,3,2,330
2026-04-20,P139,Storage Box V1,Home,73,3,5,75
2026-04-20,P144,Table Clock V3,Home,279,1,3,281
2026-04-20,P160,Charging Cable V1,Accessories,429,4,5,430
2026-04-20,P169,Travel Pouch V1,Accessories,263,2,4,265
2026-04-20,P176,Tea V2,Grocery,354,2,3,355
2026-04-21,P102,Wireless Mouse V3,Electronics,252,1,5,256
2026-04-21,P108,Headphones V3,Electronics,327,5,2,324
2026-04-21,P110,USB Hub V2,Electronics,381,1,6,386
2026-04-21,P125,Desk Lamp V2,Office,283,7,3,279
2026-04-21,P126,Desk Lamp V3,Office,212,3,5,214
2026-04-21,P156,Laptop Bag V3,Accessories,389,4,6,391
2026-04-21,P167,Desk Mat V2,Accessories,218,2,2,218
2026-04-22,P110,USB Hub V2,Electronics,349,2,3,350
2026-04-22,P119,Notebook V2,Office,249,2,6,253
2026-04-23,P104,Keyboard V2,Electronics,321,2,2,321
2026-04-23,P128,Printer Paper V2,Office,110,1,2,111
2026-04-23,P154,Laptop Bag V1,Accessories,284,2,5,287
2026-04-24,P128,Printer Paper V2,Office,239,4,2,237
2026-04-24,P141,Storage Box V3,Home,241,2,8,247
2026-04-24,P144,Table Clock V3,Home,134,5,8,137
2026-04-25,P116,Bluetooth Speaker V2,Electronics,279,4,6,281
2026-04-25,P123,Office Chair V3,Office,76,2,4,78
2026-04-25,P126,Desk Lamp V3,Office,256,2,4,258
2026-04-25,P134,Stapler V2,Office,228,5,2,225
2026-04-25,P178,Biscuits V1,Grocery,314,2,5,317
2026-04-26,P152,Cleaning Kit V2,Home,134,2,4,136
2026-04-26,P154,Laptop Bag V1,Accessories,409,1,5,413
2026-04-26,P161,Charging Cable V2,Accessories,239,2,6,243
2026-04-26,P168,Desk Mat V3,Accessories,323,1,5,327
2026-04-26,P175,Tea V1,Grocery,207,2,4,209
2026-04-27,P105,Keyboard V3,Electronics,212,3,2,211
2026-04-27,P148,LED Bulb V1,Home,246,6,3,243
2026-04-27,P152,Cleaning Kit V2,Home,139,4,8,143
2026-04-27,P155,Laptop Bag V2,Accessories,271,7,4,268
2026-04-27,P161,Charging Cable V2,Accessories,279,3,2,278
2026-04-27,P163,Power Bank V1,Accessories,311,1,4,314
2026-04-28,P110,USB Hub V2,Electronics,254,6,3,251
2026-04-28,P114,Webcam V3,Electronics,304,3,7,308
2026-04-28,P119,Notebook V2,Office,348,2,4,350
2026-04-28,P150,LED Bulb V3,Home,232,1,6,237
2026-04-28,P159,Phone Case V3,Accessories,251,7,1,245
2026-04-28,P164,Power Bank V2,Accessories,241,1,5,245
2026-04-29,P123,Office Chair V3,Office,63,2,2,63
2026-04-29,P155,Laptop Bag V2,Accessories,215,3,5,217
2026-04-29,P165,Power Bank V3,Accessories,155,1,4,158
2026-04-29,P172,Coffee V1,Grocery,132,2,4,134
2026-04-30,P157,Phone Case V1,Accessories,254,3,3,254
2026-04-30,P169,Travel Pouch V1,Accessories,250,3,5,252
2026-05-01,P110,USB Hub V2,Electronics,274,1,7,280
2026-05-01,P120,Notebook V3,Office,199,2,4,201
2026-05-01,P135,Stapler V3,Office,377,2,3,378
2026-05-01,P175,Tea V1,Grocery,225,1,3,227
2026-05-02,P133,Stapler V1,Office,82,2,2,82
2026-05-02,P150,LED Bulb V3,Home,149,1,2,150
2026-05-02,P168,Desk Mat V3,Accessories,323,2,1,322
2026-05-03,P111,USB Hub V3,Electronics,304,3,3,304
2026-05-03,P136,Water Bottle V1,Home,304,2,3,305
2026-05-03,P142,Table Clock V1,Home,168,1,3,170
2026-05-04,P108,Headphones V3,Electronics,375,2,4,377
2026-05-04,P117,Bluetooth Speaker V3,Electronics,296,5,6,297
2026-05-04,P129,Printer Paper V3,Office,259,1,5,263
2026-05-04,P131,File Folder V2,Office,271,3,2,270
2026-05-04,P146,Cushion V2,Home,289,3,6,292
2026-05-04,P152,Cleaning Kit V2,Home,202,1,5,206
2026-05-04,P158,Phone Case V2,Accessories,301,4,1,298
2026-05-04,P162,Charging Cable V3,Accessories,175,2,4,177
2026-05-04,P170,Travel Pouch V2,Accessories,198,2,2,198
2026-05-05,P112,Webcam V1,Electronics,293,3,7,297
2026-05-06,P111,USB Hub V3,Electronics,297,3,6,300
2026-05-06,P117,Bluetooth Speaker V3,Electronics,269,3,2,268
2026-05-06,P121,Office Chair V1,Office,292,2,10,300
2026-05-06,P127,Printer Paper V1,Office,322,3,4,323
2026-05-06,P153,Cleaning Kit V3,Home,357,1,3,359
2026-05-06,P159,Phone Case V3,Accessories,298,4,6,300
2026-05-07,P101,Wireless Mouse V2,Electronics,209,1,4,212
2026-05-07,P105,Keyboard V3,Electronics,216,1,2,217
2026-05-07,P108,Headphones V3,Electronics,315,1,4,318
2026-05-07,P161,Charging Cable V2,Accessories,356,4,3,355
2026-05-08,P101,Wireless Mouse V2,Electronics,183,1,3,185
2026-05-08,P107,Headphones V2,Electronics,145,2,1,144
2026-05-08,P110,USB Hub V2,Electronics,284,3,0,281
2026-05-08,P149,LED Bulb V2,Home,182,1,5,186
2026-05-08,P151,Cleaning Kit V1,Home,155,2,9,162
2026-05-08,P152,Cleaning Kit V2,Home,229,1,5,233
2026-05-08,P154,Laptop Bag V1,Accessories,404,1,3,406
2026-05-08,P161,Charging Cable V2,Accessories,242,3,4,243
2026-05-09,P107,Headphones V2,Electronics,139,4,7,142
2026-05-09,P140,Storage Box V2,Home,120,2,4,122
2026-05-09,P161,Charging Cable V2,Accessories,291,1,1,291
2026-05-09,P162,Charging Cable V3,Accessories,141,4,6,143
2026-05-09,P165,Power Bank V3,Accessories,170,2,10,178
2026-05-10,P104,Keyboard V2,Electronics,343,6,5,342
2026-05-10,P108,Headphones V3,Electronics,345,4,2,343
2026-05-10,P136,Water Bottle V1,Home,301,3,2,300
2026-05-10,P143,Table Clock V2,Home,223,2,5,226
2026-05-10,P148,LED Bulb V1,Home,273,1,2,274
2026-05-10,P152,Cleaning Kit V2,Home,167,2,3,168
2026-05-10,P155,Laptop Bag V2,Accessories,323,2,2,323
2026-05-10,P168,Desk Mat V3,Accessories,420,3,8,425
2026-05-11,P108,Headphones V3,Electronics,397,3,6,400
2026-05-11,P113,Webcam V2,Electronics,179,1,3,181
2026-05-11,P129,Printer Paper V3,Office,216,1,5,220
2026-05-11,P140,Storage Box V2,Home,116,1,2,117
2026-05-11,P159,Phone Case V3,Accessories,212,2,5,215
2026-05-11,P160,Charging Cable V1,Accessories,294,1,7,300
2026-05-12,P129,Printer Paper V3,Office,238,1,1,238
2026-05-12,P138,Water Bottle V3,Home,167,2,3,168
2026-05-12,P140,Storage Box V2,Home,136,3,5,138
2026-05-12,P161,Charging Cable V2,Accessories,248,1,7,254
2026-05-12,P164,Power Bank V2,Accessories,181,1,3,183
2026-05-12,P171,Travel Pouch V3,Accessories,261,1,3,263
2026-05-12,P176,Tea V2,Grocery,299,3,4,300
2026-05-13,P117,Bluetooth Speaker V3,Electronics,308,3,4,309
2026-05-13,P122,Office Chair V2,Office,126,1,3,128
2026-05-13,P153,Cleaning Kit V3,Home,320,1,3,322
2026-05-13,P177,Tea V3,Grocery,187,1,4,190
2026-05-14,P102,Wireless Mouse V3,Electronics,281,3,1,279
2026-05-14,P107,Headphones V2,Electronics,148,1,3,150
2026-05-14,P127,Printer Paper V1,Office,333,2,3,334
2026-05-14,P150,LED Bulb V3,Home,156,2,7,161
2026-05-14,P151,Cleaning Kit V1,Home,130,1,2,131
2026-05-14,P158,Phone Case V2,Accessories,197,3,3,197
2026-05-14,P162,Charging Cable V3,Accessories,130,2,4,132
2026-05-14,P163,Power Bank V1,Accessories,378,4,1,375
2026-05-15,P119,Notebook V2,Office,320,4,6,322
2026-05-15,P124,Desk Lamp V1,Office,251,3,4,252
2026-05-15,P155,Laptop Bag V2,Accessories,258,1,4,261
2026-05-15,P157,Phone Case V1,Accessories,268,2,6,272
2026-05-15,P161,Charging Cable V2,Accessories,276,6,1,271
2026-05-15,P173,Coffee V2,Grocery,238,2,2,238
2026-05-15,P174,Coffee V3,Grocery,225,5,4,224
2026-05-15,P177,Tea V3,Grocery,197,2,3,198
2026-05-16,P104,Keyboard V2,Electronics,306,4,12,314
2026-05-16,P114,Webcam V3,Electronics,364,1,4,367
2026-05-16,P121,Office Chair V1,Office,361,2,3,362
2026-05-16,P129,Printer Paper V3,Office,287,2,2,287
2026-05-16,P139,Storage Box V1,Home,143,2,1,142
2026-05-16,P141,Storage Box V3,Home,217,2,5,220
2026-05-16,P163,Power Bank V1,Accessories,405,4,6,407
2026-05-16,P166,Desk Mat V1,Accessories,196,1,7,202
2026-05-17,P105,Keyboard V3,Electronics,224,3,3,224
2026-05-17,P150,LED Bulb V3,Home,161,3,2,160
2026-05-17,P151,Cleaning Kit V1,Home,259,3,4,260
2026-05-17,P173,Coffee V2,Grocery,266,4,0,262
2026-05-17,P175,Tea V1,Grocery,137,1,3,139
2026-05-18,P105,Keyboard V3,Electronics,148,2,8,154
2026-05-18,P147,Cushion V3,Home,252,1,6,257
2026-05-18,P159,Phone Case V3,Accessories,211,5,6,212
2026-05-18,P164,Power Bank V2,Accessories,211,2,3,212
2026-05-18,P168,Desk Mat V3,Accessories,374,2,5,377
2026-05-18,P171,Travel Pouch V3,Accessories,178,2,5,181
2026-05-18,P179,Biscuits V2,Grocery,238,2,4,240
2026-05-19,P101,Wireless Mouse V2,Electronics,257,3,5,259
2026-05-19,P107,Headphones V2,Electronics,73,1,2,74
2026-05-19,P131,File Folder V2,Office,145,4,0,141
2026-05-19,P150,LED Bulb V3,Home,238,4,3,237
2026-05-19,P171,Travel Pouch V3,Accessories,268,1,2,269
2026-05-20,P103,Keyboard V1,Electronics,260,2,2,260
2026-05-20,P126,Desk Lamp V3,Office,304,1,0,303
2026-05-20,P130,File Folder V1,Office,409,1,4,412
2026-05-20,P135,Stapler V3,Office,370,1,6,375
2026-05-20,P156,Laptop Bag V3,Accessories,322,5,5,322
2026-05-21,P103,Keyboard V1,Electronics,179,2,3,180
2026-05-21,P104,Keyboard V2,Electronics,338,5,4,337
2026-05-21,P117,Bluetooth Speaker V3,Electronics,224,2,0,222
2026-05-21,P123,Office Chair V3,Office,143,2,2,143
2026-05-21,P129,Printer Paper V3,Office,212,3,5,214
2026-05-21,P133,Stapler V1,Office,123,4,6,125
2026-05-21,P142,Table Clock V1,Home,203,1,4,206
2026-05-21,P150,LED Bulb V3,Home,143,2,3,144
2026-05-21,P156,Laptop Bag V3,Accessories,429,3,5,431
2026-05-22,P100,Wireless Mouse V1,Electronics,163,1,3,165
2026-05-22,P106,Headphones V1,Electronics,420,3,4,421
2026-05-22,P148,LED Bulb V1,Home,205,3,3,205
2026-05-22,P163,Power Bank V1,Accessories,440,3,4,441
2026-05-22,P165,Power Bank V3,Accessories,87,3,2,86
2026-05-22,P171,Travel Pouch V3,Accessories,279,1,3,281
2026-05-24,P103,Keyboard V1,Electronics,199,1,3,201
2026-05-24,P132,File Folder V3,Office,265,3,9,271
2026-05-24,P133,Stapler V1,Office,151,1,3,153
2026-05-24,P170,Travel Pouch V2,Accessories,216,4,6,218
2026-05-25,P103,Keyboard V1,Electronics,230,4,6,232
2026-05-25,P125,Desk Lamp V2,Office,344,2,6,348
2026-05-25,P161,Charging Cable V2,Accessories,312,1,2,313
2026-05-25,P162,Charging Cable V3,Accessories,211,4,4,211
2026-05-25,P168,Desk Mat V3,Accessories,306,4,9,311
2026-05-25,P173,Coffee V2,Grocery,236,1,3,238
2026-05-25,P176,Tea V2,Grocery,326,2,6,330
2026-05-26,P103,Keyboard V1,Electronics,211,2,5,214
2026-05-26,P106,Headphones V1,Electronics,334,3,2,333
2026-05-26,P108,Headphones V3,Electronics,298,5,5,298
2026-05-26,P114,Webcam V3,Electronics,328,2,3,329
2026-05-26,P128,Printer Paper V2,Office,159,1,7,165
2026-05-26,P164,Power Bank V2,Accessories,201,1,4,204
2026-05-26,P168,Desk Mat V3,Accessories,408,5,6,409
2026-05-27,P124,Desk Lamp V1,Office,287,2,4,289
2026-05-27,P137,Water Bottle V2,Home,177,5,6,178
2026-05-27,P153,Cleaning Kit V3,Home,421,1,8,428
2026-05-27,P165,Power Bank V3,Accessories,159,1,4,162
2026-05-28,P102,Wireless Mouse V3,Electronics,345,4,6,347
2026-05-28,P105,Keyboard V3,Electronics,241,2,4,243
2026-05-28,P107,Headphones V2,Electronics,169,1,2,170
2026-05-28,P113,Webcam V2,Electronics,210,3,2,209
2026-05-28,P115,Bluetooth Speaker V1,Electronics,378,2,8,384
2026-05-28,P122,Office Chair V2,Office,151,1,6,156
2026-05-28,P126,Desk Lamp V3,Office,264,4,8,268
2026-05-28,P139,Storage Box V1,Home,205,1,4,208
2026-05-28,P162,Charging Cable V3,Accessories,174,3,4,175
2026-05-28,P163,Power Bank V1,Accessories,358,1,0,357
2026-05-28,P168,Desk Mat V3,Accessories,423,5,2,420
2026-05-28,P169,Travel Pouch V1,Accessories,224,2,2,224
2026-05-29,P121,Office Chair V1,Office,264,3,4,265
2026-05-29,P126,Desk Lamp V3,Office,317,1,3,319
2026-05-29,P131,File Folder V2,Office,287,2,3,288
2026-05-29,P143,Table Clock V2,Home,95,1,5,99
2026-05-29,P148,LED Bulb V1,Home,150,1,2,151
2026-05-29,P161,Charging Cable V2,Accessories,303,2,6,307
2026-05-29,P166,Desk Mat V1,Accessories,130,1,3,132
2026-05-30,P114,Webcam V3,Electronics,309,1,3,311
2026-05-30,P120,Notebook V3,Office,145,2,3,146
2026-05-30,P121,Office Chair V1,Office,312,2,2,312
2026-05-30,P133,Stapler V1,Office,177,2,6,181
2026-05-30,P139,Storage Box V1,Home,93,1,4,96
2026-05-30,P161,Charging Cable V2,Accessories,378,4,3,377
2026-05-30,P171,Travel Pouch V3,Accessories,249,1,4,252
2026-05-30,P177,Tea V3,Grocery,138,3,4,139
2026-05-31,P101,Wireless Mouse V2,Electronics,202,2,8,208
2026-05-31,P112,Webcam V1,Electronics,274,3,2,273
2026-05-31,P120,Notebook V3,Office,166,3,4,167
2026-05-31,P130,File Folder V1,Office,267,2,3,268
2026-05-31,P137,Water Bottle V2,Home,177,2,3,178
2026-05-31,P143,Table Clock V2,Home,161,1,5,165
2026-05-31,P168,Desk Mat V3,Accessories,410,1,2,411
2026-05-31,P177,Tea V3,Grocery,135,2,5,138
2026-06-01,P111,USB Hub V3,Electronics,301,1,1,301
2026-06-01,P117,Bluetooth Speaker V3,Electronics,292,2,2,292
2026-06-01,P127,Printer Paper V1,Office,389,1,7,395
2026-06-01,P156,Laptop Bag V3,Accessories,365,1,2,366
2026-06-02,P117,Bluetooth Speaker V3,Electronics,277,1,5,281
2026-06-02,P136,Water Bottle V1,Home,294,3,6,297
2026-06-02,P161,Charging Cable V2,Accessories,317,3,3,317
2026-06-03,P108,Headphones V3,Electronics,394,6,6,394
2026-06-03,P110,USB Hub V2,Electronics,307,5,2,304
2026-06-03,P122,Office Chair V2,Office,167,2,2,167
2026-06-04,P118,Notebook V1,Office,368,5,6,369
2026-06-04,P119,Notebook V2,Office,317,3,6,320
2026-06-04,P135,Stapler V3,Office,271,4,5,272
2026-06-04,P162,Charging Cable V3,Accessories,89,5,3,87
2026-06-04,P172,Coffee V1,Grocery,208,2,6,212
2026-06-05,P112,Webcam V1,Electronics,243,1,7,249
2026-06-05,P145,Cushion V1,Home,192,3,5,194
2026-06-07,P117,Bluetooth Speaker V3,Electronics,225,2,2,225
2026-06-07,P157,Phone Case V1,Accessories,360,2,3,361
2026-06-07,P159,Phone Case V3,Accessories,292,1,2,293
2026-06-08,P104,Keyboard V2,Electronics,403,3,6,406
2026-06-08,P109,USB Hub V1,Electronics,218,2,5,221
2026-06-08,P110,USB Hub V2,Electronics,323,1,5,327
2026-06-08,P121,Office Chair V1,Office,269,1,3,271
2026-06-08,P131,File Folder V2,Office,146,2,3,147
2026-06-08,P136,Water Bottle V1,Home,205,2,3,206
2026-06-08,P151,Cleaning Kit V1,Home,119,4,9,124
2026-06-09,P102,Wireless Mouse V3,Electronics,284,3,4,285
2026-06-09,P124,Desk Lamp V1,Office,309,4,3,308
2026-06-09,P132,File Folder V3,Office,255,1,4,258
2026-06-09,P140,Storage Box V2,Home,151,1,3,153
2026-06-09,P143,Table Clock V2,Home,175,1,4,178
2026-06-09,P152,Cleaning Kit V2,Home,106,1,6,111
2026-06-09,P153,Cleaning Kit V3,Home,361,2,1,360
2026-06-10,P102,Wireless Mouse V3,Electronics,344,1,4,347
2026-06-10,P128,Printer Paper V2,Office,164,2,4,166
2026-06-10,P142,Table Clock V1,Home,102,6,2,98
2026-06-10,P163,Power Bank V1,Accessories,391,1,5,395
2026-06-11,P108,Headphones V3,Electronics,372,3,2,371
2026-06-11,P154,Laptop Bag V1,Accessories,395,1,3,397
2026-06-11,P161,Charging Cable V2,Accessories,362,2,5,365
2026-06-11,P172,Coffee V1,Grocery,113,1,7,119
2026-06-12,P112,Webcam V1,Electronics,228,1,3,230
2026-06-12,P115,Bluetooth Speaker V1,Electronics,348,5,3,346
2026-06-12,P128,Printer Paper V2,Office,92,1,3,94
2026-06-12,P129,Printer Paper V3,Office,233,1,6,238
2026-06-12,P169,Travel Pouch V1,Accessories,306,1,5,310
2026-06-13,P123,Office Chair V3,Office,69,8,0,61
2026-06-13,P126,Desk Lamp V3,Office,255,2,4,257
2026-06-13,P131,File Folder V2,Office,191,4,5,192
2026-06-13,P138,Water Bottle V3,Home,79,2,5,82
2026-06-13,P149,LED Bulb V2,Home,115,1,3,117
2026-06-13,P151,Cleaning Kit V1,Home,262,2,5,265
2026-06-13,P166,Desk Mat V1,Accessories,131,1,7,137
2026-06-13,P179,Biscuits V2,Grocery,239,6,5,238
2026-06-14,P106,Headphones V1,Electronics,403,2,4,405
2026-06-14,P141,Storage Box V3,Home,349,2,2,349
2026-06-14,P150,LED Bulb V3,Home,196,1,3,198
2026-06-14,P155,Laptop Bag V2,Accessories,273,2,2,273
2026-06-14,P179,Biscuits V2,Grocery,225,2,2,225
2026-06-15,P128,Printer Paper V2,Office,159,3,3,159
2026-06-15,P133,Stapler V1,Office,123,2,4,125
2026-06-15,P159,Phone Case V3,Accessories,194,1,2,195
2026-06-15,P162,Charging Cable V3,Accessories,157,3,6,160
2026-06-15,P174,Coffee V3,Grocery,189,3,5,191
2026-06-15,P176,Tea V2,Grocery,256,1,2,257
2026-06-16,P101,Wireless Mouse V2,Electronics,218,1,4,221
2026-06-16,P114,Webcam V3,Electronics,338,2,4,340
2026-06-16,P124,Desk Lamp V1,Office,212,1,4,215
2026-06-16,P137,Water Bottle V2,Home,108,2,5,111
2026-06-16,P151,Cleaning Kit V1,Home,204,2,6,208
2026-06-16,P159,Phone Case V3,Accessories,215,1,2,216
2026-06-17,P110,USB Hub V2,Electronics,369,2,7,374
2026-06-17,P126,Desk Lamp V3,Office,273,1,7,279
2026-06-17,P130,File Folder V1,Office,326,3,2,325
2026-06-17,P138,Water Bottle V3,Home,122,2,6,126
2026-06-17,P140,Storage Box V2,Home,207,1,5,211
2026-06-17,P144,Table Clock V3,Home,260,1,2,261
2026-06-17,P169,Travel Pouch V1,Accessories,259,3,1,257
2026-06-18,P101,Wireless Mouse V2,Electronics,158,2,5,161
2026-06-18,P105,Keyboard V3,Electronics,144,1,2,145
2026-06-18,P113,Webcam V2,Electronics,190,1,2,191
2026-06-18,P136,Water Bottle V1,Home,328,3,3,328
2026-06-18,P160,Charging Cable V1,Accessories,419,4,5,420
2026-06-19,P103,Keyboard V1,Electronics,196,2,0,194
2026-06-19,P108,Headphones V3,Electronics,408,1,6,413
2026-06-19,P126,Desk Lamp V3,Office,316,3,3,316
2026-06-19,P166,Desk Mat V1,Accessories,106,1,3,108
2026-06-20,P138,Water Bottle V3,Home,72,2,2,72
2026-06-21,P108,Headphones V3,Electronics,389,1,5,393
2026-06-21,P116,Bluetooth Speaker V2,Electronics,309,2,1,308
2026-06-21,P136,Water Bottle V1,Home,206,1,6,211
2026-06-21,P147,Cushion V3,Home,219,4,1,216
2026-06-21,P150,LED Bulb V3,Home,195,1,1,195
2026-06-21,P151,Cleaning Kit V1,Home,125,2,3,126
2026-06-21,P159,Phone Case V3,Accessories,287,2,6,291
2026-06-21,P168,Desk Mat V3,Accessories,327,5,2,324
2026-06-21,P174,Coffee V3,Grocery,163,1,1,163
2026-06-22,P126,Desk Lamp V3,Office,223,1,3,225
2026-06-22,P143,Table Clock V2,Home,233,2,2,233
2026-06-22,P146,Cushion V2,Home,337,1,3,339
2026-06-23,P109,USB Hub V1,Electronics,216,1,7,222
2026-06-23,P115,Bluetooth Speaker V1,Electronics,283,6,2,279
2026-06-23,P123,Office Chair V3,Office,191,5,10,196
2026-06-23,P125,Desk Lamp V2,Office,237,1,4,240
2026-06-23,P132,File Folder V3,Office,334,2,8,340
2026-06-23,P141,Storage Box V3,Home,220,1,6,225
2026-06-23,P147,Cushion V3,Home,267,2,2,267
2026-06-23,P153,Cleaning Kit V3,Home,411,2,5,414
2026-06-23,P157,Phone Case V1,Accessories,376,1,4,379
2026-06-23,P165,Power Bank V3,Accessories,219,1,1,219
2026-06-23,P176,Tea V2,Grocery,337,1,4,340
2026-06-23,P179,Biscuits V2,Grocery,235,4,4,235
2026-06-24,P120,Notebook V3,Office,123,6,8,125
2026-06-24,P126,Desk Lamp V3,Office,215,2,4,217
2026-06-24,P141,Storage Box V3,Home,291,5,5,291
2026-06-24,P150,LED Bulb V3,Home,199,2,3,200
2026-06-25,P125,Desk Lamp V2,Office,248,3,4,249
2026-06-25,P145,Cushion V1,Home,54,2,4,56
2026-06-25,P166,Desk Mat V1,Accessories,151,2,3,152
2026-06-26,P113,Webcam V2,Electronics,195,2,2,195
2026-06-26,P115,Bluetooth Speaker V1,Electronics,360,1,5,364
2026-06-26,P119,Notebook V2,Office,270,3,4,271
2026-06-26,P121,Office Chair V1,Office,376,1,4,379
2026-06-26,P124,Desk Lamp V1,Office,293,1,6,298
2026-06-26,P131,File Folder V2,Office,202,1,3,204
2026-06-27,P150,LED Bulb V3,Home,151,2,1,150
2026-06-27,P164,Power Bank V2,Accessories,320,4,2,318
2026-06-27,P179,Biscuits V2,Grocery,261,3,4,262
2026-06-28,P117,Bluetooth Speaker V3,Electronics,288,1,3,290
2026-06-28,P123,Office Chair V3,Office,95,2,2,95
2026-06-28,P148,LED Bulb V1,Home,235,2,2,235
2026-06-28,P152,Cleaning Kit V2,Home,215,4,8,219
2026-06-28,P156,Laptop Bag V3,Accessories,364,3,4,365
2026-06-29,P119,Notebook V2,Office,284,2,4,286
2026-06-29,P152,Cleaning Kit V2,Home,213,1,4,216
2026-06-29,P161,Charging Cable V2,Accessories,319,2,4,321
2026-06-29,P165,Power Bank V3,Accessories,97,4,5,98
2026-06-29,P166,Desk Mat V1,Accessories,210,2,13,221
2026-06-30,P103,Keyboard V1,Electronics,216,1,3,218
2026-06-30,P175,Tea V1,Grocery,236,1,2,237
