Order_ID,Order_Date,Customer_ID,Product_ID,Product_Name,Category,Quantity,Selling_Price,Cost_Price,Discount_Percent,Gross_Sales,Discount_Amount,Revenue,Total_Cost,Profit,Profit_Margin_Percent,Payment_Mode,Sales_Channel,City
ORD100000,2026-02-22,C1082,P150,LED Bulb V3,Home,1,2960,2119,10.0,2960,296.0,2664.0,2119,545.0,20.46,Card,Online,Noida
ORD100001,2024-05-05,C1052,P174,Coffee V3,Grocery,1,1420,1012,15.0,1420,213.0,1207.0,1012,195.0,16.16,Cash,Online,Kanpur
ORD100002,2024-03-09,C1117,P158,Phone Case V2,Accessories,1,2660,1753,5.0,2660,133.0,2527.0,1753,774.0,30.63,UPI,Store,Kanpur
ORD100003,2025-07-12,C1166,P167,Desk Mat V2,Accessories,3,3170,2059,10.0,9510,951.0,8559.0,6177,2382.0,27.83,Card,Store,Lucknow
ORD100004,2025-02-07,C1028,P123,Office Chair V3,Office,3,4680,3454,10.0,14040,1404.0,12636.0,10362,2274.0,18.0,Net Banking,Online,Lucknow
ORD100005,2024-11-20,C1411,P161,Charging Cable V2,Accessories,2,2440,1541,0.0,4880,0.0,4880.0,3082,1798.0,36.84,UPI,Store,Prayagraj
ORD100006,2025-01-21,C1265,P134,Stapler V2,Office,1,5250,3976,10.0,5250,525.0,4725.0,3976,749.0,15.85,Card,Phone,Kanpur
ORD100007,2024-10-21,C1218,P128,Printer Paper V2,Office,1,2840,2176,5.0,2840,142.0,2698.0,2176,522.0,19.35,Card,Store,Jaipur
ORD100008,2025-04-27,C1366,P165,Power Bank V3,Accessories,1,1990,1688,20.0,1990,398.0,1592.0,1688,-96.0,-6.03,Card,Online,Mumbai
ORD100009,2025-04-25,C1351,P147,Cushion V3,Home,2,2180,1724,0.0,4360,0.0,4360.0,3448,912.0,20.92,UPI,Online,Noida
ORD100010,2024-09-22,C1308,P178,Biscuits V1,Grocery,2,1460,1162,10.0,2920,292.0,2628.0,2324,304.0,11.57,UPI,Store,Mumbai
ORD100011,2024-10-10,C1448,P144,Table Clock V3,Home,3,2960,2357,5.0,8880,444.0,8436.0,7071,1365.0,16.18,UPI,Store,Agra
ORD100012,2026-03-10,C1261,P147,Cushion V3,Home,3,2180,1724,15.0,6540,981.0,5559.0,5172,387.0,6.96,Cash,Online,Kanpur
ORD100013,2025-01-01,C1270,P103,Keyboard V1,Electronics,2,4190,2634,10.0,8380,838.0,7542.0,5268,2274.0,30.15,Card,Store,Kanpur
ORD100014,2024-06-18,C1433,P139,Storage Box V1,Home,2,2100,1652,15.0,4200,630.0,3570.0,3304,266.0,7.45,UPI,Online,Noida
ORD100015,2024-12-31,C1068,P142,Table Clock V1,Home,1,2610,1876,5.0,2610,130.5,2479.5,1876,603.5,24.34,Card,Store,Mumbai
ORD100016,2024-11-26,C1015,P147,Cushion V3,Home,3,2180,1724,5.0,6540,327.0,6213.0,5172,1041.0,16.76,UPI,Store,Lucknow
ORD100017,2026-05-19,C1320,P107,Headphones V2,Electronics,1,3120,2535,5.0,3120,156.0,2964.0,2535,429.0,14.47,Card,Phone,Agra
ORD100018,2026-05-06,C1294,P159,Phone Case V3,Accessories,4,1360,849,10.0,5440,544.0,4896.0,3396,1500.0,30.64,Card,Online,Prayagraj
ORD100019,2025-11-10,C1419,P136,Water Bottle V1,Home,5,1430,1182,10.0,7150,715.0,6435.0,5910,525.0,8.16,Card,Online,Agra
ORD100020,2024-03-28,C1323,P178,Biscuits V1,Grocery,2,1460,1162,5.0,2920,146.0,2774.0,2324,450.0,16.22,UPI,Phone,Mumbai
ORD100021,2025-10-06,C1496,P173,Coffee V2,Grocery,6,930,610,15.0,5580,837.0,4743.0,3660,1083.0,22.83,Card,Online,Prayagraj
ORD100022,2025-10-26,C1276,P160,Charging Cable V1,Accessories,5,3270,2329,5.0,16350,817.5,15532.5,11645,3887.5,25.03,Card,Online,Agra
ORD100023,2026-03-17,C1335,P160,Charging Cable V1,Accessories,2,3270,2329,0.0,6540,0.0,6540.0,4658,1882.0,28.78,Card,Store,Prayagraj
ORD100024,2025-04-09,C1075,P179,Biscuits V2,Grocery,3,1150,889,10.0,3450,345.0,3105.0,2667,438.0,14.11,Card,Online,Gurugram
ORD100025,2025-05-09,C1111,P122,Office Chair V2,Office,5,4160,2937,10.0,20800,2080.0,18720.0,14685,4035.0,21.55,UPI,Online,Delhi
ORD100026,2025-02-19,C1425,P177,Tea V3,Grocery,1,540,388,10.0,540,54.0,486.0,388,98.0,20.16,UPI,Online,Lucknow
ORD100027,2024-01-11,C1205,P138,Water Bottle V3,Home,1,2890,1947,5.0,2890,144.5,2745.5,1947,798.5,29.08,UPI,Online,Noida
ORD100028,2025-02-15,C1151,P171,Travel Pouch V3,Accessories,5,1430,1156,10.0,7150,715.0,6435.0,5780,655.0,10.18,UPI,Online,Jaipur
ORD100029,2024-05-20,C1245,P100,Wireless Mouse V1,Electronics,2,3130,2246,10.0,6260,626.0,5634.0,4492,1142.0,20.27,UPI,Online,Lucknow
ORD100030,2025-10-01,C1343,P125,Desk Lamp V2,Office,1,4970,3317,10.0,4970,497.0,4473.0,3317,1156.0,25.84,Cash,Store,Gurugram
ORD100031,2024-04-12,C1308,P164,Power Bank V2,Accessories,1,1150,849,10.0,1150,115.0,1035.0,849,186.0,17.97,Card,Online,Mumbai
ORD100032,2024-07-25,C1028,P131,File Folder V2,Office,5,5150,3339,15.0,25750,3862.5,21887.5,16695,5192.5,23.72,UPI,Online,Lucknow
ORD100033,2025-09-21,C1232,P170,Travel Pouch V2,Accessories,1,1850,1364,15.0,1850,277.5,1572.5,1364,208.5,13.26,Card,Store,Prayagraj
ORD100034,2025-11-23,C1429,P129,Printer Paper V3,Office,1,7700,4733,5.0,7700,385.0,7315.0,4733,2582.0,35.3,UPI,Online,Delhi
ORD100035,2025-06-01,C1203,P156,Laptop Bag V3,Accessories,5,1980,1255,20.0,9900,1980.0,7920.0,6275,1645.0,20.77,Net Banking,Online,Mumbai
ORD100036,2026-01-15,C1220,P166,Desk Mat V1,Accessories,1,3330,2082,5.0,3330,166.5,3163.5,2082,1081.5,34.19,UPI,Online,Agra
ORD100037,2025-05-21,C1059,P174,Coffee V3,Grocery,2,1420,1012,0.0,2840,0.0,2840.0,2024,816.0,28.73,Card,Store,Delhi
ORD100038,2024-12-13,C1158,P160,Charging Cable V1,Accessories,1,3270,2329,10.0,3270,327.0,2943.0,2329,614.0,20.86,Card,Online,Jaipur
ORD100039,2025-01-02,C1428,P161,Charging Cable V2,Accessories,2,2440,1541,10.0,4880,488.0,4392.0,3082,1310.0,29.83,Card,Store,Delhi
ORD100040,2025-08-05,C1091,P108,Headphones V3,Electronics,2,4890,3636,5.0,9780,489.0,9291.0,7272,2019.0,21.73,UPI,Store,Gurugram
ORD100041,2026-05-07,C1291,P161,Charging Cable V2,Accessories,1,2440,1541,10.0,2440,244.0,2196.0,1541,655.0,29.83,UPI,Online,Noida
ORD100042,2024-02-28,C1312,P139,Storage Box V1,Home,6,2100,1652,0.0,12600,0.0,12600.0,9912,2688.0,21.33,Card,Online,Lucknow
ORD100043,2024-11-13,C1223,P161,Charging Cable V2,Accessories,4,2440,1541,5.0,9760,488.0,9272.0,6164,3108.0,33.52,Card,Online,Prayagraj
ORD100044,2026-02-19,C1410,P106,Headphones V1,Electronics,4,4570,3663,0.0,18280,0.0,18280.0,14652,3628.0,19.85,Card,Online,Prayagraj
ORD100045,2024-07-22,C1160,P127,Printer Paper V1,Office,1,6100,4997,5.0,6100,305.0,5795.0,4997,798.0,13.77,Cash,Online,Gurugram
ORD100046,2025-08-13,C1004,P159,Phone Case V3,Accessories,1,1360,849,10.0,1360,136.0,1224.0,849,375.0,30.64,Cash,Online,Gurugram
ORD100047,2025-11-29,C1231,P128,Printer Paper V2,Office,2,2840,2176,10.0,5680,568.0,5112.0,4352,760.0,14.87,Card,Store,Gurugram
ORD100048,2025-07-03,C1175,P126,Desk Lamp V3,Office,6,370,241,0.0,2220,0.0,2220.0,1446,774.0,34.86,UPI,Online,Prayagraj
ORD100049,2025-04-03,C1186,P120,Notebook V3,Office,3,5080,3876,0.0,15240,0.0,15240.0,11628,3612.0,23.7,Cash,Online,Prayagraj
ORD100050,2024-04-23,C1432,P131,File Folder V2,Office,1,5150,3339,0.0,5150,0.0,5150.0,3339,1811.0,35.17,UPI,Phone,Mumbai
ORD100051,2024-05-04,C1137,P124,Desk Lamp V1,Office,1,4350,2868,10.0,4350,435.0,3915.0,2868,1047.0,26.74,Card,Store,Mumbai
ORD100052,2025-07-26,C1426,P124,Desk Lamp V1,Office,1,4350,2868,15.0,4350,652.5,3697.5,2868,829.5,22.43,UPI,Phone,Mumbai
ORD100053,2025-12-09,C1190,P158,Phone Case V2,Accessories,4,2660,1753,15.0,10640,1596.0,9044.0,7012,2032.0,22.47,Net Banking,Store,Lucknow
ORD100054,2024-07-07,C1401,P126,Desk Lamp V3,Office,3,370,241,10.0,1110,111.0,999.0,723,276.0,27.63,Card,Store,Gurugram
ORD100055,2024-06-30,C1457,P121,Office Chair V1,Office,1,6460,4606,10.0,6460,646.0,5814.0,4606,1208.0,20.78,Card,Online,Prayagraj
ORD100056,2025-12-26,C1241,P146,Cushion V2,Home,2,3320,2419,10.0,6640,664.0,5976.0,4838,1138.0,19.04,UPI,Online,Jaipur
ORD100057,2024-07-25,C1267,P139,Storage Box V1,Home,4,2100,1652,0.0,8400,0.0,8400.0,6608,1792.0,21.33,UPI,Store,Lucknow
ORD100058,2026-03-14,C1437,P125,Desk Lamp V2,Office,1,4970,3317,10.0,4970,497.0,4473.0,3317,1156.0,25.84,UPI,Store,Gurugram
ORD100059,2025-12-21,C1127,P154,Laptop Bag V1,Accessories,5,3580,2326,10.0,17900,1790.0,16110.0,11630,4480.0,27.81,Cash,Online,Gurugram
ORD100060,2024-06-27,C1211,P136,Water Bottle V1,Home,5,1430,1182,5.0,7150,357.5,6792.5,5910,882.5,12.99,Net Banking,Online,Kanpur
ORD100061,2026-02-23,C1063,P141,Storage Box V3,Home,1,2200,1823,5.0,2200,110.0,2090.0,1823,267.0,12.78,UPI,Online,Noida
ORD100062,2026-03-12,C1250,P119,Notebook V2,Office,1,3040,2028,15.0,3040,456.0,2584.0,2028,556.0,21.52,UPI,Online,Jaipur
ORD100063,2024-03-24,C1386,P136,Water Bottle V1,Home,3,1430,1182,10.0,4290,429.0,3861.0,3546,315.0,8.16,UPI,Online,Delhi
ORD100064,2026-05-11,C1055,P159,Phone Case V3,Accessories,2,1360,849,5.0,2720,136.0,2584.0,1698,886.0,34.29,UPI,Phone,Delhi
ORD100065,2025-05-30,C1222,P163,Power Bank V1,Accessories,1,510,428,20.0,510,102.0,408.0,428,-20.0,-4.9,UPI,Online,Delhi
ORD100066,2024-01-31,C1374,P110,USB Hub V2,Electronics,2,980,657,10.0,1960,196.0,1764.0,1314,450.0,25.51,UPI,Store,Jaipur
ORD100067,2024-12-20,C1427,P159,Phone Case V3,Accessories,1,1360,849,5.0,1360,68.0,1292.0,849,443.0,34.29,Cash,Online,Lucknow
ORD100068,2024-04-15,C1180,P155,Laptop Bag V2,Accessories,1,2620,1779,5.0,2620,131.0,2489.0,1779,710.0,28.53,Net Banking,Store,Noida
ORD100069,2025-02-02,C1105,P114,Webcam V3,Electronics,1,3680,2607,0.0,3680,0.0,3680.0,2607,1073.0,29.16,Cash,Store,Lucknow
ORD100070,2024-02-09,C1147,P176,Tea V2,Grocery,4,920,750,15.0,3680,552.0,3128.0,3000,128.0,4.09,UPI,Online,Lucknow
ORD100071,2025-12-08,C1186,P161,Charging Cable V2,Accessories,7,2440,1541,20.0,17080,3416.0,13664.0,10787,2877.0,21.06,Card,Phone,Prayagraj
ORD100072,2024-07-05,C1485,P162,Charging Cable V3,Accessories,1,3240,2132,5.0,3240,162.0,3078.0,2132,946.0,30.73,UPI,Online,Delhi
ORD100073,2026-01-07,C1207,P121,Office Chair V1,Office,3,6460,4606,10.0,19380,1938.0,17442.0,13818,3624.0,20.78,Net Banking,Online,Agra
ORD100074,2026-02-06,C1186,P175,Tea V1,Grocery,3,1390,900,10.0,4170,417.0,3753.0,2700,1053.0,28.06,UPI,Online,Prayagraj
ORD100075,2026-01-31,C1083,P121,Office Chair V1,Office,3,6460,4606,5.0,19380,969.0,18411.0,13818,4593.0,24.95,UPI,Online,Delhi
ORD100076,2026-06-15,C1398,P176,Tea V2,Grocery,1,920,750,5.0,920,46.0,874.0,750,124.0,14.19,UPI,Phone,Prayagraj
ORD100077,2025-11-16,C1327,P107,Headphones V2,Electronics,3,3120,2535,10.0,9360,936.0,8424.0,7605,819.0,9.72,Card,Store,Agra
ORD100078,2026-01-27,C1209,P116,Bluetooth Speaker V2,Electronics,4,4810,3714,10.0,19240,1924.0,17316.0,14856,2460.0,14.21,UPI,Store,Jaipur
ORD100079,2026-04-28,C1423,P114,Webcam V3,Electronics,3,3680,2607,0.0,11040,0.0,11040.0,7821,3219.0,29.16,UPI,Store,Noida
ORD100080,2025-11-24,C1366,P100,Wireless Mouse V1,Electronics,3,3130,2246,5.0,9390,469.5,8920.5,6738,2182.5,24.47,Net Banking,Store,Mumbai
ORD100081,2026-06-22,C1071,P126,Desk Lamp V3,Office,1,370,241,15.0,370,55.5,314.5,241,73.5,23.37,Cash,Online,Noida
ORD100082,2025-11-13,C1350,P116,Bluetooth Speaker V2,Electronics,5,4810,3714,5.0,24050,1202.5,22847.5,18570,4277.5,18.72,UPI,Store,Noida
ORD100083,2025-12-12,C1232,P148,LED Bulb V1,Home,2,1590,982,20.0,3180,636.0,2544.0,1964,580.0,22.8,Net Banking,Store,Prayagraj
ORD100084,2025-10-29,C1272,P105,Keyboard V3,Electronics,6,4190,3534,5.0,25140,1257.0,23883.0,21204,2679.0,11.22,UPI,Phone,Lucknow
ORD100085,2024-10-14,C1464,P159,Phone Case V3,Accessories,3,1360,849,5.0,4080,204.0,3876.0,2547,1329.0,34.29,UPI,Online,Lucknow
ORD100086,2026-03-18,C1096,P162,Charging Cable V3,Accessories,3,3240,2132,0.0,9720,0.0,9720.0,6396,3324.0,34.2,Card,Online,Mumbai
ORD100087,2024-10-13,C1471,P113,Webcam V2,Electronics,3,2640,1889,0.0,7920,0.0,7920.0,5667,2253.0,28.45,Card,Phone,Prayagraj
ORD100088,2024-12-25,C1009,P166,Desk Mat V1,Accessories,1,3330,2082,15.0,3330,499.5,2830.5,2082,748.5,26.44,Card,Store,Prayagraj
ORD100089,2024-04-14,C1180,P143,Table Clock V2,Home,5,2900,2046,10.0,14500,1450.0,13050.0,10230,2820.0,21.61,UPI,Online,Noida
ORD100090,2025-10-31,C1386,P120,Notebook V3,Office,2,5080,3876,10.0,10160,1016.0,9144.0,7752,1392.0,15.22,UPI,Store,Delhi
ORD100091,2024-05-22,C1249,P151,Cleaning Kit V1,Home,3,2890,1977,5.0,8670,433.5,8236.5,5931,2305.5,27.99,UPI,Online,Kanpur
ORD100092,2025-04-15,C1451,P117,Bluetooth Speaker V3,Electronics,1,1400,967,15.0,1400,210.0,1190.0,967,223.0,18.74,Card,Store,Delhi
ORD100093,2025-07-05,C1241,P109,USB Hub V1,Electronics,1,1970,1209,15.0,1970,295.5,1674.5,1209,465.5,27.8,UPI,Store,Jaipur
ORD100094,2024-08-24,C1180,P154,Laptop Bag V1,Accessories,1,3580,2326,10.0,3580,358.0,3222.0,2326,896.0,27.81,Cash,Online,Noida
ORD100095,2025-05-28,C1448,P159,Phone Case V3,Accessories,3,1360,849,10.0,4080,408.0,3672.0,2547,1125.0,30.64,Card,Store,Agra
ORD100096,2026-06-11,C1437,P172,Coffee V1,Grocery,1,660,526,10.0,660,66.0,594.0,526,68.0,11.45,UPI,Online,Gurugram
ORD100097,2025-06-26,C1051,P175,Tea V1,Grocery,1,1390,900,20.0,1390,278.0,1112.0,900,212.0,19.06,UPI,Store,Agra
ORD100098,2025-05-04,C1181,P141,Storage Box V3,Home,4,2200,1823,15.0,8800,1320.0,7480.0,7292,188.0,2.51,UPI,Online,Jaipur
ORD100099,2025-10-18,C1165,P177,Tea V3,Grocery,3,540,388,10.0,1620,162.0,1458.0,1164,294.0,20.16,Cash,Store,Delhi
ORD100100,2025-02-18,C1244,P134,Stapler V2,Office,1,5250,3976,10.0,5250,525.0,4725.0,3976,749.0,15.85,UPI,Online,Jaipur
ORD100101,2024-01-26,C1302,P104,Keyboard V2,Electronics,1,820,576,10.0,820,82.0,738.0,576,162.0,21.95,UPI,Store,Noida
ORD100102,2024-09-05,C1013,P177,Tea V3,Grocery,1,540,388,5.0,540,27.0,513.0,388,125.0,24.37,Card,Online,Gurugram
ORD100103,2025-05-05,C1238,P134,Stapler V2,Office,1,5250,3976,5.0,5250,262.5,4987.5,3976,1011.5,20.28,UPI,Store,Noida
ORD100104,2025-03-07,C1043,P123,Office Chair V3,Office,2,4680,3454,0.0,9360,0.0,9360.0,6908,2452.0,26.2,UPI,Online,Jaipur
ORD100105,2026-04-05,C1127,P113,Webcam V2,Electronics,1,2640,1889,5.0,2640,132.0,2508.0,1889,619.0,24.68,UPI,Store,Gurugram
ORD100106,2026-06-30,C1189,P103,Keyboard V1,Electronics,1,4190,2634,15.0,4190,628.5,3561.5,2634,927.5,26.04,UPI,Store,Kanpur
ORD100107,2026-03-02,C1270,P142,Table Clock V1,Home,1,2610,1876,15.0,2610,391.5,2218.5,1876,342.5,15.44,Card,Online,Kanpur
ORD100108,2024-04-12,C1489,P156,Laptop Bag V3,Accessories,1,1980,1255,5.0,1980,99.0,1881.0,1255,626.0,33.28,Cash,Online,Lucknow
ORD100109,2025-02-26,C1059,P142,Table Clock V1,Home,2,2610,1876,15.0,5220,783.0,4437.0,3752,685.0,15.44,UPI,Online,Delhi
ORD100110,2024-04-02,C1406,P105,Keyboard V3,Electronics,2,4190,3534,10.0,8380,838.0,7542.0,7068,474.0,6.28,Card,Online,Delhi
ORD100111,2025-09-15,C1375,P162,Charging Cable V3,Accessories,1,3240,2132,20.0,3240,648.0,2592.0,2132,460.0,17.75,UPI,Phone,Prayagraj
ORD100112,2026-03-19,C1466,P104,Keyboard V2,Electronics,3,820,576,5.0,2460,123.0,2337.0,1728,609.0,26.06,Card,Store,Varanasi
ORD100113,2025-05-29,C1392,P159,Phone Case V3,Accessories,1,1360,849,5.0,1360,68.0,1292.0,849,443.0,34.29,UPI,Online,Prayagraj
ORD100114,2025-12-14,C1082,P146,Cushion V2,Home,4,3320,2419,10.0,13280,1328.0,11952.0,9676,2276.0,19.04,Cash,Online,Noida
ORD100115,2025-05-04,C1493,P157,Phone Case V1,Accessories,2,560,464,0.0,1120,0.0,1120.0,928,192.0,17.14,UPI,Online,Delhi
ORD100116,2025-04-03,C1010,P120,Notebook V3,Office,2,5080,3876,5.0,10160,508.0,9652.0,7752,1900.0,19.69,UPI,Online,Kanpur
ORD100117,2024-02-23,C1330,P115,Bluetooth Speaker V1,Electronics,2,6930,4749,10.0,13860,1386.0,12474.0,9498,2976.0,23.86,Cash,Online,Prayagraj
ORD100118,2025-03-06,C1238,P147,Cushion V3,Home,3,2180,1724,0.0,6540,0.0,6540.0,5172,1368.0,20.92,Card,Store,Noida
ORD100119,2024-03-12,C1262,P162,Charging Cable V3,Accessories,2,3240,2132,5.0,6480,324.0,6156.0,4264,1892.0,30.73,Cash,Store,Varanasi
ORD100120,2024-09-09,C1464,P135,Stapler V3,Office,2,7170,4632,5.0,14340,717.0,13623.0,9264,4359.0,32.0,Cash,Online,Lucknow
ORD100121,2025-10-24,C1399,P113,Webcam V2,Electronics,1,2640,1889,5.0,2640,132.0,2508.0,1889,619.0,24.68,UPI,Online,Agra
ORD100122,2024-08-15,C1430,P145,Cushion V1,Home,2,920,592,5.0,1840,92.0,1748.0,1184,564.0,32.27,Card,Phone,Prayagraj
ORD100123,2024-10-07,C1325,P162,Charging Cable V3,Accessories,3,3240,2132,0.0,9720,0.0,9720.0,6396,3324.0,34.2,Card,Online,Prayagraj
ORD100124,2025-10-14,C1426,P161,Charging Cable V2,Accessories,3,2440,1541,0.0,7320,0.0,7320.0,4623,2697.0,36.84,Card,Online,Mumbai
ORD100125,2024-04-25,C1238,P178,Biscuits V1,Grocery,4,1460,1162,10.0,5840,584.0,5256.0,4648,608.0,11.57,Card,Online,Noida
ORD100126,2024-10-26,C1289,P176,Tea V2,Grocery,6,920,750,15.0,5520,828.0,4692.0,4500,192.0,4.09,Card,Online,Kanpur
ORD100127,2026-04-13,C1186,P109,USB Hub V1,Electronics,2,1970,1209,15.0,3940,591.0,3349.0,2418,931.0,27.8,Net Banking,Online,Prayagraj
ORD100128,2024-04-16,C1087,P100,Wireless Mouse V1,Electronics,1,3130,2246,10.0,3130,313.0,2817.0,2246,571.0,20.27,UPI,Store,Lucknow
ORD100129,2025-12-21,C1224,P174,Coffee V3,Grocery,2,1420,1012,10.0,2840,284.0,2556.0,2024,532.0,20.81,Cash,Online,Noida
ORD100130,2024-04-17,C1018,P125,Desk Lamp V2,Office,1,4970,3317,20.0,4970,994.0,3976.0,3317,659.0,16.57,UPI,Online,Prayagraj
ORD100131,2026-03-05,C1368,P153,Cleaning Kit V3,Home,3,2770,1726,5.0,8310,415.5,7894.5,5178,2716.5,34.41,UPI,Store,Mumbai
ORD100132,2025-03-19,C1297,P139,Storage Box V1,Home,3,2100,1652,10.0,6300,630.0,5670.0,4956,714.0,12.59,UPI,Online,Lucknow
ORD100133,2026-01-23,C1362,P126,Desk Lamp V3,Office,4,370,241,5.0,1480,74.0,1406.0,964,442.0,31.44,UPI,Online,Varanasi
ORD100134,2026-01-07,C1175,P119,Notebook V2,Office,4,3040,2028,10.0,12160,1216.0,10944.0,8112,2832.0,25.88,UPI,Store,Prayagraj
ORD100135,2025-06-10,C1011,P127,Printer Paper V1,Office,1,6100,4997,5.0,6100,305.0,5795.0,4997,798.0,13.77,Cash,Store,Agra
ORD100136,2025-12-28,C1397,P133,Stapler V1,Office,2,6390,4143,10.0,12780,1278.0,11502.0,8286,3216.0,27.96,Card,Online,Varanasi
ORD100137,2026-04-27,C1444,P155,Laptop Bag V2,Accessories,4,2620,1779,0.0,10480,0.0,10480.0,7116,3364.0,32.1,UPI,Online,Jaipur
ORD100138,2025-03-27,C1148,P177,Tea V3,Grocery,1,540,388,10.0,540,54.0,486.0,388,98.0,20.16,Cash,Phone,Delhi
ORD100139,2024-11-12,C1198,P145,Cushion V1,Home,1,920,592,15.0,920,138.0,782.0,592,190.0,24.3,Card,Phone,Delhi
ORD100140,2024-04-18,C1282,P177,Tea V3,Grocery,1,540,388,10.0,540,54.0,486.0,388,98.0,20.16,UPI,Online,Varanasi
ORD100141,2024-07-08,C1470,P131,File Folder V2,Office,4,5150,3339,10.0,20600,2060.0,18540.0,13356,5184.0,27.96,Card,Online,Mumbai
ORD100142,2025-05-22,C1218,P171,Travel Pouch V3,Accessories,1,1430,1156,5.0,1430,71.5,1358.5,1156,202.5,14.91,UPI,Online,Jaipur
ORD100143,2025-07-19,C1343,P174,Coffee V3,Grocery,5,1420,1012,5.0,7100,355.0,6745.0,5060,1685.0,24.98,Card,Online,Gurugram
ORD100144,2024-11-21,C1007,P128,Printer Paper V2,Office,4,2840,2176,10.0,11360,1136.0,10224.0,8704,1520.0,14.87,Cash,Online,Mumbai
ORD100145,2024-08-30,C1274,P144,Table Clock V3,Home,4,2960,2357,10.0,11840,1184.0,10656.0,9428,1228.0,11.52,UPI,Online,Agra
ORD100146,2024-07-18,C1297,P125,Desk Lamp V2,Office,1,4970,3317,10.0,4970,497.0,4473.0,3317,1156.0,25.84,Cash,Store,Lucknow
ORD100147,2025-03-10,C1267,P178,Biscuits V1,Grocery,2,1460,1162,15.0,2920,438.0,2482.0,2324,158.0,6.37,Card,Online,Lucknow
ORD100148,2025-03-23,C1389,P145,Cushion V1,Home,2,920,592,20.0,1840,368.0,1472.0,1184,288.0,19.57,UPI,Store,Noida
ORD100149,2025-01-10,C1262,P110,USB Hub V2,Electronics,6,980,657,10.0,5880,588.0,5292.0,3942,1350.0,25.51,Net Banking,Phone,Varanasi
ORD100150,2025-01-15,C1117,P153,Cleaning Kit V3,Home,2,2770,1726,10.0,5540,554.0,4986.0,3452,1534.0,30.77,UPI,Online,Kanpur
ORD100151,2025-03-13,C1488,P144,Table Clock V3,Home,1,2960,2357,20.0,2960,592.0,2368.0,2357,11.0,0.46,UPI,Online,Lucknow
ORD100152,2025-04-11,C1352,P135,Stapler V3,Office,1,7170,4632,5.0,7170,358.5,6811.5,4632,2179.5,32.0,UPI,Online,Jaipur
ORD100153,2025-05-14,C1092,P144,Table Clock V3,Home,1,2960,2357,5.0,2960,148.0,2812.0,2357,455.0,16.18,Card,Online,Noida
ORD100154,2025-07-29,C1245,P137,Water Bottle V2,Home,2,1800,1202,0.0,3600,0.0,3600.0,2404,1196.0,33.22,UPI,Online,Lucknow
ORD100155,2025-03-16,C1390,P149,LED Bulb V2,Home,2,1290,1029,5.0,2580,129.0,2451.0,2058,393.0,16.03,Card,Online,Varanasi
ORD100156,2025-03-02,C1217,P103,Keyboard V1,Electronics,4,4190,2634,15.0,16760,2514.0,14246.0,10536,3710.0,26.04,UPI,Store,Agra
ORD100157,2024-10-09,C1031,P177,Tea V3,Grocery,1,540,388,15.0,540,81.0,459.0,388,71.0,15.47,Cash,Store,Agra
ORD100158,2024-01-31,C1259,P136,Water Bottle V1,Home,1,1430,1182,15.0,1430,214.5,1215.5,1182,33.5,2.76,Card,Store,Kanpur
ORD100159,2025-10-05,C1029,P129,Printer Paper V3,Office,4,7700,4733,0.0,30800,0.0,30800.0,18932,11868.0,38.53,UPI,Store,Lucknow
ORD100160,2026-05-07,C1086,P105,Keyboard V3,Electronics,1,4190,3534,5.0,4190,209.5,3980.5,3534,446.5,11.22,Card,Store,Noida
ORD100161,2024-12-22,C1029,P141,Storage Box V3,Home,3,2200,1823,20.0,6600,1320.0,5280.0,5469,-189.0,-3.58,Cash,Online,Lucknow
ORD100162,2024-06-09,C1234,P161,Charging Cable V2,Accessories,2,2440,1541,0.0,4880,0.0,4880.0,3082,1798.0,36.84,UPI,Online,Kanpur
ORD100163,2025-12-22,C1235,P137,Water Bottle V2,Home,2,1800,1202,15.0,3600,540.0,3060.0,2404,656.0,21.44,Card,Store,Kanpur
ORD100164,2026-05-30,C1097,P121,Office Chair V1,Office,2,6460,4606,5.0,12920,646.0,12274.0,9212,3062.0,24.95,UPI,Online,Gurugram
ORD100165,2026-05-12,C1397,P138,Water Bottle V3,Home,2,2890,1947,10.0,5780,578.0,5202.0,3894,1308.0,25.14,UPI,Online,Varanasi
ORD100166,2025-12-27,C1196,P141,Storage Box V3,Home,3,2200,1823,10.0,6600,660.0,5940.0,5469,471.0,7.93,UPI,Online,Gurugram
ORD100167,2026-02-16,C1347,P128,Printer Paper V2,Office,1,2840,2176,5.0,2840,142.0,2698.0,2176,522.0,19.35,Card,Store,Jaipur
ORD100168,2026-06-22,C1007,P146,Cushion V2,Home,1,3320,2419,0.0,3320,0.0,3320.0,2419,901.0,27.14,Card,Store,Mumbai
ORD100169,2025-05-10,C1008,P159,Phone Case V3,Accessories,1,1360,849,15.0,1360,204.0,1156.0,849,307.0,26.56,Cash,Store,Agra
ORD100170,2026-02-28,C1407,P143,Table Clock V2,Home,1,2900,2046,15.0,2900,435.0,2465.0,2046,419.0,17.0,UPI,Store,Gurugram
ORD100171,2024-11-01,C1011,P159,Phone Case V3,Accessories,2,1360,849,5.0,2720,136.0,2584.0,1698,886.0,34.29,Card,Phone,Agra
ORD100172,2025-03-02,C1024,P117,Bluetooth Speaker V3,Electronics,1,1400,967,5.0,1400,70.0,1330.0,967,363.0,27.29,UPI,Store,Mumbai
ORD100173,2024-04-01,C1178,P155,Laptop Bag V2,Accessories,2,2620,1779,0.0,5240,0.0,5240.0,3558,1682.0,32.1,UPI,Online,Varanasi
ORD100174,2024-11-18,C1409,P107,Headphones V2,Electronics,2,3120,2535,5.0,6240,312.0,5928.0,5070,858.0,14.47,UPI,Online,Mumbai
ORD100175,2026-04-29,C1366,P165,Power Bank V3,Accessories,1,1990,1688,5.0,1990,99.5,1890.5,1688,202.5,10.71,UPI,Store,Mumbai
ORD100176,2024-04-20,C1248,P154,Laptop Bag V1,Accessories,5,3580,2326,5.0,17900,895.0,17005.0,11630,5375.0,31.61,Net Banking,Online,Agra
ORD100177,2025-10-24,C1439,P118,Notebook V1,Office,3,2820,2304,15.0,8460,1269.0,7191.0,6912,279.0,3.88,Cash,Store,Agra
ORD100178,2024-06-25,C1036,P125,Desk Lamp V2,Office,4,4970,3317,10.0,19880,1988.0,17892.0,13268,4624.0,25.84,Card,Online,Delhi
ORD100179,2025-02-22,C1443,P144,Table Clock V3,Home,1,2960,2357,15.0,2960,444.0,2516.0,2357,159.0,6.32,Net Banking,Store,Varanasi
ORD100180,2025-05-03,C1064,P105,Keyboard V3,Electronics,3,4190,3534,5.0,12570,628.5,11941.5,10602,1339.5,11.22,Card,Store,Mumbai
ORD100181,2024-08-12,C1404,P156,Laptop Bag V3,Accessories,1,1980,1255,0.0,1980,0.0,1980.0,1255,725.0,36.62,Cash,Online,Jaipur
ORD100182,2025-03-10,C1169,P106,Headphones V1,Electronics,3,4570,3663,10.0,13710,1371.0,12339.0,10989,1350.0,10.94,Card,Store,Agra
ORD100183,2024-04-21,C1300,P176,Tea V2,Grocery,3,920,750,10.0,2760,276.0,2484.0,2250,234.0,9.42,UPI,Online,Noida
ORD100184,2024-10-23,C1133,P174,Coffee V3,Grocery,2,1420,1012,10.0,2840,284.0,2556.0,2024,532.0,20.81,UPI,Phone,Kanpur
ORD100185,2024-12-20,C1224,P123,Office Chair V3,Office,1,4680,3454,10.0,4680,468.0,4212.0,3454,758.0,18.0,UPI,Online,Noida
ORD100186,2024-02-04,C1189,P100,Wireless Mouse V1,Electronics,1,3130,2246,15.0,3130,469.5,2660.5,2246,414.5,15.58,Cash,Store,Kanpur
ORD100187,2026-01-07,C1220,P118,Notebook V1,Office,3,2820,2304,5.0,8460,423.0,8037.0,6912,1125.0,14.0,UPI,Online,Agra
ORD100188,2026-05-21,C1438,P117,Bluetooth Speaker V3,Electronics,2,1400,967,5.0,2800,140.0,2660.0,1934,726.0,27.29,UPI,Store,Kanpur
ORD100189,2025-07-04,C1286,P109,USB Hub V1,Electronics,1,1970,1209,5.0,1970,98.5,1871.5,1209,662.5,35.4,Cash,Online,Jaipur
ORD100190,2024-01-15,C1003,P162,Charging Cable V3,Accessories,2,3240,2132,5.0,6480,324.0,6156.0,4264,1892.0,30.73,Card,Online,Prayagraj
ORD100191,2024-03-09,C1246,P104,Keyboard V2,Electronics,6,820,576,15.0,4920,738.0,4182.0,3456,726.0,17.36,UPI,Online,Prayagraj
ORD100192,2025-06-04,C1477,P110,USB Hub V2,Electronics,1,980,657,15.0,980,147.0,833.0,657,176.0,21.13,Card,Store,Delhi
ORD100193,2024-03-14,C1072,P151,Cleaning Kit V1,Home,5,2890,1977,5.0,14450,722.5,13727.5,9885,3842.5,27.99,Cash,Online,Kanpur
ORD100194,2026-01-04,C1088,P130,File Folder V1,Office,2,3130,2238,10.0,6260,626.0,5634.0,4476,1158.0,20.55,Card,Store,Prayagraj
ORD100195,2024-04-15,C1374,P169,Travel Pouch V1,Accessories,1,2560,1733,0.0,2560,0.0,2560.0,1733,827.0,32.3,Card,Online,Jaipur
ORD100196,2025-12-26,C1314,P159,Phone Case V3,Accessories,1,1360,849,10.0,1360,136.0,1224.0,849,375.0,30.64,UPI,Phone,Lucknow
ORD100197,2024-08-04,C1491,P154,Laptop Bag V1,Accessories,1,3580,2326,10.0,3580,358.0,3222.0,2326,896.0,27.81,UPI,Store,Noida
ORD100198,2024-10-31,C1472,P115,Bluetooth Speaker V1,Electronics,1,6930,4749,0.0,6930,0.0,6930.0,4749,2181.0,31.47,Cash,Online,Noida
ORD100199,2025-07-07,C1272,P162,Charging Cable V3,Accessories,5,3240,2132,15.0,16200,2430.0,13770.0,10660,3110.0,22.59,UPI,Online,Lucknow
ORD100200,2025-11-16,C1151,P174,Coffee V3,Grocery,1,1420,1012,5.0,1420,71.0,1349.0,1012,337.0,24.98,Cash,Store,Jaipur
ORD100201,2024-03-18,C1434,P147,Cushion V3,Home,5,2180,1724,15.0,10900,1635.0,9265.0,8620,645.0,6.96,Card,Online,Kanpur
ORD100202,2024-07-09,C1199,P155,Laptop Bag V2,Accessories,3,2620,1779,15.0,7860,1179.0,6681.0,5337,1344.0,20.12,UPI,Phone,Kanpur
ORD100203,2024-06-20,C1086,P140,Storage Box V2,Home,3,1780,1191,10.0,5340,534.0,4806.0,3573,1233.0,25.66,Card,Online,Noida
ORD100204,2025-03-07,C1388,P147,Cushion V3,Home,2,2180,1724,15.0,4360,654.0,3706.0,3448,258.0,6.96,Card,Store,Lucknow
ORD100205,2025-02-18,C1094,P116,Bluetooth Speaker V2,Electronics,1,4810,3714,10.0,4810,481.0,4329.0,3714,615.0,14.21,UPI,Online,Lucknow
ORD100206,2024-03-19,C1069,P126,Desk Lamp V3,Office,3,370,241,15.0,1110,166.5,943.5,723,220.5,23.37,Cash,Online,Agra
ORD100207,2024-12-17,C1188,P131,File Folder V2,Office,3,5150,3339,5.0,15450,772.5,14677.5,10017,4660.5,31.75,UPI,Store,Prayagraj
ORD100208,2024-03-22,C1454,P130,File Folder V1,Office,1,3130,2238,0.0,3130,0.0,3130.0,2238,892.0,28.5,Card,Online,Prayagraj
ORD100209,2024-12-22,C1461,P155,Laptop Bag V2,Accessories,5,2620,1779,10.0,13100,1310.0,11790.0,8895,2895.0,24.55,UPI,Online,Mumbai
ORD100210,2025-05-17,C1129,P103,Keyboard V1,Electronics,2,4190,2634,20.0,8380,1676.0,6704.0,5268,1436.0,21.42,Net Banking,Online,Prayagraj
ORD100211,2025-06-11,C1306,P136,Water Bottle V1,Home,1,1430,1182,0.0,1430,0.0,1430.0,1182,248.0,17.34,Net Banking,Online,Lucknow
ORD100212,2026-04-11,C1213,P121,Office Chair V1,Office,5,6460,4606,10.0,32300,3230.0,29070.0,23030,6040.0,20.78,UPI,Online,Jaipur
ORD100213,2024-10-09,C1170,P158,Phone Case V2,Accessories,2,2660,1753,0.0,5320,0.0,5320.0,3506,1814.0,34.1,UPI,Phone,Agra
ORD100214,2025-08-21,C1369,P155,Laptop Bag V2,Accessories,1,2620,1779,5.0,2620,131.0,2489.0,1779,710.0,28.53,Card,Store,Mumbai
ORD100215,2024-07-07,C1425,P178,Biscuits V1,Grocery,2,1460,1162,10.0,2920,292.0,2628.0,2324,304.0,11.57,Cash,Online,Lucknow
ORD100216,2024-05-25,C1105,P106,Headphones V1,Electronics,2,4570,3663,20.0,9140,1828.0,7312.0,7326,-14.0,-0.19,UPI,Store,Lucknow
ORD100217,2025-04-18,C1333,P108,Headphones V3,Electronics,1,4890,3636,5.0,4890,244.5,4645.5,3636,1009.5,21.73,Cash,Online,Prayagraj
ORD100218,2024-05-07,C1019,P126,Desk Lamp V3,Office,1,370,241,5.0,370,18.5,351.5,241,110.5,31.44,UPI,Online,Delhi
ORD100219,2025-03-06,C1454,P162,Charging Cable V3,Accessories,1,3240,2132,0.0,3240,0.0,3240.0,2132,1108.0,34.2,UPI,Online,Prayagraj
ORD100220,2025-04-03,C1211,P128,Printer Paper V2,Office,4,2840,2176,20.0,11360,2272.0,9088.0,8704,384.0,4.23,Card,Online,Kanpur
ORD100221,2024-07-25,C1109,P155,Laptop Bag V2,Accessories,1,2620,1779,10.0,2620,262.0,2358.0,1779,579.0,24.55,UPI,Online,Varanasi
ORD100222,2026-03-13,C1113,P100,Wireless Mouse V1,Electronics,2,3130,2246,20.0,6260,1252.0,5008.0,4492,516.0,10.3,Cash,Online,Agra
ORD100223,2025-05-06,C1378,P160,Charging Cable V1,Accessories,1,3270,2329,0.0,3270,0.0,3270.0,2329,941.0,28.78,Card,Store,Delhi
ORD100224,2024-09-29,C1376,P158,Phone Case V2,Accessories,2,2660,1753,5.0,5320,266.0,5054.0,3506,1548.0,30.63,UPI,Online,Varanasi
ORD100225,2025-08-12,C1015,P170,Travel Pouch V2,Accessories,2,1850,1364,5.0,3700,185.0,3515.0,2728,787.0,22.39,Card,Store,Lucknow
ORD100226,2026-05-22,C1339,P100,Wireless Mouse V1,Electronics,1,3130,2246,0.0,3130,0.0,3130.0,2246,884.0,28.24,UPI,Online,Gurugram
ORD100227,2024-10-05,C1022,P125,Desk Lamp V2,Office,1,4970,3317,20.0,4970,994.0,3976.0,3317,659.0,16.57,Card,Store,Jaipur
ORD100228,2025-07-20,C1191,P156,Laptop Bag V3,Accessories,4,1980,1255,5.0,7920,396.0,7524.0,5020,2504.0,33.28,Cash,Online,Prayagraj
ORD100229,2025-08-01,C1342,P128,Printer Paper V2,Office,4,2840,2176,15.0,11360,1704.0,9656.0,8704,952.0,9.86,UPI,Online,Kanpur
ORD100230,2024-09-26,C1179,P105,Keyboard V3,Electronics,1,4190,3534,10.0,4190,419.0,3771.0,3534,237.0,6.28,UPI,Store,Delhi
ORD100231,2024-07-27,C1096,P173,Coffee V2,Grocery,5,930,610,10.0,4650,465.0,4185.0,3050,1135.0,27.12,UPI,Store,Mumbai
ORD100232,2024-07-05,C1497,P157,Phone Case V1,Accessories,1,560,464,15.0,560,84.0,476.0,464,12.0,2.52,Card,Online,Lucknow
ORD100233,2026-02-28,C1446,P174,Coffee V3,Grocery,1,1420,1012,10.0,1420,142.0,1278.0,1012,266.0,20.81,UPI,Online,Noida
ORD100234,2025-03-04,C1343,P139,Storage Box V1,Home,2,2100,1652,15.0,4200,630.0,3570.0,3304,266.0,7.45,UPI,Online,Gurugram
ORD100235,2025-10-10,C1323,P116,Bluetooth Speaker V2,Electronics,2,4810,3714,10.0,9620,962.0,8658.0,7428,1230.0,14.21,Cash,Store,Mumbai
ORD100236,2024-05-31,C1073,P116,Bluetooth Speaker V2,Electronics,1,4810,3714,15.0,4810,721.5,4088.5,3714,374.5,9.16,UPI,Online,Mumbai
ORD100237,2025-03-08,C1156,P103,Keyboard V1,Electronics,4,4190,2634,5.0,16760,838.0,15922.0,10536,5386.0,33.83,UPI,Online,Agra
ORD100238,2025-06-14,C1345,P151,Cleaning Kit V1,Home,2,2890,1977,10.0,5780,578.0,5202.0,3954,1248.0,23.99,UPI,Store,Delhi
ORD100239,2026-03-20,C1274,P116,Bluetooth Speaker V2,Electronics,2,4810,3714,10.0,9620,962.0,8658.0,7428,1230.0,14.21,Cash,Store,Agra
ORD100240,2025-12-12,C1307,P106,Headphones V1,Electronics,2,4570,3663,10.0,9140,914.0,8226.0,7326,900.0,10.94,UPI,Online,Mumbai
ORD100241,2024-04-27,C1463,P115,Bluetooth Speaker V1,Electronics,3,6930,4749,0.0,20790,0.0,20790.0,14247,6543.0,31.47,Card,Store,Varanasi
ORD100242,2024-03-30,C1333,P170,Travel Pouch V2,Accessories,1,1850,1364,5.0,1850,92.5,1757.5,1364,393.5,22.39,Card,Online,Prayagraj
ORD100243,2025-04-03,C1001,P113,Webcam V2,Electronics,4,2640,1889,10.0,10560,1056.0,9504.0,7556,1948.0,20.5,Card,Store,Mumbai
ORD100244,2026-03-26,C1483,P139,Storage Box V1,Home,1,2100,1652,20.0,2100,420.0,1680.0,1652,28.0,1.67,Card,Online,Kanpur
ORD100245,2024-09-10,C1303,P101,Wireless Mouse V2,Electronics,2,2890,2270,10.0,5780,578.0,5202.0,4540,662.0,12.73,Net Banking,Store,Gurugram
ORD100246,2026-02-22,C1338,P133,Stapler V1,Office,3,6390,4143,0.0,19170,0.0,19170.0,12429,6741.0,35.16,Card,Store,Lucknow
ORD100247,2025-01-07,C1050,P170,Travel Pouch V2,Accessories,2,1850,1364,15.0,3700,555.0,3145.0,2728,417.0,13.26,UPI,Online,Gurugram
ORD100248,2024-03-09,C1010,P114,Webcam V3,Electronics,1,3680,2607,10.0,3680,368.0,3312.0,2607,705.0,21.29,Card,Store,Kanpur
ORD100249,2024-04-02,C1453,P116,Bluetooth Speaker V2,Electronics,6,4810,3714,5.0,28860,1443.0,27417.0,22284,5133.0,18.72,UPI,Store,Gurugram
ORD100250,2024-04-28,C1237,P133,Stapler V1,Office,1,6390,4143,10.0,6390,639.0,5751.0,4143,1608.0,27.96,UPI,Online,Prayagraj
ORD100251,2026-06-01,C1256,P111,USB Hub V3,Electronics,1,1850,1273,0.0,1850,0.0,1850.0,1273,577.0,31.19,Card,Store,Lucknow
ORD100252,2024-04-30,C1131,P168,Desk Mat V3,Accessories,1,2910,2229,10.0,2910,291.0,2619.0,2229,390.0,14.89,UPI,Online,Prayagraj
ORD100253,2024-09-23,C1446,P156,Laptop Bag V3,Accessories,3,1980,1255,10.0,5940,594.0,5346.0,3765,1581.0,29.57,Cash,Online,Noida
ORD100254,2024-01-08,C1291,P175,Tea V1,Grocery,4,1390,900,0.0,5560,0.0,5560.0,3600,1960.0,35.25,UPI,Store,Noida
ORD100255,2026-06-23,C1128,P125,Desk Lamp V2,Office,1,4970,3317,5.0,4970,248.5,4721.5,3317,1404.5,29.75,Net Banking,Online,Agra
ORD100256,2025-01-12,C1389,P116,Bluetooth Speaker V2,Electronics,1,4810,3714,5.0,4810,240.5,4569.5,3714,855.5,18.72,UPI,Store,Noida
ORD100257,2024-03-10,C1340,P156,Laptop Bag V3,Accessories,2,1980,1255,0.0,3960,0.0,3960.0,2510,1450.0,36.62,Cash,Online,Jaipur
ORD100258,2026-03-26,C1297,P126,Desk Lamp V3,Office,2,370,241,20.0,740,148.0,592.0,482,110.0,18.58,Cash,Online,Lucknow
ORD100259,2024-02-26,C1179,P130,File Folder V1,Office,1,3130,2238,5.0,3130,156.5,2973.5,2238,735.5,24.74,UPI,Store,Delhi
ORD100260,2024-08-16,C1225,P134,Stapler V2,Office,3,5250,3976,10.0,15750,1575.0,14175.0,11928,2247.0,15.85,UPI,Store,Delhi
ORD100261,2024-12-08,C1435,P148,LED Bulb V1,Home,6,1590,982,5.0,9540,477.0,9063.0,5892,3171.0,34.99,Cash,Online,Prayagraj
ORD100262,2024-11-05,C1207,P164,Power Bank V2,Accessories,1,1150,849,0.0,1150,0.0,1150.0,849,301.0,26.17,Card,Online,Agra
ORD100263,2025-02-13,C1413,P153,Cleaning Kit V3,Home,1,2770,1726,15.0,2770,415.5,2354.5,1726,628.5,26.69,Card,Store,Delhi
ORD100264,2025-08-10,C1385,P174,Coffee V3,Grocery,4,1420,1012,5.0,5680,284.0,5396.0,4048,1348.0,24.98,UPI,Store,Gurugram
ORD100265,2024-05-30,C1423,P159,Phone Case V3,Accessories,2,1360,849,0.0,2720,0.0,2720.0,1698,1022.0,37.57,UPI,Store,Noida
ORD100266,2024-12-31,C1177,P114,Webcam V3,Electronics,4,3680,2607,0.0,14720,0.0,14720.0,10428,4292.0,29.16,Card,Store,Jaipur
ORD100267,2024-01-11,C1107,P125,Desk Lamp V2,Office,3,4970,3317,5.0,14910,745.5,14164.5,9951,4213.5,29.75,UPI,Store,Varanasi
ORD100268,2025-09-26,C1143,P160,Charging Cable V1,Accessories,4,3270,2329,5.0,13080,654.0,12426.0,9316,3110.0,25.03,UPI,Online,Gurugram
ORD100269,2025-06-04,C1011,P168,Desk Mat V3,Accessories,3,2910,2229,15.0,8730,1309.5,7420.5,6687,733.5,9.88,Net Banking,Store,Agra
ORD100270,2025-01-02,C1057,P177,Tea V3,Grocery,1,540,388,5.0,540,27.0,513.0,388,125.0,24.37,UPI,Store,Prayagraj
ORD100271,2024-04-14,C1199,P150,LED Bulb V3,Home,3,2960,2119,5.0,8880,444.0,8436.0,6357,2079.0,24.64,UPI,Online,Kanpur
ORD100272,2024-01-04,C1350,P117,Bluetooth Speaker V3,Electronics,1,1400,967,5.0,1400,70.0,1330.0,967,363.0,27.29,UPI,Online,Noida
ORD100273,2024-04-10,C1450,P108,Headphones V3,Electronics,3,4890,3636,5.0,14670,733.5,13936.5,10908,3028.5,21.73,UPI,Store,Delhi
ORD100274,2025-02-28,C1254,P144,Table Clock V3,Home,1,2960,2357,15.0,2960,444.0,2516.0,2357,159.0,6.32,UPI,Online,Prayagraj
ORD100275,2025-05-27,C1166,P116,Bluetooth Speaker V2,Electronics,1,4810,3714,10.0,4810,481.0,4329.0,3714,615.0,14.21,UPI,Store,Lucknow
ORD100276,2025-07-14,C1445,P137,Water Bottle V2,Home,1,1800,1202,5.0,1800,90.0,1710.0,1202,508.0,29.71,UPI,Store,Lucknow
ORD100277,2025-07-14,C1471,P130,File Folder V1,Office,2,3130,2238,15.0,6260,939.0,5321.0,4476,845.0,15.88,UPI,Online,Prayagraj
ORD100278,2025-11-27,C1366,P176,Tea V2,Grocery,5,920,750,0.0,4600,0.0,4600.0,3750,850.0,18.48,Card,Store,Mumbai
ORD100279,2026-03-27,C1075,P154,Laptop Bag V1,Accessories,1,3580,2326,10.0,3580,358.0,3222.0,2326,896.0,27.81,UPI,Store,Gurugram
ORD100280,2024-09-02,C1436,P178,Biscuits V1,Grocery,2,1460,1162,10.0,2920,292.0,2628.0,2324,304.0,11.57,Card,Store,Jaipur
ORD100281,2024-02-14,C1401,P177,Tea V3,Grocery,1,540,388,10.0,540,54.0,486.0,388,98.0,20.16,UPI,Online,Gurugram
ORD100282,2025-03-03,C1116,P167,Desk Mat V2,Accessories,2,3170,2059,5.0,6340,317.0,6023.0,4118,1905.0,31.63,UPI,Online,Agra
ORD100283,2026-06-08,C1393,P109,USB Hub V1,Electronics,2,1970,1209,0.0,3940,0.0,3940.0,2418,1522.0,38.63,UPI,Store,Gurugram
ORD100284,2024-03-25,C1029,P148,LED Bulb V1,Home,1,1590,982,10.0,1590,159.0,1431.0,982,449.0,31.38,Card,Online,Lucknow
ORD100285,2025-03-20,C1295,P137,Water Bottle V2,Home,2,1800,1202,0.0,3600,0.0,3600.0,2404,1196.0,33.22,Card,Store,Lucknow
ORD100286,2025-07-08,C1432,P135,Stapler V3,Office,4,7170,4632,10.0,28680,2868.0,25812.0,18528,7284.0,28.22,Net Banking,Phone,Mumbai
ORD100287,2025-01-06,C1403,P153,Cleaning Kit V3,Home,2,2770,1726,5.0,5540,277.0,5263.0,3452,1811.0,34.41,Cash,Phone,Lucknow
ORD100288,2026-05-14,C1192,P102,Wireless Mouse V3,Electronics,3,3210,2684,5.0,9630,481.5,9148.5,8052,1096.5,11.99,UPI,Online,Agra
ORD100289,2025-11-14,C1108,P155,Laptop Bag V2,Accessories,5,2620,1779,15.0,13100,1965.0,11135.0,8895,2240.0,20.12,UPI,Phone,Lucknow
ORD100290,2025-12-03,C1041,P141,Storage Box V3,Home,2,2200,1823,10.0,4400,440.0,3960.0,3646,314.0,7.93,Card,Store,Gurugram
ORD100291,2026-04-16,C1422,P170,Travel Pouch V2,Accessories,2,1850,1364,20.0,3700,740.0,2960.0,2728,232.0,7.84,Card,Store,Agra
ORD100292,2025-12-28,C1284,P172,Coffee V1,Grocery,1,660,526,5.0,660,33.0,627.0,526,101.0,16.11,Card,Online,Kanpur
ORD100293,2024-07-28,C1016,P129,Printer Paper V3,Office,1,7700,4733,5.0,7700,385.0,7315.0,4733,2582.0,35.3,UPI,Online,Varanasi
ORD100294,2024-09-27,C1411,P123,Office Chair V3,Office,3,4680,3454,10.0,14040,1404.0,12636.0,10362,2274.0,18.0,Cash,Online,Prayagraj
ORD100295,2025-06-05,C1046,P158,Phone Case V2,Accessories,1,2660,1753,10.0,2660,266.0,2394.0,1753,641.0,26.78,UPI,Store,Lucknow
ORD100296,2026-01-01,C1017,P138,Water Bottle V3,Home,2,2890,1947,15.0,5780,867.0,4913.0,3894,1019.0,20.74,UPI,Store,Lucknow
ORD100297,2025-05-22,C1037,P158,Phone Case V2,Accessories,2,2660,1753,20.0,5320,1064.0,4256.0,3506,750.0,17.62,UPI,Phone,Lucknow
ORD100298,2026-01-01,C1157,P103,Keyboard V1,Electronics,3,4190,2634,0.0,12570,0.0,12570.0,7902,4668.0,37.14,UPI,Online,Agra
ORD100299,2026-06-11,C1165,P154,Laptop Bag V1,Accessories,1,3580,2326,5.0,3580,179.0,3401.0,2326,1075.0,31.61,UPI,Online,Delhi
ORD100300,2024-05-19,C1105,P104,Keyboard V2,Electronics,1,820,576,10.0,820,82.0,738.0,576,162.0,21.95,Cash,Store,Lucknow
ORD100301,2025-04-07,C1477,P116,Bluetooth Speaker V2,Electronics,3,4810,3714,0.0,14430,0.0,14430.0,11142,3288.0,22.79,UPI,Store,Delhi
ORD100302,2025-04-30,C1044,P157,Phone Case V1,Accessories,1,560,464,10.0,560,56.0,504.0,464,40.0,7.94,UPI,Store,Delhi
ORD100303,2025-02-19,C1450,P102,Wireless Mouse V3,Electronics,2,3210,2684,0.0,6420,0.0,6420.0,5368,1052.0,16.39,Card,Online,Delhi
ORD100304,2025-01-10,C1321,P103,Keyboard V1,Electronics,1,4190,2634,10.0,4190,419.0,3771.0,2634,1137.0,30.15,Cash,Online,Gurugram
ORD100305,2026-06-23,C1218,P176,Tea V2,Grocery,1,920,750,20.0,920,184.0,736.0,750,-14.0,-1.9,Cash,Phone,Jaipur
ORD100306,2026-05-18,C1167,P147,Cushion V3,Home,1,2180,1724,10.0,2180,218.0,1962.0,1724,238.0,12.13,Cash,Store,Noida
ORD100307,2026-04-25,C1140,P126,Desk Lamp V3,Office,2,370,241,10.0,740,74.0,666.0,482,184.0,27.63,Cash,Phone,Gurugram
ORD100308,2024-03-06,C1307,P142,Table Clock V1,Home,2,2610,1876,15.0,5220,783.0,4437.0,3752,685.0,15.44,Net Banking,Store,Mumbai
ORD100309,2025-08-03,C1083,P138,Water Bottle V3,Home,1,2890,1947,0.0,2890,0.0,2890.0,1947,943.0,32.63,Card,Store,Delhi
ORD100310,2024-12-18,C1056,P139,Storage Box V1,Home,2,2100,1652,5.0,4200,210.0,3990.0,3304,686.0,17.19,Card,Store,Gurugram
ORD100311,2024-04-26,C1183,P109,USB Hub V1,Electronics,2,1970,1209,0.0,3940,0.0,3940.0,2418,1522.0,38.63,UPI,Online,Agra
ORD100312,2026-03-19,C1446,P131,File Folder V2,Office,1,5150,3339,5.0,5150,257.5,4892.5,3339,1553.5,31.75,UPI,Store,Noida
ORD100313,2025-07-10,C1394,P169,Travel Pouch V1,Accessories,1,2560,1733,10.0,2560,256.0,2304.0,1733,571.0,24.78,Cash,Store,Prayagraj
ORD100314,2025-08-23,C1334,P171,Travel Pouch V3,Accessories,3,1430,1156,0.0,4290,0.0,4290.0,3468,822.0,19.16,UPI,Store,Lucknow
ORD100315,2025-04-22,C1242,P163,Power Bank V1,Accessories,1,510,428,10.0,510,51.0,459.0,428,31.0,6.75,UPI,Store,Delhi
ORD100316,2026-04-01,C1357,P134,Stapler V2,Office,3,5250,3976,15.0,15750,2362.5,13387.5,11928,1459.5,10.9,UPI,Online,Kanpur
ORD100317,2025-10-21,C1279,P160,Charging Cable V1,Accessories,1,3270,2329,0.0,3270,0.0,3270.0,2329,941.0,28.78,UPI,Online,Gurugram
ORD100318,2025-07-18,C1186,P137,Water Bottle V2,Home,3,1800,1202,10.0,5400,540.0,4860.0,3606,1254.0,25.8,Net Banking,Store,Prayagraj
ORD100319,2024-06-30,C1124,P150,LED Bulb V3,Home,3,2960,2119,10.0,8880,888.0,7992.0,6357,1635.0,20.46,UPI,Phone,Kanpur
ORD100320,2024-01-21,C1038,P145,Cushion V1,Home,1,920,592,0.0,920,0.0,920.0,592,328.0,35.65,Cash,Store,Varanasi
ORD100321,2025-03-22,C1098,P134,Stapler V2,Office,4,5250,3976,5.0,21000,1050.0,19950.0,15904,4046.0,20.28,Card,Store,Lucknow
ORD100322,2025-08-03,C1264,P101,Wireless Mouse V2,Electronics,3,2890,2270,5.0,8670,433.5,8236.5,6810,1426.5,17.32,UPI,Phone,Gurugram
ORD100323,2025-11-19,C1386,P173,Coffee V2,Grocery,5,930,610,5.0,4650,232.5,4417.5,3050,1367.5,30.96,UPI,Store,Delhi
ORD100324,2025-10-17,C1420,P102,Wireless Mouse V3,Electronics,4,3210,2684,10.0,12840,1284.0,11556.0,10736,820.0,7.1,UPI,Store,Agra
ORD100325,2024-12-23,C1173,P110,USB Hub V2,Electronics,3,980,657,5.0,2940,147.0,2793.0,1971,822.0,29.43,UPI,Store,Delhi
ORD100326,2024-09-04,C1275,P107,Headphones V2,Electronics,3,3120,2535,0.0,9360,0.0,9360.0,7605,1755.0,18.75,Card,Store,Gurugram
ORD100327,2025-08-14,C1291,P136,Water Bottle V1,Home,1,1430,1182,10.0,1430,143.0,1287.0,1182,105.0,8.16,UPI,Store,Noida
ORD100328,2025-02-15,C1431,P137,Water Bottle V2,Home,2,1800,1202,5.0,3600,180.0,3420.0,2404,1016.0,29.71,Net Banking,Phone,Noida
ORD100329,2025-06-24,C1434,P148,LED Bulb V1,Home,4,1590,982,5.0,6360,318.0,6042.0,3928,2114.0,34.99,UPI,Online,Kanpur
ORD100330,2025-06-20,C1072,P126,Desk Lamp V3,Office,2,370,241,0.0,740,0.0,740.0,482,258.0,34.86,Card,Store,Kanpur
ORD100331,2024-11-21,C1052,P165,Power Bank V3,Accessories,1,1990,1688,15.0,1990,298.5,1691.5,1688,3.5,0.21,Card,Store,Kanpur
ORD100332,2025-06-19,C1367,P164,Power Bank V2,Accessories,1,1150,849,5.0,1150,57.5,1092.5,849,243.5,22.29,Net Banking,Online,Noida
ORD100333,2024-04-14,C1494,P102,Wireless Mouse V3,Electronics,2,3210,2684,5.0,6420,321.0,6099.0,5368,731.0,11.99,UPI,Phone,Noida
ORD100334,2025-05-25,C1457,P134,Stapler V2,Office,2,5250,3976,10.0,10500,1050.0,9450.0,7952,1498.0,15.85,Cash,Online,Prayagraj
ORD100335,2024-09-27,C1248,P110,USB Hub V2,Electronics,4,980,657,0.0,3920,0.0,3920.0,2628,1292.0,32.96,Net Banking,Phone,Agra
ORD100336,2024-06-26,C1214,P170,Travel Pouch V2,Accessories,2,1850,1364,15.0,3700,555.0,3145.0,2728,417.0,13.26,Card,Online,Agra
ORD100337,2026-06-13,C1454,P131,File Folder V2,Office,4,5150,3339,0.0,20600,0.0,20600.0,13356,7244.0,35.17,UPI,Online,Prayagraj
ORD100338,2025-03-14,C1216,P179,Biscuits V2,Grocery,2,1150,889,0.0,2300,0.0,2300.0,1778,522.0,22.7,UPI,Store,Mumbai
ORD100339,2024-06-29,C1355,P135,Stapler V3,Office,1,7170,4632,0.0,7170,0.0,7170.0,4632,2538.0,35.4,UPI,Online,Noida
ORD100340,2025-06-17,C1065,P120,Notebook V3,Office,1,5080,3876,0.0,5080,0.0,5080.0,3876,1204.0,23.7,UPI,Online,Noida
ORD100341,2026-02-23,C1335,P159,Phone Case V3,Accessories,3,1360,849,10.0,4080,408.0,3672.0,2547,1125.0,30.64,Net Banking,Store,Prayagraj
ORD100342,2024-04-08,C1441,P157,Phone Case V1,Accessories,2,560,464,10.0,1120,112.0,1008.0,928,80.0,7.94,UPI,Phone,Agra
ORD100343,2024-05-19,C1028,P106,Headphones V1,Electronics,1,4570,3663,10.0,4570,457.0,4113.0,3663,450.0,10.94,UPI,Online,Lucknow
ORD100344,2024-06-19,C1336,P168,Desk Mat V3,Accessories,3,2910,2229,5.0,8730,436.5,8293.5,6687,1606.5,19.37,Card,Phone,Kanpur
ORD100345,2025-04-06,C1408,P114,Webcam V3,Electronics,3,3680,2607,5.0,11040,552.0,10488.0,7821,2667.0,25.43,Cash,Online,Gurugram
ORD100346,2024-03-15,C1269,P102,Wireless Mouse V3,Electronics,2,3210,2684,0.0,6420,0.0,6420.0,5368,1052.0,16.39,UPI,Phone,Lucknow
ORD100347,2025-07-23,C1111,P156,Laptop Bag V3,Accessories,1,1980,1255,10.0,1980,198.0,1782.0,1255,527.0,29.57,Net Banking,Phone,Delhi
ORD100348,2026-03-22,C1097,P104,Keyboard V2,Electronics,3,820,576,5.0,2460,123.0,2337.0,1728,609.0,26.06,UPI,Online,Gurugram
ORD100349,2025-10-04,C1473,P156,Laptop Bag V3,Accessories,1,1980,1255,5.0,1980,99.0,1881.0,1255,626.0,33.28,Card,Online,Kanpur
ORD100350,2025-11-21,C1140,P143,Table Clock V2,Home,1,2900,2046,0.0,2900,0.0,2900.0,2046,854.0,29.45,Card,Online,Gurugram
ORD100351,2024-01-31,C1491,P146,Cushion V2,Home,5,3320,2419,0.0,16600,0.0,16600.0,12095,4505.0,27.14,Card,Online,Noida
ORD100352,2024-03-11,C1254,P169,Travel Pouch V1,Accessories,2,2560,1733,10.0,5120,512.0,4608.0,3466,1142.0,24.78,UPI,Store,Prayagraj
ORD100353,2024-07-06,C1185,P148,LED Bulb V1,Home,3,1590,982,5.0,4770,238.5,4531.5,2946,1585.5,34.99,UPI,Online,Jaipur
ORD100354,2025-07-11,C1043,P121,Office Chair V1,Office,1,6460,4606,5.0,6460,323.0,6137.0,4606,1531.0,24.95,Card,Online,Jaipur
ORD100355,2025-09-01,C1312,P172,Coffee V1,Grocery,2,660,526,5.0,1320,66.0,1254.0,1052,202.0,16.11,Card,Online,Lucknow
ORD100356,2025-07-05,C1479,P125,Desk Lamp V2,Office,2,4970,3317,10.0,9940,994.0,8946.0,6634,2312.0,25.84,UPI,Store,Varanasi
ORD100357,2024-08-16,C1466,P115,Bluetooth Speaker V1,Electronics,2,6930,4749,0.0,13860,0.0,13860.0,9498,4362.0,31.47,Cash,Store,Varanasi
ORD100358,2024-10-08,C1132,P121,Office Chair V1,Office,1,6460,4606,10.0,6460,646.0,5814.0,4606,1208.0,20.78,Card,Online,Varanasi
ORD100359,2024-04-26,C1285,P125,Desk Lamp V2,Office,3,4970,3317,10.0,14910,1491.0,13419.0,9951,3468.0,25.84,Cash,Phone,Kanpur
ORD100360,2025-11-08,C1105,P117,Bluetooth Speaker V3,Electronics,2,1400,967,5.0,2800,140.0,2660.0,1934,726.0,27.29,Net Banking,Online,Lucknow
ORD100361,2024-05-29,C1245,P105,Keyboard V3,Electronics,5,4190,3534,15.0,20950,3142.5,17807.5,17670,137.5,0.77,UPI,Online,Lucknow
ORD100362,2025-11-25,C1250,P108,Headphones V3,Electronics,2,4890,3636,10.0,9780,978.0,8802.0,7272,1530.0,17.38,Card,Online,Jaipur
ORD100363,2025-09-23,C1442,P169,Travel Pouch V1,Accessories,3,2560,1733,5.0,7680,384.0,7296.0,5199,2097.0,28.74,Net Banking,Phone,Delhi
ORD100364,2024-04-30,C1093,P167,Desk Mat V2,Accessories,4,3170,2059,5.0,12680,634.0,12046.0,8236,3810.0,31.63,Net Banking,Online,Delhi
ORD100365,2024-04-08,C1405,P110,USB Hub V2,Electronics,2,980,657,5.0,1960,98.0,1862.0,1314,548.0,29.43,UPI,Online,Agra
ORD100366,2024-10-25,C1207,P173,Coffee V2,Grocery,2,930,610,5.0,1860,93.0,1767.0,1220,547.0,30.96,Cash,Phone,Agra
ORD100367,2024-08-19,C1281,P128,Printer Paper V2,Office,2,2840,2176,0.0,5680,0.0,5680.0,4352,1328.0,23.38,UPI,Store,Kanpur
ORD100368,2025-01-27,C1293,P120,Notebook V3,Office,4,5080,3876,5.0,20320,1016.0,19304.0,15504,3800.0,19.69,Net Banking,Store,Gurugram
ORD100369,2025-11-10,C1243,P102,Wireless Mouse V3,Electronics,5,3210,2684,20.0,16050,3210.0,12840.0,13420,-580.0,-4.52,UPI,Online,Jaipur
ORD100370,2025-12-28,C1414,P132,File Folder V3,Office,3,4410,2825,10.0,13230,1323.0,11907.0,8475,3432.0,28.82,Card,Online,Jaipur
ORD100371,2025-06-22,C1226,P101,Wireless Mouse V2,Electronics,2,2890,2270,10.0,5780,578.0,5202.0,4540,662.0,12.73,Card,Online,Gurugram
ORD100372,2024-02-07,C1147,P124,Desk Lamp V1,Office,3,4350,2868,10.0,13050,1305.0,11745.0,8604,3141.0,26.74,Cash,Online,Lucknow
ORD100373,2026-06-26,C1047,P124,Desk Lamp V1,Office,1,4350,2868,10.0,4350,435.0,3915.0,2868,1047.0,26.74,Card,Store,Lucknow
ORD100374,2026-05-20,C1204,P156,Laptop Bag V3,Accessories,5,1980,1255,0.0,9900,0.0,9900.0,6275,3625.0,36.62,Card,Store,Varanasi
ORD100375,2025-05-12,C1371,P175,Tea V1,Grocery,1,1390,900,20.0,1390,278.0,1112.0,900,212.0,19.06,Cash,Phone,Lucknow
ORD100376,2026-05-29,C1302,P143,Table Clock V2,Home,1,2900,2046,0.0,2900,0.0,2900.0,2046,854.0,29.45,UPI,Store,Noida
ORD100377,2025-06-10,C1291,P162,Charging Cable V3,Accessories,1,3240,2132,10.0,3240,324.0,2916.0,2132,784.0,26.89,UPI,Store,Noida
ORD100378,2025-05-30,C1089,P168,Desk Mat V3,Accessories,1,2910,2229,0.0,2910,0.0,2910.0,2229,681.0,23.4,Cash,Store,Kanpur
ORD100379,2026-02-20,C1078,P148,LED Bulb V1,Home,1,1590,982,0.0,1590,0.0,1590.0,982,608.0,38.24,UPI,Online,Gurugram
ORD100380,2024-07-04,C1397,P119,Notebook V2,Office,3,3040,2028,5.0,9120,456.0,8664.0,6084,2580.0,29.78,Card,Online,Varanasi
ORD100381,2024-03-13,C1416,P131,File Folder V2,Office,2,5150,3339,10.0,10300,1030.0,9270.0,6678,2592.0,27.96,UPI,Online,Gurugram
ORD100382,2025-12-08,C1329,P173,Coffee V2,Grocery,3,930,610,5.0,2790,139.5,2650.5,1830,820.5,30.96,Card,Online,Prayagraj
ORD100383,2026-01-08,C1015,P139,Storage Box V1,Home,1,2100,1652,5.0,2100,105.0,1995.0,1652,343.0,17.19,UPI,Store,Lucknow
ORD100384,2026-02-23,C1287,P140,Storage Box V2,Home,2,1780,1191,0.0,3560,0.0,3560.0,2382,1178.0,33.09,UPI,Store,Varanasi
ORD100385,2024-04-12,C1480,P154,Laptop Bag V1,Accessories,2,3580,2326,0.0,7160,0.0,7160.0,4652,2508.0,35.03,UPI,Store,Delhi
ORD100386,2024-06-30,C1198,P145,Cushion V1,Home,2,920,592,5.0,1840,92.0,1748.0,1184,564.0,32.27,Card,Online,Delhi
ORD100387,2025-02-23,C1255,P157,Phone Case V1,Accessories,3,560,464,15.0,1680,252.0,1428.0,1392,36.0,2.52,UPI,Store,Lucknow
ORD100388,2026-03-04,C1136,P163,Power Bank V1,Accessories,1,510,428,10.0,510,51.0,459.0,428,31.0,6.75,UPI,Store,Delhi
ORD100389,2026-05-09,C1354,P162,Charging Cable V3,Accessories,4,3240,2132,10.0,12960,1296.0,11664.0,8528,3136.0,26.89,UPI,Store,Agra
ORD100390,2025-06-24,C1113,P125,Desk Lamp V2,Office,2,4970,3317,10.0,9940,994.0,8946.0,6634,2312.0,25.84,Cash,Online,Agra
ORD100391,2026-06-01,C1330,P127,Printer Paper V1,Office,1,6100,4997,15.0,6100,915.0,5185.0,4997,188.0,3.63,UPI,Store,Prayagraj
ORD100392,2025-07-15,C1397,P173,Coffee V2,Grocery,4,930,610,0.0,3720,0.0,3720.0,2440,1280.0,34.41,UPI,Online,Varanasi
ORD100393,2024-01-21,C1393,P142,Table Clock V1,Home,4,2610,1876,10.0,10440,1044.0,9396.0,7504,1892.0,20.14,UPI,Store,Gurugram
ORD100394,2025-06-04,C1120,P134,Stapler V2,Office,1,5250,3976,0.0,5250,0.0,5250.0,3976,1274.0,24.27,Card,Online,Agra
ORD100395,2025-05-26,C1336,P142,Table Clock V1,Home,2,2610,1876,15.0,5220,783.0,4437.0,3752,685.0,15.44,UPI,Store,Kanpur
ORD100396,2025-02-02,C1406,P128,Printer Paper V2,Office,1,2840,2176,20.0,2840,568.0,2272.0,2176,96.0,4.23,Cash,Online,Delhi
ORD100397,2024-11-21,C1370,P105,Keyboard V3,Electronics,1,4190,3534,0.0,4190,0.0,4190.0,3534,656.0,15.66,Net Banking,Online,Delhi
ORD100398,2025-12-15,C1213,P123,Office Chair V3,Office,2,4680,3454,0.0,9360,0.0,9360.0,6908,2452.0,26.2,UPI,Store,Jaipur
ORD100399,2025-11-04,C1394,P134,Stapler V2,Office,5,5250,3976,15.0,26250,3937.5,22312.5,19880,2432.5,10.9,UPI,Store,Prayagraj
ORD100400,2024-04-09,C1260,P148,LED Bulb V1,Home,2,1590,982,0.0,3180,0.0,3180.0,1964,1216.0,38.24,UPI,Store,Prayagraj
ORD100401,2024-04-01,C1422,P161,Charging Cable V2,Accessories,1,2440,1541,0.0,2440,0.0,2440.0,1541,899.0,36.84,UPI,Phone,Agra
ORD100402,2024-12-29,C1111,P124,Desk Lamp V1,Office,3,4350,2868,5.0,13050,652.5,12397.5,8604,3793.5,30.6,Card,Store,Delhi
ORD100403,2026-06-25,C1359,P166,Desk Mat V1,Accessories,2,3330,2082,0.0,6660,0.0,6660.0,4164,2496.0,37.48,Card,Store,Lucknow
ORD100404,2024-04-24,C1209,P140,Storage Box V2,Home,2,1780,1191,0.0,3560,0.0,3560.0,2382,1178.0,33.09,UPI,Online,Jaipur
ORD100405,2024-12-01,C1026,P173,Coffee V2,Grocery,5,930,610,0.0,4650,0.0,4650.0,3050,1600.0,34.41,UPI,Store,Lucknow
ORD100406,2024-04-14,C1465,P174,Coffee V3,Grocery,1,1420,1012,15.0,1420,213.0,1207.0,1012,195.0,16.16,Cash,Online,Lucknow
ORD100407,2025-01-13,C1221,P101,Wireless Mouse V2,Electronics,1,2890,2270,10.0,2890,289.0,2601.0,2270,331.0,12.73,Card,Store,Gurugram
ORD100408,2026-05-18,C1245,P159,Phone Case V3,Accessories,5,1360,849,5.0,6800,340.0,6460.0,4245,2215.0,34.29,UPI,Online,Lucknow
ORD100409,2026-02-23,C1381,P107,Headphones V2,Electronics,2,3120,2535,5.0,6240,312.0,5928.0,5070,858.0,14.47,UPI,Phone,Mumbai
ORD100410,2025-08-18,C1241,P124,Desk Lamp V1,Office,3,4350,2868,0.0,13050,0.0,13050.0,8604,4446.0,34.07,UPI,Store,Jaipur
ORD100411,2025-11-05,C1048,P145,Cushion V1,Home,2,920,592,5.0,1840,92.0,1748.0,1184,564.0,32.27,Cash,Store,Delhi
ORD100412,2024-09-29,C1160,P146,Cushion V2,Home,3,3320,2419,0.0,9960,0.0,9960.0,7257,2703.0,27.14,UPI,Store,Gurugram
ORD100413,2024-07-15,C1265,P105,Keyboard V3,Electronics,3,4190,3534,0.0,12570,0.0,12570.0,10602,1968.0,15.66,Net Banking,Online,Kanpur
ORD100414,2024-07-13,C1394,P111,USB Hub V3,Electronics,3,1850,1273,5.0,5550,277.5,5272.5,3819,1453.5,27.57,UPI,Online,Prayagraj
ORD100415,2026-04-03,C1359,P100,Wireless Mouse V1,Electronics,1,3130,2246,5.0,3130,156.5,2973.5,2246,727.5,24.47,Card,Online,Lucknow
ORD100416,2025-02-18,C1357,P167,Desk Mat V2,Accessories,4,3170,2059,20.0,12680,2536.0,10144.0,8236,1908.0,18.81,UPI,Online,Kanpur
ORD100417,2025-07-20,C1230,P161,Charging Cable V2,Accessories,5,2440,1541,5.0,12200,610.0,11590.0,7705,3885.0,33.52,Card,Online,Lucknow
ORD100418,2024-04-02,C1113,P127,Printer Paper V1,Office,3,6100,4997,15.0,18300,2745.0,15555.0,14991,564.0,3.63,UPI,Store,Agra
ORD100419,2026-01-05,C1367,P113,Webcam V2,Electronics,1,2640,1889,10.0,2640,264.0,2376.0,1889,487.0,20.5,Net Banking,Store,Noida
ORD100420,2024-12-28,C1309,P104,Keyboard V2,Electronics,4,820,576,10.0,3280,328.0,2952.0,2304,648.0,21.95,UPI,Phone,Prayagraj
ORD100421,2024-04-28,C1497,P107,Headphones V2,Electronics,4,3120,2535,5.0,12480,624.0,11856.0,10140,1716.0,14.47,UPI,Online,Lucknow
ORD100422,2024-12-27,C1380,P163,Power Bank V1,Accessories,3,510,428,15.0,1530,229.5,1300.5,1284,16.5,1.27,UPI,Online,Kanpur
ORD100423,2024-06-29,C1348,P130,File Folder V1,Office,2,3130,2238,0.0,6260,0.0,6260.0,4476,1784.0,28.5,UPI,Online,Varanasi
ORD100424,2026-05-06,C1102,P117,Bluetooth Speaker V3,Electronics,3,1400,967,5.0,4200,210.0,3990.0,2901,1089.0,27.29,UPI,Store,Lucknow
ORD100425,2024-07-28,C1143,P107,Headphones V2,Electronics,2,3120,2535,10.0,6240,624.0,5616.0,5070,546.0,9.72,Card,Online,Gurugram
ORD100426,2025-05-15,C1091,P169,Travel Pouch V1,Accessories,2,2560,1733,0.0,5120,0.0,5120.0,3466,1654.0,32.3,UPI,Store,Gurugram
ORD100427,2024-07-10,C1007,P119,Notebook V2,Office,1,3040,2028,10.0,3040,304.0,2736.0,2028,708.0,25.88,Net Banking,Store,Mumbai
ORD100428,2024-04-13,C1160,P130,File Folder V1,Office,2,3130,2238,0.0,6260,0.0,6260.0,4476,1784.0,28.5,Card,Online,Gurugram
ORD100429,2026-04-03,C1134,P160,Charging Cable V1,Accessories,1,3270,2329,5.0,3270,163.5,3106.5,2329,777.5,25.03,Card,Online,Agra
ORD100430,2026-02-23,C1314,P109,USB Hub V1,Electronics,3,1970,1209,5.0,5910,295.5,5614.5,3627,1987.5,35.4,Card,Phone,Lucknow
ORD100431,2025-11-02,C1393,P110,USB Hub V2,Electronics,5,980,657,10.0,4900,490.0,4410.0,3285,1125.0,25.51,Card,Online,Gurugram
ORD100432,2025-08-16,C1180,P163,Power Bank V1,Accessories,1,510,428,0.0,510,0.0,510.0,428,82.0,16.08,Net Banking,Online,Noida
ORD100433,2025-11-13,C1294,P148,LED Bulb V1,Home,1,1590,982,10.0,1590,159.0,1431.0,982,449.0,31.38,UPI,Online,Prayagraj
ORD100434,2026-02-27,C1292,P123,Office Chair V3,Office,1,4680,3454,10.0,4680,468.0,4212.0,3454,758.0,18.0,Card,Phone,Gurugram
ORD100435,2026-06-08,C1279,P110,USB Hub V2,Electronics,1,980,657,10.0,980,98.0,882.0,657,225.0,25.51,Card,Online,Gurugram
ORD100436,2025-10-14,C1022,P138,Water Bottle V3,Home,2,2890,1947,0.0,5780,0.0,5780.0,3894,1886.0,32.63,Card,Store,Jaipur
ORD100437,2025-06-26,C1385,P114,Webcam V3,Electronics,3,3680,2607,20.0,11040,2208.0,8832.0,7821,1011.0,11.45,Net Banking,Store,Gurugram
ORD100438,2025-02-08,C1427,P118,Notebook V1,Office,1,2820,2304,5.0,2820,141.0,2679.0,2304,375.0,14.0,UPI,Store,Lucknow
ORD100439,2025-12-15,C1471,P169,Travel Pouch V1,Accessories,1,2560,1733,0.0,2560,0.0,2560.0,1733,827.0,32.3,Card,Online,Prayagraj
ORD100440,2025-10-30,C1362,P165,Power Bank V3,Accessories,4,1990,1688,5.0,7960,398.0,7562.0,6752,810.0,10.71,Card,Online,Varanasi
ORD100441,2025-09-18,C1261,P117,Bluetooth Speaker V3,Electronics,3,1400,967,5.0,4200,210.0,3990.0,2901,1089.0,27.29,UPI,Online,Kanpur
ORD100442,2026-03-09,C1474,P116,Bluetooth Speaker V2,Electronics,1,4810,3714,10.0,4810,481.0,4329.0,3714,615.0,14.21,UPI,Phone,Varanasi
ORD100443,2025-08-20,C1152,P101,Wireless Mouse V2,Electronics,1,2890,2270,5.0,2890,144.5,2745.5,2270,475.5,17.32,Card,Store,Prayagraj
ORD100444,2025-04-29,C1088,P125,Desk Lamp V2,Office,1,4970,3317,0.0,4970,0.0,4970.0,3317,1653.0,33.26,UPI,Store,Prayagraj
ORD100445,2024-05-23,C1237,P115,Bluetooth Speaker V1,Electronics,1,6930,4749,5.0,6930,346.5,6583.5,4749,1834.5,27.87,Card,Phone,Prayagraj
ORD100446,2024-10-01,C1352,P165,Power Bank V3,Accessories,2,1990,1688,5.0,3980,199.0,3781.0,3376,405.0,10.71,UPI,Online,Jaipur
ORD100447,2025-12-30,C1076,P126,Desk Lamp V3,Office,1,370,241,10.0,370,37.0,333.0,241,92.0,27.63,Card,Store,Kanpur
ORD100448,2025-07-13,C1190,P177,Tea V3,Grocery,1,540,388,10.0,540,54.0,486.0,388,98.0,20.16,UPI,Phone,Lucknow
ORD100449,2024-12-06,C1056,P163,Power Bank V1,Accessories,2,510,428,0.0,1020,0.0,1020.0,856,164.0,16.08,Net Banking,Store,Gurugram
ORD100450,2025-07-08,C1374,P122,Office Chair V2,Office,1,4160,2937,10.0,4160,416.0,3744.0,2937,807.0,21.55,Card,Online,Jaipur
ORD100451,2025-03-09,C1021,P124,Desk Lamp V1,Office,3,4350,2868,5.0,13050,652.5,12397.5,8604,3793.5,30.6,Card,Online,Varanasi
ORD100452,2024-11-11,C1301,P135,Stapler V3,Office,1,7170,4632,5.0,7170,358.5,6811.5,4632,2179.5,32.0,UPI,Store,Varanasi
ORD100453,2024-10-18,C1051,P130,File Folder V1,Office,5,3130,2238,0.0,15650,0.0,15650.0,11190,4460.0,28.5,Cash,Online,Agra
ORD100454,2026-02-09,C1298,P130,File Folder V1,Office,1,3130,2238,5.0,3130,156.5,2973.5,2238,735.5,24.74,Card,Online,Agra
ORD100455,2025-02-25,C1302,P156,Laptop Bag V3,Accessories,1,1980,1255,15.0,1980,297.0,1683.0,1255,428.0,25.43,UPI,Online,Noida
ORD100456,2026-05-21,C1083,P142,Table Clock V1,Home,1,2610,1876,0.0,2610,0.0,2610.0,1876,734.0,28.12,Card,Online,Delhi
ORD100457,2026-02-07,C1466,P101,Wireless Mouse V2,Electronics,2,2890,2270,0.0,5780,0.0,5780.0,4540,1240.0,21.45,UPI,Phone,Varanasi
ORD100458,2025-10-02,C1285,P123,Office Chair V3,Office,2,4680,3454,0.0,9360,0.0,9360.0,6908,2452.0,26.2,Card,Store,Kanpur
ORD100459,2025-10-25,C1437,P125,Desk Lamp V2,Office,1,4970,3317,5.0,4970,248.5,4721.5,3317,1404.5,29.75,Cash,Store,Gurugram
ORD100460,2024-06-11,C1298,P128,Printer Paper V2,Office,1,2840,2176,5.0,2840,142.0,2698.0,2176,522.0,19.35,Card,Online,Agra
ORD100461,2024-05-17,C1186,P113,Webcam V2,Electronics,2,2640,1889,5.0,5280,264.0,5016.0,3778,1238.0,24.68,UPI,Store,Prayagraj
ORD100462,2024-09-09,C1121,P101,Wireless Mouse V2,Electronics,1,2890,2270,0.0,2890,0.0,2890.0,2270,620.0,21.45,UPI,Online,Lucknow
ORD100463,2024-04-19,C1048,P100,Wireless Mouse V1,Electronics,4,3130,2246,0.0,12520,0.0,12520.0,8984,3536.0,28.24,Cash,Store,Delhi
ORD100464,2024-10-25,C1166,P172,Coffee V1,Grocery,2,660,526,5.0,1320,66.0,1254.0,1052,202.0,16.11,Cash,Store,Lucknow
ORD100465,2025-05-01,C1210,P136,Water Bottle V1,Home,1,1430,1182,10.0,1430,143.0,1287.0,1182,105.0,8.16,UPI,Store,Mumbai
ORD100466,2025-01-15,C1160,P165,Power Bank V3,Accessories,2,1990,1688,15.0,3980,597.0,3383.0,3376,7.0,0.21,UPI,Online,Gurugram
ORD100467,2025-10-05,C1076,P176,Tea V2,Grocery,1,920,750,0.0,920,0.0,920.0,750,170.0,18.48,UPI,Phone,Kanpur
ORD100468,2025-04-11,C1200,P127,Printer Paper V1,Office,7,6100,4997,0.0,42700,0.0,42700.0,34979,7721.0,18.08,Card,Store,Lucknow
ORD100469,2025-07-21,C1406,P124,Desk Lamp V1,Office,1,4350,2868,15.0,4350,652.5,3697.5,2868,829.5,22.43,UPI,Online,Delhi
ORD100470,2024-08-12,C1306,P159,Phone Case V3,Accessories,1,1360,849,10.0,1360,136.0,1224.0,849,375.0,30.64,Net Banking,Phone,Lucknow
ORD100471,2025-02-23,C1244,P178,Biscuits V1,Grocery,1,1460,1162,10.0,1460,146.0,1314.0,1162,152.0,11.57,UPI,Store,Jaipur
ORD100472,2025-12-16,C1463,P150,LED Bulb V3,Home,4,2960,2119,5.0,11840,592.0,11248.0,8476,2772.0,24.64,Card,Online,Varanasi
ORD100473,2026-06-18,C1187,P160,Charging Cable V1,Accessories,4,3270,2329,5.0,13080,654.0,12426.0,9316,3110.0,25.03,UPI,Online,Kanpur
ORD100474,2024-11-28,C1000,P104,Keyboard V2,Electronics,3,820,576,0.0,2460,0.0,2460.0,1728,732.0,29.76,UPI,Store,Varanasi
ORD100475,2025-10-12,C1283,P141,Storage Box V3,Home,6,2200,1823,0.0,13200,0.0,13200.0,10938,2262.0,17.14,UPI,Online,Lucknow
ORD100476,2024-01-20,C1047,P172,Coffee V1,Grocery,1,660,526,10.0,660,66.0,594.0,526,68.0,11.45,Card,Phone,Lucknow
ORD100477,2024-08-02,C1459,P173,Coffee V2,Grocery,4,930,610,10.0,3720,372.0,3348.0,2440,908.0,27.12,Net Banking,Online,Agra
ORD100478,2025-08-06,C1431,P149,LED Bulb V2,Home,1,1290,1029,10.0,1290,129.0,1161.0,1029,132.0,11.37,Net Banking,Phone,Noida
ORD100479,2024-04-23,C1146,P137,Water Bottle V2,Home,1,1800,1202,20.0,1800,360.0,1440.0,1202,238.0,16.53,UPI,Phone,Delhi
ORD100480,2026-04-21,C1353,P125,Desk Lamp V2,Office,3,4970,3317,10.0,14910,1491.0,13419.0,9951,3468.0,25.84,Cash,Online,Varanasi
ORD100481,2025-09-14,C1367,P116,Bluetooth Speaker V2,Electronics,2,4810,3714,10.0,9620,962.0,8658.0,7428,1230.0,14.21,Net Banking,Store,Noida
ORD100482,2024-03-15,C1127,P170,Travel Pouch V2,Accessories,1,1850,1364,15.0,1850,277.5,1572.5,1364,208.5,13.26,UPI,Phone,Gurugram
ORD100483,2025-11-11,C1483,P122,Office Chair V2,Office,3,4160,2937,5.0,12480,624.0,11856.0,8811,3045.0,25.68,Card,Online,Kanpur
ORD100484,2025-02-19,C1181,P171,Travel Pouch V3,Accessories,2,1430,1156,5.0,2860,143.0,2717.0,2312,405.0,14.91,UPI,Store,Jaipur
ORD100485,2025-12-05,C1488,P173,Coffee V2,Grocery,4,930,610,5.0,3720,186.0,3534.0,2440,1094.0,30.96,Card,Online,Lucknow
ORD100486,2024-09-09,C1168,P166,Desk Mat V1,Accessories,4,3330,2082,0.0,13320,0.0,13320.0,8328,4992.0,37.48,Card,Store,Lucknow
ORD100487,2024-10-07,C1446,P118,Notebook V1,Office,5,2820,2304,15.0,14100,2115.0,11985.0,11520,465.0,3.88,Net Banking,Online,Noida
ORD100488,2025-11-07,C1479,P110,USB Hub V2,Electronics,5,980,657,0.0,4900,0.0,4900.0,3285,1615.0,32.96,Cash,Store,Varanasi
ORD100489,2026-05-08,C1212,P151,Cleaning Kit V1,Home,2,2890,1977,5.0,5780,289.0,5491.0,3954,1537.0,27.99,Card,Store,Noida
ORD100490,2026-02-06,C1409,P176,Tea V2,Grocery,1,920,750,0.0,920,0.0,920.0,750,170.0,18.48,UPI,Online,Mumbai
ORD100491,2025-06-23,C1244,P165,Power Bank V3,Accessories,2,1990,1688,15.0,3980,597.0,3383.0,3376,7.0,0.21,UPI,Store,Jaipur
ORD100492,2024-12-17,C1032,P116,Bluetooth Speaker V2,Electronics,5,4810,3714,15.0,24050,3607.5,20442.5,18570,1872.5,9.16,Card,Online,Lucknow
ORD100493,2025-08-18,C1015,P177,Tea V3,Grocery,5,540,388,20.0,2700,540.0,2160.0,1940,220.0,10.19,UPI,Store,Lucknow
ORD100494,2025-05-24,C1278,P177,Tea V3,Grocery,3,540,388,0.0,1620,0.0,1620.0,1164,456.0,28.15,Card,Store,Gurugram
ORD100495,2024-09-05,C1245,P143,Table Clock V2,Home,4,2900,2046,0.0,11600,0.0,11600.0,8184,3416.0,29.45,Net Banking,Store,Lucknow
ORD100496,2025-07-11,C1072,P156,Laptop Bag V3,Accessories,1,1980,1255,5.0,1980,99.0,1881.0,1255,626.0,33.28,UPI,Online,Kanpur
ORD100497,2025-09-19,C1316,P114,Webcam V3,Electronics,2,3680,2607,15.0,7360,1104.0,6256.0,5214,1042.0,16.66,Card,Online,Varanasi
ORD100498,2024-01-10,C1048,P164,Power Bank V2,Accessories,1,1150,849,0.0,1150,0.0,1150.0,849,301.0,26.17,Cash,Store,Delhi
ORD100499,2024-02-26,C1375,P114,Webcam V3,Electronics,1,3680,2607,0.0,3680,0.0,3680.0,2607,1073.0,29.16,UPI,Online,Prayagraj
ORD100500,2024-05-01,C1040,P138,Water Bottle V3,Home,2,2890,1947,0.0,5780,0.0,5780.0,3894,1886.0,32.63,UPI,Phone,Lucknow
ORD100501,2026-04-11,C1051,P137,Water Bottle V2,Home,4,1800,1202,0.0,7200,0.0,7200.0,4808,2392.0,33.22,Card,Store,Agra
ORD100502,2025-10-25,C1419,P109,USB Hub V1,Electronics,4,1970,1209,20.0,7880,1576.0,6304.0,4836,1468.0,23.29,Cash,Online,Agra
ORD100503,2025-06-20,C1267,P120,Notebook V3,Office,2,5080,3876,15.0,10160,1524.0,8636.0,7752,884.0,10.24,Card,Online,Lucknow
ORD100504,2025-11-19,C1013,P100,Wireless Mouse V1,Electronics,1,3130,2246,15.0,3130,469.5,2660.5,2246,414.5,15.58,Card,Online,Gurugram
ORD100505,2025-06-04,C1117,P149,LED Bulb V2,Home,3,1290,1029,5.0,3870,193.5,3676.5,3087,589.5,16.03,UPI,Online,Kanpur
ORD100506,2025-04-08,C1269,P123,Office Chair V3,Office,2,4680,3454,0.0,9360,0.0,9360.0,6908,2452.0,26.2,Card,Phone,Lucknow
ORD100507,2024-11-23,C1475,P122,Office Chair V2,Office,1,4160,2937,10.0,4160,416.0,3744.0,2937,807.0,21.55,Card,Online,Noida
ORD100508,2026-01-05,C1224,P163,Power Bank V1,Accessories,3,510,428,0.0,1530,0.0,1530.0,1284,246.0,16.08,Card,Store,Noida
ORD100509,2024-01-15,C1265,P140,Storage Box V2,Home,4,1780,1191,5.0,7120,356.0,6764.0,4764,2000.0,29.57,Cash,Online,Kanpur
ORD100510,2025-03-06,C1293,P169,Travel Pouch V1,Accessories,1,2560,1733,0.0,2560,0.0,2560.0,1733,827.0,32.3,Card,Phone,Gurugram
ORD100511,2024-10-02,C1334,P130,File Folder V1,Office,5,3130,2238,0.0,15650,0.0,15650.0,11190,4460.0,28.5,UPI,Store,Lucknow
ORD100512,2024-04-10,C1055,P175,Tea V1,Grocery,1,1390,900,10.0,1390,139.0,1251.0,900,351.0,28.06,Net Banking,Store,Delhi
ORD100513,2024-11-12,C1167,P143,Table Clock V2,Home,2,2900,2046,10.0,5800,580.0,5220.0,4092,1128.0,21.61,Card,Online,Noida
ORD100514,2026-05-24,C1465,P170,Travel Pouch V2,Accessories,4,1850,1364,15.0,7400,1110.0,6290.0,5456,834.0,13.26,Net Banking,Online,Lucknow
ORD100515,2026-06-23,C1268,P157,Phone Case V1,Accessories,1,560,464,10.0,560,56.0,504.0,464,40.0,7.94,Net Banking,Online,Noida
ORD100516,2024-06-11,C1270,P105,Keyboard V3,Electronics,1,4190,3534,5.0,4190,209.5,3980.5,3534,446.5,11.22,UPI,Store,Kanpur
ORD100517,2024-04-27,C1481,P163,Power Bank V1,Accessories,2,510,428,10.0,1020,102.0,918.0,856,62.0,6.75,Card,Online,Lucknow
ORD100518,2025-06-21,C1209,P150,LED Bulb V3,Home,1,2960,2119,15.0,2960,444.0,2516.0,2119,397.0,15.78,UPI,Online,Jaipur
ORD100519,2026-05-05,C1252,P112,Webcam V1,Electronics,3,930,736,0.0,2790,0.0,2790.0,2208,582.0,20.86,Card,Phone,Agra
ORD100520,2024-03-22,C1491,P128,Printer Paper V2,Office,1,2840,2176,10.0,2840,284.0,2556.0,2176,380.0,14.87,UPI,Store,Noida
ORD100521,2024-11-18,C1110,P101,Wireless Mouse V2,Electronics,4,2890,2270,10.0,11560,1156.0,10404.0,9080,1324.0,12.73,Cash,Online,Prayagraj
ORD100522,2025-05-17,C1195,P140,Storage Box V2,Home,1,1780,1191,5.0,1780,89.0,1691.0,1191,500.0,29.57,Card,Store,Jaipur
ORD100523,2024-12-24,C1137,P177,Tea V3,Grocery,3,540,388,10.0,1620,162.0,1458.0,1164,294.0,20.16,Net Banking,Online,Mumbai
ORD100524,2025-04-26,C1022,P147,Cushion V3,Home,1,2180,1724,15.0,2180,327.0,1853.0,1724,129.0,6.96,UPI,Store,Jaipur
ORD100525,2024-11-20,C1312,P116,Bluetooth Speaker V2,Electronics,4,4810,3714,5.0,19240,962.0,18278.0,14856,3422.0,18.72,Net Banking,Store,Lucknow
ORD100526,2024-03-13,C1233,P103,Keyboard V1,Electronics,2,4190,2634,0.0,8380,0.0,8380.0,5268,3112.0,37.14,UPI,Store,Varanasi
ORD100527,2024-07-05,C1030,P127,Printer Paper V1,Office,4,6100,4997,15.0,24400,3660.0,20740.0,19988,752.0,3.63,UPI,Phone,Varanasi
ORD100528,2025-09-17,C1279,P126,Desk Lamp V3,Office,1,370,241,5.0,370,18.5,351.5,241,110.5,31.44,UPI,Store,Gurugram
ORD100529,2025-05-30,C1156,P100,Wireless Mouse V1,Electronics,4,3130,2246,20.0,12520,2504.0,10016.0,8984,1032.0,10.3,Net Banking,Phone,Agra
ORD100530,2024-09-21,C1138,P174,Coffee V3,Grocery,2,1420,1012,15.0,2840,426.0,2414.0,2024,390.0,16.16,UPI,Online,Delhi
ORD100531,2026-05-31,C1499,P177,Tea V3,Grocery,2,540,388,0.0,1080,0.0,1080.0,776,304.0,28.15,UPI,Online,Varanasi
ORD100532,2025-12-14,C1497,P129,Printer Paper V3,Office,4,7700,4733,0.0,30800,0.0,30800.0,18932,11868.0,38.53,Card,Store,Lucknow
ORD100533,2026-03-19,C1157,P156,Laptop Bag V3,Accessories,4,1980,1255,0.0,7920,0.0,7920.0,5020,2900.0,36.62,Card,Online,Agra
ORD100534,2025-11-02,C1489,P102,Wireless Mouse V3,Electronics,2,3210,2684,10.0,6420,642.0,5778.0,5368,410.0,7.1,UPI,Online,Lucknow
ORD100535,2025-02-23,C1060,P116,Bluetooth Speaker V2,Electronics,1,4810,3714,5.0,4810,240.5,4569.5,3714,855.5,18.72,Card,Store,Delhi
ORD100536,2024-06-26,C1292,P145,Cushion V1,Home,2,920,592,0.0,1840,0.0,1840.0,1184,656.0,35.65,Net Banking,Store,Gurugram
ORD100537,2024-03-20,C1093,P164,Power Bank V2,Accessories,2,1150,849,10.0,2300,230.0,2070.0,1698,372.0,17.97,UPI,Online,Delhi
ORD100538,2026-03-29,C1026,P173,Coffee V2,Grocery,2,930,610,10.0,1860,186.0,1674.0,1220,454.0,27.12,UPI,Store,Lucknow
ORD100539,2026-01-08,C1180,P160,Charging Cable V1,Accessories,1,3270,2329,0.0,3270,0.0,3270.0,2329,941.0,28.78,Card,Online,Noida
ORD100540,2025-11-01,C1202,P135,Stapler V3,Office,3,7170,4632,0.0,21510,0.0,21510.0,13896,7614.0,35.4,Card,Store,Prayagraj
ORD100541,2026-05-29,C1114,P126,Desk Lamp V3,Office,1,370,241,5.0,370,18.5,351.5,241,110.5,31.44,UPI,Store,Kanpur
ORD100542,2026-01-09,C1146,P144,Table Clock V3,Home,3,2960,2357,10.0,8880,888.0,7992.0,7071,921.0,11.52,UPI,Online,Delhi
ORD100543,2025-11-10,C1165,P160,Charging Cable V1,Accessories,2,3270,2329,10.0,6540,654.0,5886.0,4658,1228.0,20.86,UPI,Store,Delhi
ORD100544,2025-09-29,C1169,P176,Tea V2,Grocery,1,920,750,10.0,920,92.0,828.0,750,78.0,9.42,Card,Online,Agra
ORD100545,2026-06-23,C1466,P153,Cleaning Kit V3,Home,2,2770,1726,10.0,5540,554.0,4986.0,3452,1534.0,30.77,UPI,Online,Varanasi
ORD100546,2024-03-20,C1010,P132,File Folder V3,Office,2,4410,2825,0.0,8820,0.0,8820.0,5650,3170.0,35.94,Card,Store,Kanpur
ORD100547,2025-09-10,C1463,P118,Notebook V1,Office,1,2820,2304,10.0,2820,282.0,2538.0,2304,234.0,9.22,Card,Online,Varanasi
ORD100548,2026-02-18,C1022,P153,Cleaning Kit V3,Home,2,2770,1726,10.0,5540,554.0,4986.0,3452,1534.0,30.77,UPI,Phone,Jaipur
ORD100549,2025-10-18,C1422,P167,Desk Mat V2,Accessories,3,3170,2059,10.0,9510,951.0,8559.0,6177,2382.0,27.83,UPI,Online,Agra
ORD100550,2024-10-26,C1159,P109,USB Hub V1,Electronics,2,1970,1209,10.0,3940,394.0,3546.0,2418,1128.0,31.81,Card,Online,Lucknow
ORD100551,2025-08-13,C1272,P166,Desk Mat V1,Accessories,1,3330,2082,15.0,3330,499.5,2830.5,2082,748.5,26.44,UPI,Store,Lucknow
ORD100552,2026-04-11,C1185,P158,Phone Case V2,Accessories,1,2660,1753,15.0,2660,399.0,2261.0,1753,508.0,22.47,UPI,Online,Jaipur
ORD100553,2025-02-20,C1099,P160,Charging Cable V1,Accessories,8,3270,2329,15.0,26160,3924.0,22236.0,18632,3604.0,16.21,Cash,Online,Delhi
ORD100554,2024-05-01,C1226,P137,Water Bottle V2,Home,5,1800,1202,5.0,9000,450.0,8550.0,6010,2540.0,29.71,UPI,Online,Gurugram
ORD100555,2026-06-09,C1141,P143,Table Clock V2,Home,1,2900,2046,15.0,2900,435.0,2465.0,2046,419.0,17.0,Card,Store,Noida
ORD100556,2025-02-20,C1160,P128,Printer Paper V2,Office,1,2840,2176,0.0,2840,0.0,2840.0,2176,664.0,23.38,Card,Store,Gurugram
ORD100557,2025-07-17,C1137,P173,Coffee V2,Grocery,1,930,610,0.0,930,0.0,930.0,610,320.0,34.41,Card,Online,Mumbai
ORD100558,2025-04-11,C1086,P112,Webcam V1,Electronics,5,930,736,5.0,4650,232.5,4417.5,3680,737.5,16.69,Card,Online,Noida
ORD100559,2025-08-30,C1311,P152,Cleaning Kit V2,Home,1,3090,2318,15.0,3090,463.5,2626.5,2318,308.5,11.75,Card,Online,Mumbai
ORD100560,2024-05-11,C1417,P168,Desk Mat V3,Accessories,1,2910,2229,10.0,2910,291.0,2619.0,2229,390.0,14.89,UPI,Phone,Prayagraj
ORD100561,2025-07-19,C1473,P132,File Folder V3,Office,3,4410,2825,0.0,13230,0.0,13230.0,8475,4755.0,35.94,Cash,Store,Kanpur
ORD100562,2025-05-14,C1041,P111,USB Hub V3,Electronics,4,1850,1273,20.0,7400,1480.0,5920.0,5092,828.0,13.99,Cash,Phone,Gurugram
ORD100563,2024-08-13,C1480,P123,Office Chair V3,Office,2,4680,3454,5.0,9360,468.0,8892.0,6908,1984.0,22.31,UPI,Store,Delhi
ORD100564,2025-02-20,C1415,P163,Power Bank V1,Accessories,3,510,428,5.0,1530,76.5,1453.5,1284,169.5,11.66,UPI,Online,Gurugram
ORD100565,2026-01-19,C1019,P169,Travel Pouch V1,Accessories,1,2560,1733,15.0,2560,384.0,2176.0,1733,443.0,20.36,UPI,Store,Delhi
ORD100566,2026-04-29,C1153,P155,Laptop Bag V2,Accessories,3,2620,1779,0.0,7860,0.0,7860.0,5337,2523.0,32.1,Card,Store,Agra
ORD100567,2025-04-16,C1109,P136,Water Bottle V1,Home,1,1430,1182,10.0,1430,143.0,1287.0,1182,105.0,8.16,Net Banking,Store,Varanasi
ORD100568,2025-06-27,C1056,P137,Water Bottle V2,Home,1,1800,1202,20.0,1800,360.0,1440.0,1202,238.0,16.53,Card,Store,Gurugram
ORD100569,2025-08-14,C1191,P163,Power Bank V1,Accessories,1,510,428,10.0,510,51.0,459.0,428,31.0,6.75,Card,Phone,Prayagraj
ORD100570,2025-05-10,C1274,P120,Notebook V3,Office,4,5080,3876,0.0,20320,0.0,20320.0,15504,4816.0,23.7,Card,Store,Agra
ORD100571,2024-07-22,C1005,P140,Storage Box V2,Home,3,1780,1191,20.0,5340,1068.0,4272.0,3573,699.0,16.36,UPI,Online,Delhi
ORD100572,2024-01-25,C1324,P154,Laptop Bag V1,Accessories,2,3580,2326,15.0,7160,1074.0,6086.0,4652,1434.0,23.56,Card,Online,Prayagraj
ORD100573,2026-02-22,C1335,P137,Water Bottle V2,Home,4,1800,1202,5.0,7200,360.0,6840.0,4808,2032.0,29.71,Card,Online,Prayagraj
ORD100574,2025-08-10,C1144,P163,Power Bank V1,Accessories,3,510,428,10.0,1530,153.0,1377.0,1284,93.0,6.75,Card,Online,Noida
ORD100575,2025-03-15,C1491,P108,Headphones V3,Electronics,4,4890,3636,5.0,19560,978.0,18582.0,14544,4038.0,21.73,Card,Phone,Noida
ORD100576,2024-01-23,C1486,P160,Charging Cable V1,Accessories,1,3270,2329,0.0,3270,0.0,3270.0,2329,941.0,28.78,UPI,Online,Mumbai
ORD100577,2025-09-01,C1182,P160,Charging Cable V1,Accessories,2,3270,2329,5.0,6540,327.0,6213.0,4658,1555.0,25.03,Cash,Store,Noida
ORD100578,2024-06-26,C1244,P142,Table Clock V1,Home,5,2610,1876,10.0,13050,1305.0,11745.0,9380,2365.0,20.14,Card,Online,Jaipur
ORD100579,2025-08-03,C1068,P129,Printer Paper V3,Office,1,7700,4733,10.0,7700,770.0,6930.0,4733,2197.0,31.7,Cash,Store,Mumbai
ORD100580,2024-07-25,C1332,P176,Tea V2,Grocery,1,920,750,20.0,920,184.0,736.0,750,-14.0,-1.9,Card,Phone,Delhi
ORD100581,2025-06-05,C1414,P128,Printer Paper V2,Office,1,2840,2176,15.0,2840,426.0,2414.0,2176,238.0,9.86,Card,Online,Jaipur
ORD100582,2024-01-15,C1231,P166,Desk Mat V1,Accessories,1,3330,2082,10.0,3330,333.0,2997.0,2082,915.0,30.53,UPI,Store,Gurugram
ORD100583,2025-04-30,C1295,P164,Power Bank V2,Accessories,2,1150,849,15.0,2300,345.0,1955.0,1698,257.0,13.15,UPI,Store,Lucknow
ORD100584,2026-01-16,C1114,P179,Biscuits V2,Grocery,1,1150,889,20.0,1150,230.0,920.0,889,31.0,3.37,Card,Store,Kanpur
ORD100585,2026-02-20,C1103,P167,Desk Mat V2,Accessories,2,3170,2059,5.0,6340,317.0,6023.0,4118,1905.0,31.63,UPI,Online,Varanasi
ORD100586,2024-03-17,C1205,P159,Phone Case V3,Accessories,2,1360,849,0.0,2720,0.0,2720.0,1698,1022.0,37.57,UPI,Store,Noida
ORD100587,2025-12-01,C1332,P150,LED Bulb V3,Home,2,2960,2119,10.0,5920,592.0,5328.0,4238,1090.0,20.46,UPI,Phone,Delhi
ORD100588,2024-02-17,C1182,P174,Coffee V3,Grocery,3,1420,1012,20.0,4260,852.0,3408.0,3036,372.0,10.92,UPI,Online,Noida
ORD100589,2025-08-29,C1325,P158,Phone Case V2,Accessories,2,2660,1753,10.0,5320,532.0,4788.0,3506,1282.0,26.78,Cash,Online,Prayagraj
ORD100590,2024-06-27,C1287,P149,LED Bulb V2,Home,1,1290,1029,10.0,1290,129.0,1161.0,1029,132.0,11.37,Card,Online,Varanasi
ORD100591,2024-09-05,C1075,P108,Headphones V3,Electronics,6,4890,3636,10.0,29340,2934.0,26406.0,21816,4590.0,17.38,UPI,Online,Gurugram
ORD100592,2024-09-25,C1118,P142,Table Clock V1,Home,3,2610,1876,5.0,7830,391.5,7438.5,5628,1810.5,24.34,Card,Online,Lucknow
ORD100593,2026-04-09,C1437,P128,Printer Paper V2,Office,3,2840,2176,10.0,8520,852.0,7668.0,6528,1140.0,14.87,Card,Store,Gurugram
ORD100594,2025-11-15,C1140,P109,USB Hub V1,Electronics,1,1970,1209,15.0,1970,295.5,1674.5,1209,465.5,27.8,Net Banking,Online,Gurugram
ORD100595,2025-11-16,C1150,P145,Cushion V1,Home,1,920,592,10.0,920,92.0,828.0,592,236.0,28.5,UPI,Store,Jaipur
ORD100596,2024-09-16,C1233,P102,Wireless Mouse V3,Electronics,2,3210,2684,15.0,6420,963.0,5457.0,5368,89.0,1.63,UPI,Store,Varanasi
ORD100597,2025-04-25,C1143,P123,Office Chair V3,Office,2,4680,3454,5.0,9360,468.0,8892.0,6908,1984.0,22.31,UPI,Phone,Gurugram
ORD100598,2024-01-18,C1043,P126,Desk Lamp V3,Office,1,370,241,0.0,370,0.0,370.0,241,129.0,34.86,UPI,Online,Jaipur
ORD100599,2024-08-12,C1216,P155,Laptop Bag V2,Accessories,3,2620,1779,0.0,7860,0.0,7860.0,5337,2523.0,32.1,Net Banking,Store,Mumbai
ORD100600,2026-01-07,C1166,P170,Travel Pouch V2,Accessories,4,1850,1364,10.0,7400,740.0,6660.0,5456,1204.0,18.08,UPI,Online,Lucknow
ORD100601,2024-04-23,C1222,P103,Keyboard V1,Electronics,1,4190,2634,10.0,4190,419.0,3771.0,2634,1137.0,30.15,UPI,Store,Delhi
ORD100602,2024-03-26,C1061,P163,Power Bank V1,Accessories,3,510,428,0.0,1530,0.0,1530.0,1284,246.0,16.08,Cash,Online,Mumbai
ORD100603,2026-06-14,C1255,P150,LED Bulb V3,Home,1,2960,2119,15.0,2960,444.0,2516.0,2119,397.0,15.78,Card,Online,Lucknow
ORD100604,2026-06-21,C1270,P159,Phone Case V3,Accessories,2,1360,849,5.0,2720,136.0,2584.0,1698,886.0,34.29,UPI,Online,Kanpur
ORD100605,2025-09-10,C1377,P179,Biscuits V2,Grocery,1,1150,889,10.0,1150,115.0,1035.0,889,146.0,14.11,UPI,Online,Agra
ORD100606,2024-12-29,C1201,P117,Bluetooth Speaker V3,Electronics,5,1400,967,10.0,7000,700.0,6300.0,4835,1465.0,23.25,UPI,Store,Agra
ORD100607,2025-01-02,C1435,P121,Office Chair V1,Office,1,6460,4606,0.0,6460,0.0,6460.0,4606,1854.0,28.7,Card,Online,Prayagraj
ORD100608,2024-04-01,C1482,P130,File Folder V1,Office,4,3130,2238,10.0,12520,1252.0,11268.0,8952,2316.0,20.55,UPI,Store,Agra
ORD100609,2024-06-11,C1371,P144,Table Clock V3,Home,3,2960,2357,5.0,8880,444.0,8436.0,7071,1365.0,16.18,Card,Store,Lucknow
ORD100610,2024-11-02,C1338,P154,Laptop Bag V1,Accessories,2,3580,2326,5.0,7160,358.0,6802.0,4652,2150.0,31.61,Cash,Online,Lucknow
ORD100611,2025-08-26,C1302,P179,Biscuits V2,Grocery,3,1150,889,0.0,3450,0.0,3450.0,2667,783.0,22.7,Card,Online,Noida
ORD100612,2026-05-04,C1428,P170,Travel Pouch V2,Accessories,2,1850,1364,15.0,3700,555.0,3145.0,2728,417.0,13.26,Cash,Online,Delhi
ORD100613,2025-10-28,C1244,P139,Storage Box V1,Home,3,2100,1652,5.0,6300,315.0,5985.0,4956,1029.0,17.19,UPI,Online,Jaipur
ORD100614,2024-05-06,C1204,P128,Printer Paper V2,Office,2,2840,2176,10.0,5680,568.0,5112.0,4352,760.0,14.87,UPI,Store,Varanasi
ORD100615,2025-05-11,C1439,P144,Table Clock V3,Home,5,2960,2357,10.0,14800,1480.0,13320.0,11785,1535.0,11.52,Cash,Online,Agra
ORD100616,2024-09-11,C1207,P165,Power Bank V3,Accessories,4,1990,1688,5.0,7960,398.0,7562.0,6752,810.0,10.71,Cash,Phone,Agra
ORD100617,2026-03-22,C1132,P154,Laptop Bag V1,Accessories,1,3580,2326,5.0,3580,179.0,3401.0,2326,1075.0,31.61,Net Banking,Store,Varanasi
ORD100618,2024-04-24,C1436,P129,Printer Paper V3,Office,1,7700,4733,0.0,7700,0.0,7700.0,4733,2967.0,38.53,UPI,Phone,Jaipur
ORD100619,2026-04-20,C1296,P176,Tea V2,Grocery,2,920,750,10.0,1840,184.0,1656.0,1500,156.0,9.42,UPI,Online,Lucknow
ORD100620,2025-01-28,C1268,P162,Charging Cable V3,Accessories,3,3240,2132,10.0,9720,972.0,8748.0,6396,2352.0,26.89,Card,Phone,Noida
ORD100621,2025-11-20,C1424,P165,Power Bank V3,Accessories,1,1990,1688,5.0,1990,99.5,1890.5,1688,202.5,10.71,UPI,Phone,Prayagraj
ORD100622,2025-10-31,C1465,P110,USB Hub V2,Electronics,2,980,657,5.0,1960,98.0,1862.0,1314,548.0,29.43,UPI,Store,Lucknow
ORD100623,2024-03-28,C1286,P126,Desk Lamp V3,Office,1,370,241,10.0,370,37.0,333.0,241,92.0,27.63,UPI,Store,Jaipur
ORD100624,2024-08-23,C1127,P171,Travel Pouch V3,Accessories,4,1430,1156,15.0,5720,858.0,4862.0,4624,238.0,4.9,UPI,Store,Gurugram
ORD100625,2024-11-03,C1370,P145,Cushion V1,Home,1,920,592,10.0,920,92.0,828.0,592,236.0,28.5,UPI,Store,Delhi
ORD100626,2026-05-25,C1465,P162,Charging Cable V3,Accessories,4,3240,2132,0.0,12960,0.0,12960.0,8528,4432.0,34.2,Net Banking,Online,Lucknow
ORD100627,2024-01-26,C1270,P132,File Folder V3,Office,1,4410,2825,10.0,4410,441.0,3969.0,2825,1144.0,28.82,Cash,Online,Kanpur
ORD100628,2026-06-09,C1248,P124,Desk Lamp V1,Office,4,4350,2868,0.0,17400,0.0,17400.0,11472,5928.0,34.07,UPI,Store,Agra
ORD100629,2026-03-17,C1278,P167,Desk Mat V2,Accessories,2,3170,2059,20.0,6340,1268.0,5072.0,4118,954.0,18.81,Card,Online,Gurugram
ORD100630,2024-02-18,C1015,P116,Bluetooth Speaker V2,Electronics,1,4810,3714,0.0,4810,0.0,4810.0,3714,1096.0,22.79,UPI,Store,Lucknow
ORD100631,2024-11-14,C1086,P140,Storage Box V2,Home,3,1780,1191,5.0,5340,267.0,5073.0,3573,1500.0,29.57,UPI,Online,Noida
ORD100632,2024-09-21,C1113,P135,Stapler V3,Office,3,7170,4632,15.0,21510,3226.5,18283.5,13896,4387.5,24.0,UPI,Online,Agra
ORD100633,2024-03-17,C1207,P105,Keyboard V3,Electronics,1,4190,3534,15.0,4190,628.5,3561.5,3534,27.5,0.77,Card,Online,Agra
ORD100634,2026-04-12,C1307,P175,Tea V1,Grocery,1,1390,900,15.0,1390,208.5,1181.5,900,281.5,23.83,UPI,Store,Mumbai
ORD100635,2024-08-15,C1321,P149,LED Bulb V2,Home,3,1290,1029,5.0,3870,193.5,3676.5,3087,589.5,16.03,Card,Online,Gurugram
ORD100636,2025-02-06,C1399,P153,Cleaning Kit V3,Home,2,2770,1726,0.0,5540,0.0,5540.0,3452,2088.0,37.69,UPI,Store,Agra
ORD100637,2025-02-17,C1428,P160,Charging Cable V1,Accessories,1,3270,2329,10.0,3270,327.0,2943.0,2329,614.0,20.86,Card,Store,Delhi
ORD100638,2025-03-21,C1196,P151,Cleaning Kit V1,Home,1,2890,1977,5.0,2890,144.5,2745.5,1977,768.5,27.99,Card,Phone,Gurugram
ORD100639,2024-05-17,C1207,P160,Charging Cable V1,Accessories,3,3270,2329,5.0,9810,490.5,9319.5,6987,2332.5,25.03,UPI,Phone,Agra
ORD100640,2024-03-29,C1186,P150,LED Bulb V3,Home,3,2960,2119,10.0,8880,888.0,7992.0,6357,1635.0,20.46,Cash,Online,Prayagraj
ORD100641,2025-08-04,C1170,P115,Bluetooth Speaker V1,Electronics,3,6930,4749,15.0,20790,3118.5,17671.5,14247,3424.5,19.38,UPI,Online,Agra
ORD100642,2026-05-12,C1402,P161,Charging Cable V2,Accessories,1,2440,1541,15.0,2440,366.0,2074.0,1541,533.0,25.7,Card,Store,Jaipur
ORD100643,2026-04-02,C1118,P156,Laptop Bag V3,Accessories,1,1980,1255,10.0,1980,198.0,1782.0,1255,527.0,29.57,UPI,Online,Lucknow
ORD100644,2025-11-25,C1191,P109,USB Hub V1,Electronics,1,1970,1209,0.0,1970,0.0,1970.0,1209,761.0,38.63,Card,Phone,Prayagraj
ORD100645,2024-01-10,C1286,P159,Phone Case V3,Accessories,1,1360,849,0.0,1360,0.0,1360.0,849,511.0,37.57,UPI,Online,Jaipur
ORD100646,2025-12-12,C1215,P176,Tea V2,Grocery,2,920,750,0.0,1840,0.0,1840.0,1500,340.0,18.48,Net Banking,Online,Lucknow
ORD100647,2025-06-08,C1201,P163,Power Bank V1,Accessories,8,510,428,0.0,4080,0.0,4080.0,3424,656.0,16.08,Net Banking,Store,Agra
ORD100648,2024-10-24,C1316,P157,Phone Case V1,Accessories,2,560,464,5.0,1120,56.0,1064.0,928,136.0,12.78,Card,Online,Varanasi
ORD100649,2024-02-28,C1250,P178,Biscuits V1,Grocery,2,1460,1162,5.0,2920,146.0,2774.0,2324,450.0,16.22,Card,Store,Jaipur
ORD100650,2026-02-04,C1351,P131,File Folder V2,Office,2,5150,3339,0.0,10300,0.0,10300.0,6678,3622.0,35.17,UPI,Online,Noida
ORD100651,2024-07-02,C1279,P165,Power Bank V3,Accessories,1,1990,1688,10.0,1990,199.0,1791.0,1688,103.0,5.75,Card,Online,Gurugram
ORD100652,2025-03-22,C1290,P151,Cleaning Kit V1,Home,3,2890,1977,0.0,8670,0.0,8670.0,5931,2739.0,31.59,UPI,Phone,Agra
ORD100653,2024-09-29,C1423,P106,Headphones V1,Electronics,2,4570,3663,0.0,9140,0.0,9140.0,7326,1814.0,19.85,UPI,Store,Noida
ORD100654,2025-09-11,C1210,P162,Charging Cable V3,Accessories,4,3240,2132,15.0,12960,1944.0,11016.0,8528,2488.0,22.59,UPI,Online,Mumbai
ORD100655,2024-04-02,C1328,P147,Cushion V3,Home,1,2180,1724,0.0,2180,0.0,2180.0,1724,456.0,20.92,UPI,Store,Agra
ORD100656,2024-09-21,C1134,P115,Bluetooth Speaker V1,Electronics,3,6930,4749,15.0,20790,3118.5,17671.5,14247,3424.5,19.38,Cash,Store,Agra
ORD100657,2024-03-25,C1457,P119,Notebook V2,Office,1,3040,2028,0.0,3040,0.0,3040.0,2028,1012.0,33.29,Cash,Store,Prayagraj
ORD100658,2026-05-16,C1380,P139,Storage Box V1,Home,2,2100,1652,5.0,4200,210.0,3990.0,3304,686.0,17.19,UPI,Store,Kanpur
ORD100659,2024-01-05,C1459,P100,Wireless Mouse V1,Electronics,1,3130,2246,5.0,3130,156.5,2973.5,2246,727.5,24.47,Card,Online,Agra
ORD100660,2025-11-12,C1378,P125,Desk Lamp V2,Office,1,4970,3317,10.0,4970,497.0,4473.0,3317,1156.0,25.84,UPI,Online,Delhi
ORD100661,2024-11-06,C1088,P157,Phone Case V1,Accessories,2,560,464,10.0,1120,112.0,1008.0,928,80.0,7.94,UPI,Online,Prayagraj
ORD100662,2024-04-03,C1372,P152,Cleaning Kit V2,Home,2,3090,2318,5.0,6180,309.0,5871.0,4636,1235.0,21.04,Card,Store,Agra
ORD100663,2025-02-01,C1244,P141,Storage Box V3,Home,4,2200,1823,10.0,8800,880.0,7920.0,7292,628.0,7.93,Card,Store,Jaipur
ORD100664,2025-12-31,C1463,P132,File Folder V3,Office,2,4410,2825,5.0,8820,441.0,8379.0,5650,2729.0,32.57,Cash,Store,Varanasi
ORD100665,2025-11-13,C1115,P172,Coffee V1,Grocery,5,660,526,10.0,3300,330.0,2970.0,2630,340.0,11.45,Cash,Phone,Delhi
ORD100666,2025-02-03,C1435,P179,Biscuits V2,Grocery,3,1150,889,10.0,3450,345.0,3105.0,2667,438.0,14.11,UPI,Store,Prayagraj
ORD100667,2025-07-30,C1220,P151,Cleaning Kit V1,Home,3,2890,1977,5.0,8670,433.5,8236.5,5931,2305.5,27.99,Card,Online,Agra
ORD100668,2025-02-26,C1071,P117,Bluetooth Speaker V3,Electronics,2,1400,967,15.0,2800,420.0,2380.0,1934,446.0,18.74,Card,Store,Noida
ORD100669,2025-08-26,C1191,P176,Tea V2,Grocery,1,920,750,10.0,920,92.0,828.0,750,78.0,9.42,Net Banking,Online,Prayagraj
ORD100670,2026-01-09,C1370,P108,Headphones V3,Electronics,1,4890,3636,10.0,4890,489.0,4401.0,3636,765.0,17.38,UPI,Online,Delhi
ORD100671,2024-10-30,C1190,P168,Desk Mat V3,Accessories,5,2910,2229,0.0,14550,0.0,14550.0,11145,3405.0,23.4,Card,Online,Lucknow
ORD100672,2025-07-03,C1186,P100,Wireless Mouse V1,Electronics,6,3130,2246,0.0,18780,0.0,18780.0,13476,5304.0,28.24,UPI,Store,Prayagraj
ORD100673,2025-10-15,C1251,P125,Desk Lamp V2,Office,1,4970,3317,0.0,4970,0.0,4970.0,3317,1653.0,33.26,UPI,Online,Jaipur
ORD100674,2024-01-05,C1076,P131,File Folder V2,Office,1,5150,3339,10.0,5150,515.0,4635.0,3339,1296.0,27.96,UPI,Online,Kanpur
ORD100675,2024-02-01,C1471,P127,Printer Paper V1,Office,2,6100,4997,10.0,12200,1220.0,10980.0,9994,986.0,8.98,UPI,Online,Prayagraj
ORD100676,2026-01-26,C1044,P124,Desk Lamp V1,Office,2,4350,2868,20.0,8700,1740.0,6960.0,5736,1224.0,17.59,UPI,Online,Delhi
ORD100677,2024-03-22,C1134,P178,Biscuits V1,Grocery,1,1460,1162,5.0,1460,73.0,1387.0,1162,225.0,16.22,UPI,Phone,Agra
ORD100678,2025-11-27,C1313,P134,Stapler V2,Office,5,5250,3976,10.0,26250,2625.0,23625.0,19880,3745.0,15.85,UPI,Phone,Jaipur
ORD100679,2025-01-17,C1154,P146,Cushion V2,Home,1,3320,2419,0.0,3320,0.0,3320.0,2419,901.0,27.14,UPI,Online,Kanpur
ORD100680,2026-03-23,C1191,P158,Phone Case V2,Accessories,1,2660,1753,10.0,2660,266.0,2394.0,1753,641.0,26.78,Net Banking,Store,Prayagraj
ORD100681,2025-04-14,C1300,P176,Tea V2,Grocery,1,920,750,5.0,920,46.0,874.0,750,124.0,14.19,UPI,Online,Noida
ORD100682,2026-05-18,C1326,P171,Travel Pouch V3,Accessories,2,1430,1156,15.0,2860,429.0,2431.0,2312,119.0,4.9,Card,Online,Mumbai
ORD100683,2025-04-21,C1381,P126,Desk Lamp V3,Office,1,370,241,5.0,370,18.5,351.5,241,110.5,31.44,UPI,Online,Mumbai
ORD100684,2024-09-15,C1491,P150,LED Bulb V3,Home,1,2960,2119,20.0,2960,592.0,2368.0,2119,249.0,10.52,Card,Online,Noida
ORD100685,2026-02-23,C1372,P159,Phone Case V3,Accessories,2,1360,849,10.0,2720,272.0,2448.0,1698,750.0,30.64,Card,Store,Agra
ORD100686,2024-03-09,C1235,P147,Cushion V3,Home,2,2180,1724,5.0,4360,218.0,4142.0,3448,694.0,16.76,Card,Online,Kanpur
ORD100687,2024-04-28,C1468,P136,Water Bottle V1,Home,2,1430,1182,5.0,2860,143.0,2717.0,2364,353.0,12.99,Card,Store,Noida
ORD100688,2025-05-02,C1024,P114,Webcam V3,Electronics,1,3680,2607,10.0,3680,368.0,3312.0,2607,705.0,21.29,Card,Store,Mumbai
ORD100689,2025-03-06,C1091,P160,Charging Cable V1,Accessories,4,3270,2329,0.0,13080,0.0,13080.0,9316,3764.0,28.78,Card,Store,Gurugram
ORD100690,2026-03-14,C1037,P179,Biscuits V2,Grocery,3,1150,889,15.0,3450,517.5,2932.5,2667,265.5,9.05,Card,Online,Lucknow
ORD100691,2024-10-03,C1270,P113,Webcam V2,Electronics,3,2640,1889,5.0,7920,396.0,7524.0,5667,1857.0,24.68,UPI,Store,Kanpur
ORD100692,2024-06-29,C1056,P151,Cleaning Kit V1,Home,4,2890,1977,5.0,11560,578.0,10982.0,7908,3074.0,27.99,UPI,Online,Gurugram
ORD100693,2026-06-18,C1254,P101,Wireless Mouse V2,Electronics,2,2890,2270,5.0,5780,289.0,5491.0,4540,951.0,17.32,UPI,Store,Prayagraj
ORD100694,2025-10-29,C1025,P102,Wireless Mouse V3,Electronics,3,3210,2684,15.0,9630,1444.5,8185.5,8052,133.5,1.63,Card,Store,Gurugram
ORD100695,2025-11-17,C1258,P127,Printer Paper V1,Office,1,6100,4997,5.0,6100,305.0,5795.0,4997,798.0,13.77,Card,Phone,Kanpur
ORD100696,2026-02-01,C1330,P136,Water Bottle V1,Home,1,1430,1182,5.0,1430,71.5,1358.5,1182,176.5,12.99,UPI,Online,Prayagraj
ORD100697,2025-11-23,C1414,P125,Desk Lamp V2,Office,2,4970,3317,5.0,9940,497.0,9443.0,6634,2809.0,29.75,UPI,Store,Jaipur
ORD100698,2024-11-25,C1147,P146,Cushion V2,Home,4,3320,2419,20.0,13280,2656.0,10624.0,9676,948.0,8.92,Card,Store,Lucknow
ORD100699,2025-11-16,C1252,P100,Wireless Mouse V1,Electronics,7,3130,2246,5.0,21910,1095.5,20814.5,15722,5092.5,24.47,UPI,Online,Agra
ORD100700,2025-04-21,C1416,P137,Water Bottle V2,Home,2,1800,1202,15.0,3600,540.0,3060.0,2404,656.0,21.44,Card,Online,Gurugram
ORD100701,2024-04-20,C1089,P123,Office Chair V3,Office,2,4680,3454,10.0,9360,936.0,8424.0,6908,1516.0,18.0,UPI,Online,Kanpur
ORD100702,2025-12-11,C1000,P159,Phone Case V3,Accessories,5,1360,849,5.0,6800,340.0,6460.0,4245,2215.0,34.29,Cash,Online,Varanasi
ORD100703,2025-04-18,C1143,P109,USB Hub V1,Electronics,3,1970,1209,5.0,5910,295.5,5614.5,3627,1987.5,35.4,Card,Store,Gurugram
ORD100704,2025-11-08,C1028,P114,Webcam V3,Electronics,1,3680,2607,0.0,3680,0.0,3680.0,2607,1073.0,29.16,Card,Online,Lucknow
ORD100705,2024-11-06,C1321,P166,Desk Mat V1,Accessories,1,3330,2082,5.0,3330,166.5,3163.5,2082,1081.5,34.19,Card,Online,Gurugram
ORD100706,2025-10-29,C1146,P119,Notebook V2,Office,6,3040,2028,5.0,18240,912.0,17328.0,12168,5160.0,29.78,Card,Store,Delhi
ORD100707,2025-11-12,C1295,P111,USB Hub V3,Electronics,1,1850,1273,5.0,1850,92.5,1757.5,1273,484.5,27.57,UPI,Online,Lucknow
ORD100708,2025-03-30,C1235,P171,Travel Pouch V3,Accessories,4,1430,1156,0.0,5720,0.0,5720.0,4624,1096.0,19.16,Card,Online,Kanpur
ORD100709,2025-08-25,C1191,P178,Biscuits V1,Grocery,2,1460,1162,10.0,2920,292.0,2628.0,2324,304.0,11.57,Cash,Store,Prayagraj
ORD100710,2026-01-08,C1361,P118,Notebook V1,Office,5,2820,2304,10.0,14100,1410.0,12690.0,11520,1170.0,9.22,UPI,Online,Mumbai
ORD100711,2024-07-22,C1171,P111,USB Hub V3,Electronics,2,1850,1273,10.0,3700,370.0,3330.0,2546,784.0,23.54,UPI,Online,Kanpur
ORD100712,2025-08-08,C1255,P171,Travel Pouch V3,Accessories,3,1430,1156,0.0,4290,0.0,4290.0,3468,822.0,19.16,Card,Online,Lucknow
ORD100713,2026-03-13,C1022,P145,Cushion V1,Home,1,920,592,10.0,920,92.0,828.0,592,236.0,28.5,UPI,Store,Jaipur
ORD100714,2024-11-20,C1066,P146,Cushion V2,Home,5,3320,2419,0.0,16600,0.0,16600.0,12095,4505.0,27.14,Card,Online,Noida
ORD100715,2024-10-30,C1422,P146,Cushion V2,Home,2,3320,2419,0.0,6640,0.0,6640.0,4838,1802.0,27.14,UPI,Store,Agra
ORD100716,2025-11-07,C1076,P145,Cushion V1,Home,4,920,592,10.0,3680,368.0,3312.0,2368,944.0,28.5,UPI,Store,Kanpur
ORD100717,2024-09-17,C1072,P145,Cushion V1,Home,2,920,592,15.0,1840,276.0,1564.0,1184,380.0,24.3,Card,Online,Kanpur
ORD100718,2024-01-19,C1302,P107,Headphones V2,Electronics,1,3120,2535,0.0,3120,0.0,3120.0,2535,585.0,18.75,UPI,Online,Noida
ORD100719,2024-07-04,C1260,P115,Bluetooth Speaker V1,Electronics,1,6930,4749,0.0,6930,0.0,6930.0,4749,2181.0,31.47,UPI,Store,Prayagraj
ORD100720,2025-09-15,C1119,P165,Power Bank V3,Accessories,2,1990,1688,10.0,3980,398.0,3582.0,3376,206.0,5.75,UPI,Online,Mumbai
ORD100721,2025-09-06,C1049,P171,Travel Pouch V3,Accessories,3,1430,1156,0.0,4290,0.0,4290.0,3468,822.0,19.16,UPI,Online,Lucknow
ORD100722,2024-06-03,C1077,P177,Tea V3,Grocery,2,540,388,10.0,1080,108.0,972.0,776,196.0,20.16,Card,Online,Lucknow
ORD100723,2025-02-26,C1476,P123,Office Chair V3,Office,2,4680,3454,15.0,9360,1404.0,7956.0,6908,1048.0,13.17,Card,Online,Noida
ORD100724,2024-02-14,C1316,P169,Travel Pouch V1,Accessories,2,2560,1733,10.0,5120,512.0,4608.0,3466,1142.0,24.78,Cash,Online,Varanasi
ORD100725,2024-12-30,C1102,P163,Power Bank V1,Accessories,3,510,428,10.0,1530,153.0,1377.0,1284,93.0,6.75,UPI,Store,Lucknow
ORD100726,2025-06-20,C1193,P117,Bluetooth Speaker V3,Electronics,1,1400,967,20.0,1400,280.0,1120.0,967,153.0,13.66,UPI,Store,Delhi
ORD100727,2025-11-19,C1341,P112,Webcam V1,Electronics,1,930,736,10.0,930,93.0,837.0,736,101.0,12.07,UPI,Online,Jaipur
ORD100728,2024-04-28,C1420,P118,Notebook V1,Office,1,2820,2304,5.0,2820,141.0,2679.0,2304,375.0,14.0,Cash,Online,Agra
ORD100729,2024-02-15,C1373,P145,Cushion V1,Home,3,920,592,10.0,2760,276.0,2484.0,1776,708.0,28.5,Card,Store,Gurugram
ORD100730,2026-04-23,C1174,P104,Keyboard V2,Electronics,2,820,576,10.0,1640,164.0,1476.0,1152,324.0,21.95,UPI,Phone,Varanasi
ORD100731,2024-11-29,C1112,P132,File Folder V3,Office,3,4410,2825,0.0,13230,0.0,13230.0,8475,4755.0,35.94,UPI,Online,Varanasi
ORD100732,2024-11-15,C1195,P133,Stapler V1,Office,2,6390,4143,10.0,12780,1278.0,11502.0,8286,3216.0,27.96,UPI,Store,Jaipur
ORD100733,2025-11-03,C1086,P120,Notebook V3,Office,7,5080,3876,10.0,35560,3556.0,32004.0,27132,4872.0,15.22,Net Banking,Store,Noida
ORD100734,2024-09-14,C1310,P155,Laptop Bag V2,Accessories,2,2620,1779,5.0,5240,262.0,4978.0,3558,1420.0,28.53,Cash,Store,Varanasi
ORD100735,2024-08-28,C1012,P118,Notebook V1,Office,1,2820,2304,15.0,2820,423.0,2397.0,2304,93.0,3.88,Card,Store,Kanpur
ORD100736,2025-05-19,C1165,P142,Table Clock V1,Home,2,2610,1876,0.0,5220,0.0,5220.0,3752,1468.0,28.12,UPI,Phone,Delhi
ORD100737,2026-05-17,C1102,P105,Keyboard V3,Electronics,3,4190,3534,15.0,12570,1885.5,10684.5,10602,82.5,0.77,UPI,Online,Lucknow
ORD100738,2025-04-07,C1227,P159,Phone Case V3,Accessories,1,1360,849,15.0,1360,204.0,1156.0,849,307.0,26.56,UPI,Online,Prayagraj
ORD100739,2024-05-12,C1350,P112,Webcam V1,Electronics,2,930,736,15.0,1860,279.0,1581.0,1472,109.0,6.89,Card,Online,Noida
ORD100740,2024-10-19,C1067,P141,Storage Box V3,Home,2,2200,1823,10.0,4400,440.0,3960.0,3646,314.0,7.93,Card,Online,Prayagraj
ORD100741,2025-09-10,C1249,P152,Cleaning Kit V2,Home,4,3090,2318,0.0,12360,0.0,12360.0,9272,3088.0,24.98,Card,Online,Kanpur
ORD100742,2024-11-16,C1309,P129,Printer Paper V3,Office,1,7700,4733,10.0,7700,770.0,6930.0,4733,2197.0,31.7,Card,Store,Prayagraj
ORD100743,2025-01-26,C1411,P144,Table Clock V3,Home,4,2960,2357,10.0,11840,1184.0,10656.0,9428,1228.0,11.52,Net Banking,Online,Prayagraj
ORD100744,2026-03-28,C1372,P116,Bluetooth Speaker V2,Electronics,4,4810,3714,0.0,19240,0.0,19240.0,14856,4384.0,22.79,Cash,Phone,Agra
ORD100745,2024-06-16,C1396,P151,Cleaning Kit V1,Home,4,2890,1977,10.0,11560,1156.0,10404.0,7908,2496.0,23.99,UPI,Online,Lucknow
ORD100746,2025-06-15,C1456,P158,Phone Case V2,Accessories,1,2660,1753,10.0,2660,266.0,2394.0,1753,641.0,26.78,Card,Phone,Agra
ORD100747,2025-08-17,C1480,P100,Wireless Mouse V1,Electronics,1,3130,2246,0.0,3130,0.0,3130.0,2246,884.0,28.24,UPI,Store,Delhi
ORD100748,2025-02-10,C1137,P150,LED Bulb V3,Home,1,2960,2119,10.0,2960,296.0,2664.0,2119,545.0,20.46,Cash,Online,Mumbai
ORD100749,2026-01-07,C1195,P137,Water Bottle V2,Home,1,1800,1202,0.0,1800,0.0,1800.0,1202,598.0,33.22,UPI,Online,Jaipur
ORD100750,2025-06-14,C1264,P160,Charging Cable V1,Accessories,2,3270,2329,15.0,6540,981.0,5559.0,4658,901.0,16.21,UPI,Store,Gurugram
ORD100751,2026-01-05,C1413,P107,Headphones V2,Electronics,2,3120,2535,10.0,6240,624.0,5616.0,5070,546.0,9.72,Card,Online,Delhi
ORD100752,2025-04-20,C1355,P125,Desk Lamp V2,Office,3,4970,3317,5.0,14910,745.5,14164.5,9951,4213.5,29.75,Net Banking,Store,Noida
ORD100753,2026-05-13,C1357,P122,Office Chair V2,Office,1,4160,2937,15.0,4160,624.0,3536.0,2937,599.0,16.94,Cash,Store,Kanpur
ORD100754,2025-04-20,C1079,P115,Bluetooth Speaker V1,Electronics,2,6930,4749,15.0,13860,2079.0,11781.0,9498,2283.0,19.38,Cash,Online,Gurugram
ORD100755,2024-07-27,C1474,P128,Printer Paper V2,Office,2,2840,2176,10.0,5680,568.0,5112.0,4352,760.0,14.87,Cash,Store,Varanasi
ORD100756,2024-09-11,C1352,P112,Webcam V1,Electronics,2,930,736,10.0,1860,186.0,1674.0,1472,202.0,12.07,UPI,Online,Jaipur
ORD100757,2024-04-27,C1004,P159,Phone Case V3,Accessories,2,1360,849,0.0,2720,0.0,2720.0,1698,1022.0,37.57,Card,Online,Gurugram
ORD100758,2025-09-14,C1468,P159,Phone Case V3,Accessories,5,1360,849,0.0,6800,0.0,6800.0,4245,2555.0,37.57,UPI,Online,Noida
ORD100759,2025-10-25,C1400,P164,Power Bank V2,Accessories,2,1150,849,10.0,2300,230.0,2070.0,1698,372.0,17.97,UPI,Store,Delhi
ORD100760,2025-09-15,C1320,P126,Desk Lamp V3,Office,6,370,241,10.0,2220,222.0,1998.0,1446,552.0,27.63,UPI,Store,Agra
ORD100761,2024-07-23,C1266,P109,USB Hub V1,Electronics,3,1970,1209,10.0,5910,591.0,5319.0,3627,1692.0,31.81,Card,Store,Delhi
ORD100762,2025-10-11,C1173,P127,Printer Paper V1,Office,3,6100,4997,10.0,18300,1830.0,16470.0,14991,1479.0,8.98,UPI,Online,Delhi
ORD100763,2025-08-03,C1457,P120,Notebook V3,Office,2,5080,3876,5.0,10160,508.0,9652.0,7752,1900.0,19.69,Card,Online,Prayagraj
ORD100764,2026-05-30,C1425,P133,Stapler V1,Office,1,6390,4143,0.0,6390,0.0,6390.0,4143,2247.0,35.16,Net Banking,Online,Lucknow
ORD100765,2024-09-17,C1216,P148,LED Bulb V1,Home,2,1590,982,15.0,3180,477.0,2703.0,1964,739.0,27.34,UPI,Online,Mumbai
ORD100766,2026-05-16,C1092,P141,Storage Box V3,Home,2,2200,1823,5.0,4400,220.0,4180.0,3646,534.0,12.78,Cash,Online,Noida
ORD100767,2025-06-23,C1061,P116,Bluetooth Speaker V2,Electronics,1,4810,3714,0.0,4810,0.0,4810.0,3714,1096.0,22.79,Card,Store,Mumbai
ORD100768,2025-05-29,C1192,P172,Coffee V1,Grocery,1,660,526,10.0,660,66.0,594.0,526,68.0,11.45,Card,Store,Agra
ORD100769,2025-09-18,C1012,P168,Desk Mat V3,Accessories,4,2910,2229,15.0,11640,1746.0,9894.0,8916,978.0,9.88,UPI,Online,Kanpur
ORD100770,2024-09-04,C1139,P161,Charging Cable V2,Accessories,5,2440,1541,5.0,12200,610.0,11590.0,7705,3885.0,33.52,UPI,Phone,Kanpur
ORD100771,2025-01-04,C1066,P118,Notebook V1,Office,1,2820,2304,10.0,2820,282.0,2538.0,2304,234.0,9.22,UPI,Store,Noida
ORD100772,2024-10-14,C1458,P123,Office Chair V3,Office,3,4680,3454,10.0,14040,1404.0,12636.0,10362,2274.0,18.0,UPI,Online,Delhi
ORD100773,2025-11-24,C1490,P118,Notebook V1,Office,3,2820,2304,0.0,8460,0.0,8460.0,6912,1548.0,18.3,Cash,Online,Delhi
ORD100774,2025-10-24,C1175,P166,Desk Mat V1,Accessories,2,3330,2082,0.0,6660,0.0,6660.0,4164,2496.0,37.48,Card,Online,Prayagraj
ORD100775,2026-01-21,C1369,P112,Webcam V1,Electronics,2,930,736,0.0,1860,0.0,1860.0,1472,388.0,20.86,UPI,Online,Mumbai
ORD100776,2025-07-02,C1276,P113,Webcam V2,Electronics,1,2640,1889,10.0,2640,264.0,2376.0,1889,487.0,20.5,UPI,Online,Agra
ORD100777,2025-03-06,C1029,P137,Water Bottle V2,Home,2,1800,1202,5.0,3600,180.0,3420.0,2404,1016.0,29.71,Card,Store,Lucknow
ORD100778,2025-04-07,C1119,P179,Biscuits V2,Grocery,4,1150,889,0.0,4600,0.0,4600.0,3556,1044.0,22.7,Cash,Store,Mumbai
ORD100779,2024-01-16,C1438,P177,Tea V3,Grocery,2,540,388,10.0,1080,108.0,972.0,776,196.0,20.16,UPI,Online,Kanpur
ORD100780,2024-12-14,C1483,P137,Water Bottle V2,Home,7,1800,1202,10.0,12600,1260.0,11340.0,8414,2926.0,25.8,Card,Phone,Kanpur
ORD100781,2024-10-03,C1463,P178,Biscuits V1,Grocery,2,1460,1162,10.0,2920,292.0,2628.0,2324,304.0,11.57,UPI,Online,Varanasi
ORD100782,2025-02-20,C1158,P120,Notebook V3,Office,3,5080,3876,5.0,15240,762.0,14478.0,11628,2850.0,19.69,UPI,Store,Jaipur
ORD100783,2025-09-10,C1067,P136,Water Bottle V1,Home,2,1430,1182,10.0,2860,286.0,2574.0,2364,210.0,8.16,Cash,Online,Prayagraj
ORD100784,2024-12-02,C1007,P158,Phone Case V2,Accessories,2,2660,1753,5.0,5320,266.0,5054.0,3506,1548.0,30.63,Card,Phone,Mumbai
ORD100785,2024-04-27,C1080,P179,Biscuits V2,Grocery,2,1150,889,15.0,2300,345.0,1955.0,1778,177.0,9.05,Cash,Store,Delhi
ORD100786,2025-07-08,C1346,P128,Printer Paper V2,Office,1,2840,2176,5.0,2840,142.0,2698.0,2176,522.0,19.35,UPI,Store,Varanasi
ORD100787,2024-03-10,C1385,P169,Travel Pouch V1,Accessories,4,2560,1733,0.0,10240,0.0,10240.0,6932,3308.0,32.3,Cash,Phone,Gurugram
ORD100788,2024-05-08,C1056,P152,Cleaning Kit V2,Home,2,3090,2318,0.0,6180,0.0,6180.0,4636,1544.0,24.98,UPI,Store,Gurugram
ORD100789,2025-07-18,C1441,P172,Coffee V1,Grocery,1,660,526,15.0,660,99.0,561.0,526,35.0,6.24,Card,Store,Agra
ORD100790,2025-12-23,C1024,P137,Water Bottle V2,Home,1,1800,1202,0.0,1800,0.0,1800.0,1202,598.0,33.22,Cash,Store,Mumbai
ORD100791,2025-07-18,C1415,P147,Cushion V3,Home,2,2180,1724,10.0,4360,436.0,3924.0,3448,476.0,12.13,Card,Online,Gurugram
ORD100792,2024-04-19,C1474,P162,Charging Cable V3,Accessories,1,3240,2132,5.0,3240,162.0,3078.0,2132,946.0,30.73,UPI,Store,Varanasi
ORD100793,2024-03-11,C1499,P106,Headphones V1,Electronics,3,4570,3663,15.0,13710,2056.5,11653.5,10989,664.5,5.7,UPI,Phone,Varanasi
ORD100794,2025-08-25,C1247,P126,Desk Lamp V3,Office,1,370,241,10.0,370,37.0,333.0,241,92.0,27.63,UPI,Online,Kanpur
ORD100795,2026-02-09,C1411,P162,Charging Cable V3,Accessories,1,3240,2132,5.0,3240,162.0,3078.0,2132,946.0,30.73,Card,Online,Prayagraj
ORD100796,2024-11-04,C1342,P175,Tea V1,Grocery,3,1390,900,5.0,4170,208.5,3961.5,2700,1261.5,31.84,Card,Online,Kanpur
ORD100797,2024-01-16,C1093,P105,Keyboard V3,Electronics,4,4190,3534,15.0,16760,2514.0,14246.0,14136,110.0,0.77,UPI,Store,Delhi
ORD100798,2025-10-29,C1495,P157,Phone Case V1,Accessories,1,560,464,5.0,560,28.0,532.0,464,68.0,12.78,UPI,Phone,Jaipur
ORD100799,2025-11-27,C1458,P153,Cleaning Kit V3,Home,3,2770,1726,0.0,8310,0.0,8310.0,5178,3132.0,37.69,UPI,Store,Delhi
ORD100800,2025-12-03,C1333,P147,Cushion V3,Home,2,2180,1724,20.0,4360,872.0,3488.0,3448,40.0,1.15,UPI,Store,Prayagraj
ORD100801,2024-06-28,C1376,P135,Stapler V3,Office,2,7170,4632,5.0,14340,717.0,13623.0,9264,4359.0,32.0,Card,Online,Varanasi
ORD100802,2024-01-31,C1020,P132,File Folder V3,Office,2,4410,2825,10.0,8820,882.0,7938.0,5650,2288.0,28.82,Cash,Online,Gurugram
ORD100803,2025-06-04,C1029,P144,Table Clock V3,Home,3,2960,2357,10.0,8880,888.0,7992.0,7071,921.0,11.52,UPI,Store,Lucknow
ORD100804,2024-08-17,C1106,P179,Biscuits V2,Grocery,2,1150,889,5.0,2300,115.0,2185.0,1778,407.0,18.63,Card,Store,Jaipur
ORD100805,2025-04-20,C1265,P172,Coffee V1,Grocery,3,660,526,0.0,1980,0.0,1980.0,1578,402.0,20.3,UPI,Online,Kanpur
ORD100806,2025-05-25,C1275,P168,Desk Mat V3,Accessories,2,2910,2229,10.0,5820,582.0,5238.0,4458,780.0,14.89,UPI,Online,Gurugram
ORD100807,2024-04-27,C1404,P139,Storage Box V1,Home,4,2100,1652,5.0,8400,420.0,7980.0,6608,1372.0,17.19,Card,Online,Jaipur
ORD100808,2025-09-05,C1450,P143,Table Clock V2,Home,2,2900,2046,10.0,5800,580.0,5220.0,4092,1128.0,21.61,UPI,Store,Delhi
ORD100809,2025-06-05,C1028,P147,Cushion V3,Home,1,2180,1724,5.0,2180,109.0,2071.0,1724,347.0,16.76,Net Banking,Online,Lucknow
ORD100810,2024-03-31,C1052,P176,Tea V2,Grocery,1,920,750,20.0,920,184.0,736.0,750,-14.0,-1.9,UPI,Phone,Kanpur
ORD100811,2024-09-10,C1179,P128,Printer Paper V2,Office,3,2840,2176,10.0,8520,852.0,7668.0,6528,1140.0,14.87,Card,Online,Delhi
ORD100812,2024-06-12,C1479,P170,Travel Pouch V2,Accessories,2,1850,1364,0.0,3700,0.0,3700.0,2728,972.0,26.27,UPI,Online,Varanasi
ORD100813,2025-09-09,C1331,P139,Storage Box V1,Home,1,2100,1652,10.0,2100,210.0,1890.0,1652,238.0,12.59,UPI,Online,Kanpur
ORD100814,2025-01-16,C1065,P104,Keyboard V2,Electronics,1,820,576,10.0,820,82.0,738.0,576,162.0,21.95,Card,Store,Noida
ORD100815,2025-08-13,C1211,P107,Headphones V2,Electronics,2,3120,2535,10.0,6240,624.0,5616.0,5070,546.0,9.72,UPI,Online,Kanpur
ORD100816,2024-12-21,C1167,P164,Power Bank V2,Accessories,2,1150,849,0.0,2300,0.0,2300.0,1698,602.0,26.17,UPI,Online,Noida
ORD100817,2025-10-23,C1361,P117,Bluetooth Speaker V3,Electronics,1,1400,967,0.0,1400,0.0,1400.0,967,433.0,30.93,UPI,Phone,Mumbai
ORD100818,2026-04-14,C1296,P142,Table Clock V1,Home,2,2610,1876,0.0,5220,0.0,5220.0,3752,1468.0,28.12,UPI,Online,Lucknow
ORD100819,2025-07-05,C1108,P173,Coffee V2,Grocery,1,930,610,10.0,930,93.0,837.0,610,227.0,27.12,UPI,Store,Lucknow
ORD100820,2024-10-12,C1377,P120,Notebook V3,Office,2,5080,3876,0.0,10160,0.0,10160.0,7752,2408.0,23.7,UPI,Store,Agra
ORD100821,2024-10-16,C1486,P160,Charging Cable V1,Accessories,2,3270,2329,0.0,6540,0.0,6540.0,4658,1882.0,28.78,Cash,Online,Mumbai
ORD100822,2024-02-14,C1343,P127,Printer Paper V1,Office,4,6100,4997,0.0,24400,0.0,24400.0,19988,4412.0,18.08,UPI,Phone,Gurugram
ORD100823,2025-08-28,C1430,P147,Cushion V3,Home,4,2180,1724,0.0,8720,0.0,8720.0,6896,1824.0,20.92,Net Banking,Phone,Prayagraj
ORD100824,2024-03-04,C1100,P165,Power Bank V3,Accessories,1,1990,1688,10.0,1990,199.0,1791.0,1688,103.0,5.75,UPI,Online,Mumbai
ORD100825,2024-09-15,C1421,P176,Tea V2,Grocery,3,920,750,10.0,2760,276.0,2484.0,2250,234.0,9.42,Card,Online,Varanasi
ORD100826,2024-07-12,C1148,P134,Stapler V2,Office,2,5250,3976,5.0,10500,525.0,9975.0,7952,2023.0,20.28,UPI,Online,Delhi
ORD100827,2025-06-05,C1462,P123,Office Chair V3,Office,2,4680,3454,10.0,9360,936.0,8424.0,6908,1516.0,18.0,Card,Store,Lucknow
ORD100828,2026-04-21,C1035,P102,Wireless Mouse V3,Electronics,1,3210,2684,5.0,3210,160.5,3049.5,2684,365.5,11.99,UPI,Store,Lucknow
ORD100829,2024-03-31,C1416,P159,Phone Case V3,Accessories,3,1360,849,10.0,4080,408.0,3672.0,2547,1125.0,30.64,UPI,Online,Gurugram
ORD100830,2024-05-09,C1174,P129,Printer Paper V3,Office,2,7700,4733,10.0,15400,1540.0,13860.0,9466,4394.0,31.7,Net Banking,Online,Varanasi
ORD100831,2026-06-10,C1012,P102,Wireless Mouse V3,Electronics,1,3210,2684,5.0,3210,160.5,3049.5,2684,365.5,11.99,Cash,Online,Kanpur
ORD100832,2024-08-28,C1034,P113,Webcam V2,Electronics,3,2640,1889,15.0,7920,1188.0,6732.0,5667,1065.0,15.82,UPI,Store,Jaipur
ORD100833,2026-02-07,C1359,P132,File Folder V3,Office,1,4410,2825,10.0,4410,441.0,3969.0,2825,1144.0,28.82,Card,Phone,Lucknow
ORD100834,2025-04-08,C1045,P175,Tea V1,Grocery,2,1390,900,0.0,2780,0.0,2780.0,1800,980.0,35.25,UPI,Store,Delhi
ORD100835,2025-09-07,C1185,P112,Webcam V1,Electronics,1,930,736,10.0,930,93.0,837.0,736,101.0,12.07,Card,Online,Jaipur
ORD100836,2024-10-26,C1013,P128,Printer Paper V2,Office,3,2840,2176,5.0,8520,426.0,8094.0,6528,1566.0,19.35,Card,Store,Gurugram
ORD100837,2024-05-23,C1059,P111,USB Hub V3,Electronics,2,1850,1273,15.0,3700,555.0,3145.0,2546,599.0,19.05,Card,Online,Delhi
ORD100838,2025-11-13,C1484,P172,Coffee V1,Grocery,2,660,526,0.0,1320,0.0,1320.0,1052,268.0,20.3,Card,Store,Jaipur
ORD100839,2024-12-01,C1190,P141,Storage Box V3,Home,6,2200,1823,10.0,13200,1320.0,11880.0,10938,942.0,7.93,Net Banking,Store,Lucknow
ORD100840,2025-04-02,C1317,P100,Wireless Mouse V1,Electronics,1,3130,2246,10.0,3130,313.0,2817.0,2246,571.0,20.27,UPI,Phone,Delhi
ORD100841,2025-01-27,C1139,P140,Storage Box V2,Home,3,1780,1191,10.0,5340,534.0,4806.0,3573,1233.0,25.66,Card,Online,Kanpur
ORD100842,2025-09-16,C1106,P133,Stapler V1,Office,1,6390,4143,10.0,6390,639.0,5751.0,4143,1608.0,27.96,Card,Online,Jaipur
ORD100843,2024-04-12,C1123,P136,Water Bottle V1,Home,4,1430,1182,0.0,5720,0.0,5720.0,4728,992.0,17.34,Card,Online,Mumbai
ORD100844,2024-09-29,C1136,P144,Table Clock V3,Home,1,2960,2357,5.0,2960,148.0,2812.0,2357,455.0,16.18,Cash,Store,Delhi
ORD100845,2026-01-30,C1260,P162,Charging Cable V3,Accessories,1,3240,2132,10.0,3240,324.0,2916.0,2132,784.0,26.89,Card,Phone,Prayagraj
ORD100846,2024-08-04,C1195,P124,Desk Lamp V1,Office,5,4350,2868,15.0,21750,3262.5,18487.5,14340,4147.5,22.43,Cash,Online,Jaipur
ORD100847,2024-04-15,C1164,P170,Travel Pouch V2,Accessories,2,1850,1364,5.0,3700,185.0,3515.0,2728,787.0,22.39,Cash,Store,Prayagraj
ORD100848,2026-06-12,C1245,P115,Bluetooth Speaker V1,Electronics,5,6930,4749,0.0,34650,0.0,34650.0,23745,10905.0,31.47,Card,Online,Lucknow
ORD100849,2025-05-31,C1105,P121,Office Chair V1,Office,1,6460,4606,15.0,6460,969.0,5491.0,4606,885.0,16.12,Card,Online,Lucknow
ORD100850,2024-02-01,C1335,P150,LED Bulb V3,Home,6,2960,2119,10.0,17760,1776.0,15984.0,12714,3270.0,20.46,UPI,Online,Prayagraj
ORD100851,2026-05-03,C1153,P111,USB Hub V3,Electronics,3,1850,1273,10.0,5550,555.0,4995.0,3819,1176.0,23.54,UPI,Online,Agra
ORD100852,2026-05-18,C1416,P105,Keyboard V3,Electronics,2,4190,3534,5.0,8380,419.0,7961.0,7068,893.0,11.22,Net Banking,Online,Gurugram
ORD100853,2024-10-22,C1106,P157,Phone Case V1,Accessories,2,560,464,10.0,1120,112.0,1008.0,928,80.0,7.94,UPI,Online,Jaipur
ORD100854,2025-04-03,C1288,P165,Power Bank V3,Accessories,4,1990,1688,10.0,7960,796.0,7164.0,6752,412.0,5.75,UPI,Online,Kanpur
ORD100855,2024-03-03,C1047,P147,Cushion V3,Home,1,2180,1724,15.0,2180,327.0,1853.0,1724,129.0,6.96,Card,Store,Lucknow
ORD100856,2026-02-22,C1076,P157,Phone Case V1,Accessories,2,560,464,10.0,1120,112.0,1008.0,928,80.0,7.94,Card,Online,Kanpur
ORD100857,2025-08-10,C1244,P156,Laptop Bag V3,Accessories,4,1980,1255,5.0,7920,396.0,7524.0,5020,2504.0,33.28,UPI,Online,Jaipur
ORD100858,2025-03-31,C1466,P129,Printer Paper V3,Office,2,7700,4733,0.0,15400,0.0,15400.0,9466,5934.0,38.53,UPI,Online,Varanasi
ORD100859,2025-11-02,C1204,P139,Storage Box V1,Home,3,2100,1652,10.0,6300,630.0,5670.0,4956,714.0,12.59,Cash,Store,Varanasi
ORD100860,2025-02-23,C1107,P132,File Folder V3,Office,1,4410,2825,0.0,4410,0.0,4410.0,2825,1585.0,35.94,UPI,Online,Varanasi
ORD100861,2025-04-07,C1217,P129,Printer Paper V3,Office,1,7700,4733,15.0,7700,1155.0,6545.0,4733,1812.0,27.69,UPI,Store,Agra
ORD100862,2026-03-10,C1439,P123,Office Chair V3,Office,2,4680,3454,5.0,9360,468.0,8892.0,6908,1984.0,22.31,Card,Online,Agra
ORD100863,2025-01-20,C1248,P125,Desk Lamp V2,Office,3,4970,3317,5.0,14910,745.5,14164.5,9951,4213.5,29.75,Cash,Store,Agra
ORD100864,2024-10-23,C1307,P148,LED Bulb V1,Home,2,1590,982,5.0,3180,159.0,3021.0,1964,1057.0,34.99,Card,Store,Mumbai
ORD100865,2024-11-12,C1429,P168,Desk Mat V3,Accessories,6,2910,2229,5.0,17460,873.0,16587.0,13374,3213.0,19.37,Card,Online,Delhi
ORD100866,2025-06-14,C1451,P123,Office Chair V3,Office,4,4680,3454,5.0,18720,936.0,17784.0,13816,3968.0,22.31,UPI,Online,Delhi
ORD100867,2025-11-16,C1102,P134,Stapler V2,Office,3,5250,3976,15.0,15750,2362.5,13387.5,11928,1459.5,10.9,Net Banking,Store,Lucknow
ORD100868,2025-04-29,C1188,P138,Water Bottle V3,Home,2,2890,1947,10.0,5780,578.0,5202.0,3894,1308.0,25.14,Cash,Online,Prayagraj
ORD100869,2024-11-24,C1101,P143,Table Clock V2,Home,1,2900,2046,10.0,2900,290.0,2610.0,2046,564.0,21.61,Card,Store,Prayagraj
ORD100870,2024-10-28,C1442,P133,Stapler V1,Office,1,6390,4143,0.0,6390,0.0,6390.0,4143,2247.0,35.16,UPI,Online,Delhi
ORD100871,2025-08-28,C1393,P125,Desk Lamp V2,Office,3,4970,3317,0.0,14910,0.0,14910.0,9951,4959.0,33.26,UPI,Store,Gurugram
ORD100872,2025-12-16,C1218,P121,Office Chair V1,Office,6,6460,4606,5.0,38760,1938.0,36822.0,27636,9186.0,24.95,Cash,Store,Jaipur
ORD100873,2026-03-16,C1188,P164,Power Bank V2,Accessories,2,1150,849,10.0,2300,230.0,2070.0,1698,372.0,17.97,UPI,Online,Prayagraj
ORD100874,2026-01-01,C1306,P103,Keyboard V1,Electronics,5,4190,2634,5.0,20950,1047.5,19902.5,13170,6732.5,33.83,Cash,Online,Lucknow
ORD100875,2025-01-23,C1344,P117,Bluetooth Speaker V3,Electronics,1,1400,967,10.0,1400,140.0,1260.0,967,293.0,23.25,UPI,Online,Gurugram
ORD100876,2025-10-14,C1271,P112,Webcam V1,Electronics,5,930,736,5.0,4650,232.5,4417.5,3680,737.5,16.69,Card,Online,Delhi
ORD100877,2025-11-04,C1282,P106,Headphones V1,Electronics,1,4570,3663,20.0,4570,914.0,3656.0,3663,-7.0,-0.19,Card,Store,Varanasi
ORD100878,2024-01-24,C1270,P113,Webcam V2,Electronics,1,2640,1889,10.0,2640,264.0,2376.0,1889,487.0,20.5,UPI,Online,Kanpur
ORD100879,2024-07-26,C1295,P138,Water Bottle V3,Home,1,2890,1947,15.0,2890,433.5,2456.5,1947,509.5,20.74,UPI,Store,Lucknow
ORD100880,2024-03-14,C1446,P116,Bluetooth Speaker V2,Electronics,1,4810,3714,10.0,4810,481.0,4329.0,3714,615.0,14.21,Card,Store,Noida
ORD100881,2025-02-10,C1312,P161,Charging Cable V2,Accessories,2,2440,1541,10.0,4880,488.0,4392.0,3082,1310.0,29.83,UPI,Online,Lucknow
ORD100882,2025-08-15,C1428,P118,Notebook V1,Office,1,2820,2304,10.0,2820,282.0,2538.0,2304,234.0,9.22,Card,Online,Delhi
ORD100883,2026-02-06,C1453,P158,Phone Case V2,Accessories,1,2660,1753,10.0,2660,266.0,2394.0,1753,641.0,26.78,UPI,Online,Gurugram
ORD100884,2026-03-17,C1469,P155,Laptop Bag V2,Accessories,1,2620,1779,15.0,2620,393.0,2227.0,1779,448.0,20.12,Cash,Online,Mumbai
ORD100885,2024-02-25,C1229,P127,Printer Paper V1,Office,1,6100,4997,0.0,6100,0.0,6100.0,4997,1103.0,18.08,UPI,Online,Delhi
ORD100886,2024-09-16,C1440,P129,Printer Paper V3,Office,2,7700,4733,5.0,15400,770.0,14630.0,9466,5164.0,35.3,Net Banking,Online,Delhi
ORD100887,2025-12-09,C1171,P112,Webcam V1,Electronics,6,930,736,0.0,5580,0.0,5580.0,4416,1164.0,20.86,UPI,Online,Kanpur
ORD100888,2024-03-12,C1027,P115,Bluetooth Speaker V1,Electronics,1,6930,4749,15.0,6930,1039.5,5890.5,4749,1141.5,19.38,Card,Store,Jaipur
ORD100889,2025-04-10,C1139,P147,Cushion V3,Home,1,2180,1724,10.0,2180,218.0,1962.0,1724,238.0,12.13,UPI,Online,Kanpur
ORD100890,2024-01-08,C1213,P124,Desk Lamp V1,Office,1,4350,2868,10.0,4350,435.0,3915.0,2868,1047.0,26.74,UPI,Online,Jaipur
ORD100891,2025-03-12,C1014,P149,LED Bulb V2,Home,3,1290,1029,5.0,3870,193.5,3676.5,3087,589.5,16.03,UPI,Store,Agra
ORD100892,2025-01-08,C1231,P138,Water Bottle V3,Home,3,2890,1947,0.0,8670,0.0,8670.0,5841,2829.0,32.63,UPI,Store,Gurugram
ORD100893,2024-08-15,C1241,P107,Headphones V2,Electronics,1,3120,2535,5.0,3120,156.0,2964.0,2535,429.0,14.47,Net Banking,Store,Jaipur
ORD100894,2024-06-03,C1274,P122,Office Chair V2,Office,1,4160,2937,0.0,4160,0.0,4160.0,2937,1223.0,29.4,UPI,Online,Agra
ORD100895,2025-03-28,C1243,P140,Storage Box V2,Home,4,1780,1191,15.0,7120,1068.0,6052.0,4764,1288.0,21.28,Cash,Store,Jaipur
ORD100896,2024-08-09,C1076,P161,Charging Cable V2,Accessories,3,2440,1541,0.0,7320,0.0,7320.0,4623,2697.0,36.84,Card,Store,Kanpur
ORD100897,2025-11-15,C1263,P128,Printer Paper V2,Office,4,2840,2176,5.0,11360,568.0,10792.0,8704,2088.0,19.35,Card,Store,Gurugram
ORD100898,2024-08-14,C1389,P159,Phone Case V3,Accessories,4,1360,849,10.0,5440,544.0,4896.0,3396,1500.0,30.64,Card,Online,Noida
ORD100899,2025-07-01,C1146,P105,Keyboard V3,Electronics,1,4190,3534,10.0,4190,419.0,3771.0,3534,237.0,6.28,Cash,Online,Delhi
ORD100900,2026-04-13,C1497,P123,Office Chair V3,Office,1,4680,3454,5.0,4680,234.0,4446.0,3454,992.0,22.31,UPI,Phone,Lucknow
ORD100901,2024-11-07,C1413,P121,Office Chair V1,Office,1,6460,4606,5.0,6460,323.0,6137.0,4606,1531.0,24.95,Card,Online,Delhi
ORD100902,2024-02-14,C1320,P110,USB Hub V2,Electronics,1,980,657,5.0,980,49.0,931.0,657,274.0,29.43,UPI,Online,Agra
ORD100903,2025-03-21,C1093,P141,Storage Box V3,Home,3,2200,1823,10.0,6600,660.0,5940.0,5469,471.0,7.93,Card,Online,Delhi
ORD100904,2025-05-16,C1347,P157,Phone Case V1,Accessories,3,560,464,0.0,1680,0.0,1680.0,1392,288.0,17.14,UPI,Online,Jaipur
ORD100905,2025-10-31,C1205,P153,Cleaning Kit V3,Home,1,2770,1726,10.0,2770,277.0,2493.0,1726,767.0,30.77,Card,Store,Noida
ORD100906,2025-03-25,C1052,P135,Stapler V3,Office,1,7170,4632,5.0,7170,358.5,6811.5,4632,2179.5,32.0,Cash,Store,Kanpur
ORD100907,2025-05-25,C1450,P129,Printer Paper V3,Office,4,7700,4733,15.0,30800,4620.0,26180.0,18932,7248.0,27.69,Net Banking,Online,Delhi
ORD100908,2024-01-09,C1496,P147,Cushion V3,Home,1,2180,1724,10.0,2180,218.0,1962.0,1724,238.0,12.13,Card,Store,Prayagraj
ORD100909,2024-04-17,C1244,P132,File Folder V3,Office,1,4410,2825,5.0,4410,220.5,4189.5,2825,1364.5,32.57,UPI,Phone,Jaipur
ORD100910,2024-05-01,C1443,P164,Power Bank V2,Accessories,2,1150,849,10.0,2300,230.0,2070.0,1698,372.0,17.97,UPI,Store,Varanasi
ORD100911,2026-06-16,C1338,P124,Desk Lamp V1,Office,1,4350,2868,5.0,4350,217.5,4132.5,2868,1264.5,30.6,UPI,Store,Lucknow
ORD100912,2025-08-28,C1296,P156,Laptop Bag V3,Accessories,5,1980,1255,5.0,9900,495.0,9405.0,6275,3130.0,33.28,Card,Store,Lucknow
ORD100913,2025-01-13,C1461,P139,Storage Box V1,Home,2,2100,1652,10.0,4200,420.0,3780.0,3304,476.0,12.59,UPI,Store,Mumbai
ORD100914,2026-02-13,C1477,P129,Printer Paper V3,Office,3,7700,4733,5.0,23100,1155.0,21945.0,14199,7746.0,35.3,UPI,Store,Delhi
ORD100915,2024-10-20,C1399,P120,Notebook V3,Office,5,5080,3876,0.0,25400,0.0,25400.0,19380,6020.0,23.7,Cash,Store,Agra
ORD100916,2025-01-30,C1257,P116,Bluetooth Speaker V2,Electronics,3,4810,3714,0.0,14430,0.0,14430.0,11142,3288.0,22.79,UPI,Store,Lucknow
ORD100917,2024-07-31,C1187,P143,Table Clock V2,Home,5,2900,2046,10.0,14500,1450.0,13050.0,10230,2820.0,21.61,Card,Store,Kanpur
ORD100918,2024-05-31,C1223,P137,Water Bottle V2,Home,1,1800,1202,0.0,1800,0.0,1800.0,1202,598.0,33.22,UPI,Phone,Prayagraj
ORD100919,2024-01-23,C1123,P142,Table Clock V1,Home,1,2610,1876,10.0,2610,261.0,2349.0,1876,473.0,20.14,UPI,Store,Mumbai
ORD100920,2024-08-31,C1323,P123,Office Chair V3,Office,1,4680,3454,5.0,4680,234.0,4446.0,3454,992.0,22.31,Card,Online,Mumbai
ORD100921,2025-01-24,C1418,P137,Water Bottle V2,Home,2,1800,1202,5.0,3600,180.0,3420.0,2404,1016.0,29.71,Card,Online,Delhi
ORD100922,2026-05-20,C1113,P103,Keyboard V1,Electronics,2,4190,2634,10.0,8380,838.0,7542.0,5268,2274.0,30.15,Net Banking,Online,Agra
ORD100923,2026-06-28,C1375,P123,Office Chair V3,Office,2,4680,3454,15.0,9360,1404.0,7956.0,6908,1048.0,13.17,Card,Phone,Prayagraj
ORD100924,2024-09-18,C1353,P155,Laptop Bag V2,Accessories,2,2620,1779,10.0,5240,524.0,4716.0,3558,1158.0,24.55,Net Banking,Online,Varanasi
ORD100925,2024-05-25,C1011,P150,LED Bulb V3,Home,4,2960,2119,5.0,11840,592.0,11248.0,8476,2772.0,24.64,Card,Online,Agra
ORD100926,2024-05-21,C1356,P172,Coffee V1,Grocery,1,660,526,10.0,660,66.0,594.0,526,68.0,11.45,Net Banking,Store,Gurugram
ORD100927,2026-01-13,C1160,P170,Travel Pouch V2,Accessories,1,1850,1364,5.0,1850,92.5,1757.5,1364,393.5,22.39,Cash,Store,Gurugram
ORD100928,2024-07-03,C1338,P150,LED Bulb V3,Home,2,2960,2119,5.0,5920,296.0,5624.0,4238,1386.0,24.64,Card,Phone,Lucknow
ORD100929,2025-04-25,C1434,P106,Headphones V1,Electronics,2,4570,3663,15.0,9140,1371.0,7769.0,7326,443.0,5.7,Net Banking,Online,Kanpur
ORD100930,2025-07-07,C1012,P125,Desk Lamp V2,Office,1,4970,3317,0.0,4970,0.0,4970.0,3317,1653.0,33.26,Card,Store,Kanpur
ORD100931,2024-01-03,C1253,P178,Biscuits V1,Grocery,3,1460,1162,10.0,4380,438.0,3942.0,3486,456.0,11.57,UPI,Online,Kanpur
ORD100932,2025-05-03,C1406,P159,Phone Case V3,Accessories,4,1360,849,5.0,5440,272.0,5168.0,3396,1772.0,34.29,UPI,Store,Delhi
ORD100933,2025-03-04,C1072,P178,Biscuits V1,Grocery,3,1460,1162,10.0,4380,438.0,3942.0,3486,456.0,11.57,Card,Store,Kanpur
ORD100934,2025-10-07,C1026,P137,Water Bottle V2,Home,1,1800,1202,15.0,1800,270.0,1530.0,1202,328.0,21.44,UPI,Store,Lucknow
ORD100935,2025-08-25,C1029,P137,Water Bottle V2,Home,3,1800,1202,10.0,5400,540.0,4860.0,3606,1254.0,25.8,UPI,Online,Lucknow
ORD100936,2025-05-13,C1145,P156,Laptop Bag V3,Accessories,3,1980,1255,0.0,5940,0.0,5940.0,3765,2175.0,36.62,UPI,Online,Mumbai
ORD100937,2024-09-11,C1446,P120,Notebook V3,Office,2,5080,3876,5.0,10160,508.0,9652.0,7752,1900.0,19.69,Card,Online,Noida
ORD100938,2024-08-06,C1474,P138,Water Bottle V3,Home,1,2890,1947,5.0,2890,144.5,2745.5,1947,798.5,29.08,UPI,Store,Varanasi
ORD100939,2024-08-10,C1351,P149,LED Bulb V2,Home,2,1290,1029,0.0,2580,0.0,2580.0,2058,522.0,20.23,Card,Online,Noida
ORD100940,2025-01-27,C1190,P178,Biscuits V1,Grocery,2,1460,1162,5.0,2920,146.0,2774.0,2324,450.0,16.22,UPI,Online,Lucknow
ORD100941,2025-04-28,C1276,P155,Laptop Bag V2,Accessories,3,2620,1779,15.0,7860,1179.0,6681.0,5337,1344.0,20.12,Net Banking,Online,Agra
ORD100942,2026-06-16,C1400,P151,Cleaning Kit V1,Home,2,2890,1977,15.0,5780,867.0,4913.0,3954,959.0,19.52,UPI,Store,Delhi
ORD100943,2024-09-18,C1067,P150,LED Bulb V3,Home,3,2960,2119,5.0,8880,444.0,8436.0,6357,2079.0,24.64,Card,Online,Prayagraj
ORD100944,2025-07-23,C1035,P171,Travel Pouch V3,Accessories,1,1430,1156,10.0,1430,143.0,1287.0,1156,131.0,10.18,UPI,Phone,Lucknow
ORD100945,2025-09-01,C1042,P177,Tea V3,Grocery,1,540,388,5.0,540,27.0,513.0,388,125.0,24.37,Cash,Store,Gurugram
ORD100946,2024-01-19,C1346,P108,Headphones V3,Electronics,2,4890,3636,15.0,9780,1467.0,8313.0,7272,1041.0,12.52,UPI,Store,Varanasi
ORD100947,2024-12-10,C1418,P167,Desk Mat V2,Accessories,1,3170,2059,0.0,3170,0.0,3170.0,2059,1111.0,35.05,UPI,Store,Delhi
ORD100948,2024-09-19,C1272,P163,Power Bank V1,Accessories,3,510,428,5.0,1530,76.5,1453.5,1284,169.5,11.66,Cash,Store,Lucknow
ORD100949,2024-09-05,C1104,P153,Cleaning Kit V3,Home,3,2770,1726,15.0,8310,1246.5,7063.5,5178,1885.5,26.69,Net Banking,Online,Delhi
ORD100950,2024-01-28,C1341,P121,Office Chair V1,Office,8,6460,4606,15.0,51680,7752.0,43928.0,36848,7080.0,16.12,Card,Online,Jaipur
ORD100951,2024-01-26,C1380,P109,USB Hub V1,Electronics,4,1970,1209,5.0,7880,394.0,7486.0,4836,2650.0,35.4,UPI,Online,Kanpur
ORD100952,2024-08-27,C1072,P126,Desk Lamp V3,Office,1,370,241,0.0,370,0.0,370.0,241,129.0,34.86,UPI,Store,Kanpur
ORD100953,2024-03-24,C1299,P138,Water Bottle V3,Home,2,2890,1947,5.0,5780,289.0,5491.0,3894,1597.0,29.08,Net Banking,Online,Kanpur
ORD100954,2026-05-29,C1341,P161,Charging Cable V2,Accessories,2,2440,1541,20.0,4880,976.0,3904.0,3082,822.0,21.06,UPI,Online,Jaipur
ORD100955,2024-12-12,C1013,P147,Cushion V3,Home,6,2180,1724,5.0,13080,654.0,12426.0,10344,2082.0,16.76,Net Banking,Online,Gurugram
ORD100956,2024-02-17,C1061,P168,Desk Mat V3,Accessories,3,2910,2229,10.0,8730,873.0,7857.0,6687,1170.0,14.89,Card,Online,Mumbai
ORD100957,2025-01-04,C1177,P125,Desk Lamp V2,Office,1,4970,3317,20.0,4970,994.0,3976.0,3317,659.0,16.57,UPI,Store,Jaipur
ORD100958,2024-03-22,C1333,P164,Power Bank V2,Accessories,1,1150,849,20.0,1150,230.0,920.0,849,71.0,7.72,Cash,Online,Prayagraj
ORD100959,2025-03-20,C1475,P126,Desk Lamp V3,Office,1,370,241,10.0,370,37.0,333.0,241,92.0,27.63,Cash,Online,Noida
ORD100960,2026-06-10,C1406,P142,Table Clock V1,Home,4,2610,1876,5.0,10440,522.0,9918.0,7504,2414.0,24.34,Card,Online,Delhi
ORD100961,2026-05-14,C1361,P107,Headphones V2,Electronics,1,3120,2535,10.0,3120,312.0,2808.0,2535,273.0,9.72,Cash,Online,Mumbai
ORD100962,2025-01-02,C1168,P120,Notebook V3,Office,1,5080,3876,5.0,5080,254.0,4826.0,3876,950.0,19.69,Card,Store,Lucknow
ORD100963,2025-10-30,C1463,P164,Power Bank V2,Accessories,1,1150,849,5.0,1150,57.5,1092.5,849,243.5,22.29,UPI,Online,Varanasi
ORD100964,2025-03-05,C1359,P152,Cleaning Kit V2,Home,3,3090,2318,10.0,9270,927.0,8343.0,6954,1389.0,16.65,Net Banking,Online,Lucknow
ORD100965,2025-10-03,C1058,P104,Keyboard V2,Electronics,2,820,576,0.0,1640,0.0,1640.0,1152,488.0,29.76,Card,Online,Noida
ORD100966,2026-04-24,C1299,P141,Storage Box V3,Home,2,2200,1823,5.0,4400,220.0,4180.0,3646,534.0,12.78,Card,Online,Kanpur
ORD100967,2025-05-20,C1173,P172,Coffee V1,Grocery,1,660,526,10.0,660,66.0,594.0,526,68.0,11.45,Cash,Online,Delhi
ORD100968,2025-07-26,C1063,P168,Desk Mat V3,Accessories,2,2910,2229,10.0,5820,582.0,5238.0,4458,780.0,14.89,UPI,Online,Noida
ORD100969,2026-02-11,C1112,P121,Office Chair V1,Office,2,6460,4606,15.0,12920,1938.0,10982.0,9212,1770.0,16.12,UPI,Phone,Varanasi
ORD100970,2025-06-07,C1242,P179,Biscuits V2,Grocery,4,1150,889,15.0,4600,690.0,3910.0,3556,354.0,9.05,Card,Store,Delhi
ORD100971,2025-04-27,C1222,P171,Travel Pouch V3,Accessories,2,1430,1156,5.0,2860,143.0,2717.0,2312,405.0,14.91,Cash,Online,Delhi
ORD100972,2024-06-02,C1357,P124,Desk Lamp V1,Office,1,4350,2868,15.0,4350,652.5,3697.5,2868,829.5,22.43,Card,Store,Kanpur
ORD100973,2026-02-20,C1126,P120,Notebook V3,Office,1,5080,3876,20.0,5080,1016.0,4064.0,3876,188.0,4.63,Cash,Store,Gurugram
ORD100974,2024-09-21,C1238,P106,Headphones V1,Electronics,5,4570,3663,5.0,22850,1142.5,21707.5,18315,3392.5,15.63,Cash,Online,Noida
ORD100975,2026-02-13,C1134,P149,LED Bulb V2,Home,5,1290,1029,5.0,6450,322.5,6127.5,5145,982.5,16.03,UPI,Online,Agra
ORD100976,2026-06-04,C1351,P135,Stapler V3,Office,4,7170,4632,10.0,28680,2868.0,25812.0,18528,7284.0,28.22,Net Banking,Online,Noida
ORD100977,2025-05-13,C1401,P144,Table Clock V3,Home,7,2960,2357,0.0,20720,0.0,20720.0,16499,4221.0,20.37,UPI,Store,Gurugram
ORD100978,2026-06-28,C1131,P117,Bluetooth Speaker V3,Electronics,1,1400,967,5.0,1400,70.0,1330.0,967,363.0,27.29,Card,Store,Prayagraj
ORD100979,2024-06-20,C1050,P118,Notebook V1,Office,2,2820,2304,5.0,5640,282.0,5358.0,4608,750.0,14.0,Card,Online,Gurugram
ORD100980,2024-09-02,C1343,P147,Cushion V3,Home,2,2180,1724,0.0,4360,0.0,4360.0,3448,912.0,20.92,Cash,Phone,Gurugram
ORD100981,2024-03-19,C1168,P141,Storage Box V3,Home,4,2200,1823,5.0,8800,440.0,8360.0,7292,1068.0,12.78,UPI,Store,Lucknow
ORD100982,2024-11-26,C1012,P113,Webcam V2,Electronics,2,2640,1889,10.0,5280,528.0,4752.0,3778,974.0,20.5,UPI,Store,Kanpur
ORD100983,2026-02-02,C1049,P143,Table Clock V2,Home,3,2900,2046,0.0,8700,0.0,8700.0,6138,2562.0,29.45,UPI,Store,Lucknow
ORD100984,2025-06-30,C1022,P160,Charging Cable V1,Accessories,1,3270,2329,5.0,3270,163.5,3106.5,2329,777.5,25.03,UPI,Store,Jaipur
ORD100985,2024-04-02,C1006,P101,Wireless Mouse V2,Electronics,2,2890,2270,0.0,5780,0.0,5780.0,4540,1240.0,21.45,Card,Store,Kanpur
ORD100986,2025-04-03,C1086,P174,Coffee V3,Grocery,2,1420,1012,15.0,2840,426.0,2414.0,2024,390.0,16.16,Net Banking,Online,Noida
ORD100987,2024-12-13,C1445,P127,Printer Paper V1,Office,2,6100,4997,15.0,12200,1830.0,10370.0,9994,376.0,3.63,UPI,Phone,Lucknow
ORD100988,2025-07-07,C1365,P133,Stapler V1,Office,2,6390,4143,5.0,12780,639.0,12141.0,8286,3855.0,31.75,Cash,Online,Jaipur
ORD100989,2025-04-24,C1287,P157,Phone Case V1,Accessories,1,560,464,10.0,560,56.0,504.0,464,40.0,7.94,UPI,Online,Varanasi
ORD100990,2025-04-11,C1464,P135,Stapler V3,Office,4,7170,4632,10.0,28680,2868.0,25812.0,18528,7284.0,28.22,Card,Store,Lucknow
ORD100991,2026-04-11,C1331,P160,Charging Cable V1,Accessories,3,3270,2329,10.0,9810,981.0,8829.0,6987,1842.0,20.86,Cash,Online,Kanpur
ORD100992,2025-09-18,C1346,P107,Headphones V2,Electronics,5,3120,2535,5.0,15600,780.0,14820.0,12675,2145.0,14.47,Card,Store,Varanasi
ORD100993,2025-08-26,C1336,P118,Notebook V1,Office,1,2820,2304,15.0,2820,423.0,2397.0,2304,93.0,3.88,Cash,Store,Kanpur
ORD100994,2025-01-21,C1145,P124,Desk Lamp V1,Office,1,4350,2868,0.0,4350,0.0,4350.0,2868,1482.0,34.07,UPI,Store,Mumbai
ORD100995,2025-05-01,C1265,P120,Notebook V3,Office,6,5080,3876,15.0,30480,4572.0,25908.0,23256,2652.0,10.24,Card,Online,Kanpur
ORD100996,2024-05-09,C1323,P164,Power Bank V2,Accessories,1,1150,849,10.0,1150,115.0,1035.0,849,186.0,17.97,UPI,Online,Mumbai
ORD100997,2025-12-23,C1108,P125,Desk Lamp V2,Office,6,4970,3317,10.0,29820,2982.0,26838.0,19902,6936.0,25.84,Net Banking,Store,Lucknow
ORD100998,2024-04-29,C1104,P133,Stapler V1,Office,2,6390,4143,10.0,12780,1278.0,11502.0,8286,3216.0,27.96,Cash,Online,Delhi
ORD100999,2025-11-15,C1476,P132,File Folder V3,Office,3,4410,2825,5.0,13230,661.5,12568.5,8475,4093.5,32.57,UPI,Online,Noida
ORD101000,2024-05-24,C1350,P170,Travel Pouch V2,Accessories,1,1850,1364,15.0,1850,277.5,1572.5,1364,208.5,13.26,UPI,Store,Noida
ORD101001,2026-01-23,C1497,P124,Desk Lamp V1,Office,1,4350,2868,5.0,4350,217.5,4132.5,2868,1264.5,30.6,Card,Online,Lucknow
ORD101002,2024-10-03,C1451,P143,Table Clock V2,Home,1,2900,2046,5.0,2900,145.0,2755.0,2046,709.0,25.74,UPI,Store,Delhi
ORD101003,2026-02-15,C1198,P129,Printer Paper V3,Office,1,7700,4733,0.0,7700,0.0,7700.0,4733,2967.0,38.53,Card,Online,Delhi
ORD101004,2026-01-27,C1035,P102,Wireless Mouse V3,Electronics,5,3210,2684,5.0,16050,802.5,15247.5,13420,1827.5,11.99,UPI,Online,Lucknow
ORD101005,2025-05-14,C1109,P107,Headphones V2,Electronics,1,3120,2535,0.0,3120,0.0,3120.0,2535,585.0,18.75,UPI,Phone,Varanasi
ORD101006,2025-02-11,C1005,P156,Laptop Bag V3,Accessories,3,1980,1255,0.0,5940,0.0,5940.0,3765,2175.0,36.62,Card,Store,Delhi
ORD101007,2026-06-09,C1393,P132,File Folder V3,Office,1,4410,2825,5.0,4410,220.5,4189.5,2825,1364.5,32.57,Cash,Store,Gurugram
ORD101008,2025-03-03,C1312,P115,Bluetooth Speaker V1,Electronics,3,6930,4749,5.0,20790,1039.5,19750.5,14247,5503.5,27.87,UPI,Store,Lucknow
ORD101009,2025-01-16,C1244,P105,Keyboard V3,Electronics,4,4190,3534,10.0,16760,1676.0,15084.0,14136,948.0,6.28,Net Banking,Phone,Jaipur
ORD101010,2024-07-09,C1147,P120,Notebook V3,Office,5,5080,3876,0.0,25400,0.0,25400.0,19380,6020.0,23.7,UPI,Store,Lucknow
ORD101011,2025-04-24,C1304,P133,Stapler V1,Office,1,6390,4143,10.0,6390,639.0,5751.0,4143,1608.0,27.96,UPI,Store,Prayagraj
ORD101012,2024-10-25,C1171,P146,Cushion V2,Home,4,3320,2419,10.0,13280,1328.0,11952.0,9676,2276.0,19.04,UPI,Store,Kanpur
ORD101013,2026-02-21,C1109,P143,Table Clock V2,Home,1,2900,2046,5.0,2900,145.0,2755.0,2046,709.0,25.74,Card,Online,Varanasi
ORD101014,2026-04-28,C1212,P150,LED Bulb V3,Home,1,2960,2119,15.0,2960,444.0,2516.0,2119,397.0,15.78,Net Banking,Store,Noida
ORD101015,2024-01-10,C1493,P141,Storage Box V3,Home,4,2200,1823,10.0,8800,880.0,7920.0,7292,628.0,7.93,Cash,Phone,Delhi
ORD101016,2024-09-02,C1345,P107,Headphones V2,Electronics,1,3120,2535,10.0,3120,312.0,2808.0,2535,273.0,9.72,Card,Phone,Delhi
ORD101017,2025-09-25,C1445,P147,Cushion V3,Home,1,2180,1724,10.0,2180,218.0,1962.0,1724,238.0,12.13,Card,Online,Lucknow
ORD101018,2026-01-26,C1202,P104,Keyboard V2,Electronics,2,820,576,5.0,1640,82.0,1558.0,1152,406.0,26.06,Cash,Store,Prayagraj
ORD101019,2025-03-05,C1068,P130,File Folder V1,Office,2,3130,2238,15.0,6260,939.0,5321.0,4476,845.0,15.88,UPI,Phone,Mumbai
ORD101020,2024-12-03,C1161,P152,Cleaning Kit V2,Home,2,3090,2318,0.0,6180,0.0,6180.0,4636,1544.0,24.98,Net Banking,Online,Jaipur
ORD101021,2024-09-15,C1272,P160,Charging Cable V1,Accessories,4,3270,2329,10.0,13080,1308.0,11772.0,9316,2456.0,20.86,UPI,Phone,Lucknow
ORD101022,2025-09-14,C1415,P109,USB Hub V1,Electronics,3,1970,1209,0.0,5910,0.0,5910.0,3627,2283.0,38.63,Card,Online,Gurugram
ORD101023,2024-08-01,C1081,P105,Keyboard V3,Electronics,2,4190,3534,5.0,8380,419.0,7961.0,7068,893.0,11.22,Cash,Online,Noida
ORD101024,2024-02-12,C1116,P120,Notebook V3,Office,2,5080,3876,20.0,10160,2032.0,8128.0,7752,376.0,4.63,Card,Phone,Agra
ORD101025,2024-10-21,C1326,P129,Printer Paper V3,Office,4,7700,4733,15.0,30800,4620.0,26180.0,18932,7248.0,27.69,UPI,Store,Mumbai
ORD101026,2026-04-26,C1035,P154,Laptop Bag V1,Accessories,1,3580,2326,10.0,3580,358.0,3222.0,2326,896.0,27.81,Card,Store,Lucknow
ORD101027,2024-01-13,C1121,P115,Bluetooth Speaker V1,Electronics,1,6930,4749,0.0,6930,0.0,6930.0,4749,2181.0,31.47,UPI,Online,Lucknow
ORD101028,2024-07-25,C1411,P106,Headphones V1,Electronics,2,4570,3663,20.0,9140,1828.0,7312.0,7326,-14.0,-0.19,Cash,Online,Prayagraj
ORD101029,2024-06-02,C1057,P138,Water Bottle V3,Home,1,2890,1947,10.0,2890,289.0,2601.0,1947,654.0,25.14,Net Banking,Online,Prayagraj
ORD101030,2024-03-06,C1231,P142,Table Clock V1,Home,2,2610,1876,15.0,5220,783.0,4437.0,3752,685.0,15.44,UPI,Online,Gurugram
ORD101031,2025-05-28,C1131,P177,Tea V3,Grocery,1,540,388,0.0,540,0.0,540.0,388,152.0,28.15,UPI,Online,Prayagraj
ORD101032,2025-07-14,C1135,P162,Charging Cable V3,Accessories,3,3240,2132,0.0,9720,0.0,9720.0,6396,3324.0,34.2,Cash,Online,Agra
ORD101033,2024-02-04,C1112,P151,Cleaning Kit V1,Home,3,2890,1977,10.0,8670,867.0,7803.0,5931,1872.0,23.99,UPI,Online,Varanasi
ORD101034,2024-08-20,C1097,P133,Stapler V1,Office,1,6390,4143,10.0,6390,639.0,5751.0,4143,1608.0,27.96,Cash,Online,Gurugram
ORD101035,2026-06-15,C1111,P128,Printer Paper V2,Office,3,2840,2176,0.0,8520,0.0,8520.0,6528,1992.0,23.38,Card,Store,Delhi
ORD101036,2026-02-22,C1265,P175,Tea V1,Grocery,4,1390,900,0.0,5560,0.0,5560.0,3600,1960.0,35.25,Cash,Online,Kanpur
ORD101037,2025-12-05,C1425,P148,LED Bulb V1,Home,3,1590,982,0.0,4770,0.0,4770.0,2946,1824.0,38.24,Net Banking,Store,Lucknow
ORD101038,2025-03-31,C1477,P157,Phone Case V1,Accessories,3,560,464,0.0,1680,0.0,1680.0,1392,288.0,17.14,UPI,Store,Delhi
ORD101039,2025-03-24,C1116,P125,Desk Lamp V2,Office,2,4970,3317,5.0,9940,497.0,9443.0,6634,2809.0,29.75,UPI,Online,Agra
ORD101040,2025-10-15,C1045,P134,Stapler V2,Office,2,5250,3976,5.0,10500,525.0,9975.0,7952,2023.0,20.28,Card,Store,Delhi
ORD101041,2025-08-17,C1057,P152,Cleaning Kit V2,Home,1,3090,2318,10.0,3090,309.0,2781.0,2318,463.0,16.65,Net Banking,Online,Prayagraj
ORD101042,2025-07-31,C1402,P152,Cleaning Kit V2,Home,1,3090,2318,10.0,3090,309.0,2781.0,2318,463.0,16.65,UPI,Store,Jaipur
ORD101043,2025-02-02,C1409,P102,Wireless Mouse V3,Electronics,2,3210,2684,20.0,6420,1284.0,5136.0,5368,-232.0,-4.52,Cash,Online,Mumbai
ORD101044,2024-05-22,C1036,P157,Phone Case V1,Accessories,2,560,464,5.0,1120,56.0,1064.0,928,136.0,12.78,UPI,Online,Delhi
ORD101045,2025-06-19,C1077,P140,Storage Box V2,Home,1,1780,1191,10.0,1780,178.0,1602.0,1191,411.0,25.66,Card,Store,Lucknow
ORD101046,2026-02-18,C1340,P102,Wireless Mouse V3,Electronics,3,3210,2684,15.0,9630,1444.5,8185.5,8052,133.5,1.63,UPI,Online,Jaipur
ORD101047,2025-03-27,C1250,P167,Desk Mat V2,Accessories,2,3170,2059,15.0,6340,951.0,5389.0,4118,1271.0,23.59,Net Banking,Online,Jaipur
ORD101048,2026-04-12,C1245,P163,Power Bank V1,Accessories,4,510,428,10.0,2040,204.0,1836.0,1712,124.0,6.75,UPI,Online,Lucknow
ORD101049,2026-04-09,C1343,P123,Office Chair V3,Office,3,4680,3454,15.0,14040,2106.0,11934.0,10362,1572.0,13.17,UPI,Online,Gurugram
ORD101050,2025-01-27,C1100,P113,Webcam V2,Electronics,1,2640,1889,5.0,2640,132.0,2508.0,1889,619.0,24.68,Net Banking,Online,Mumbai
ORD101051,2026-01-04,C1480,P138,Water Bottle V3,Home,1,2890,1947,10.0,2890,289.0,2601.0,1947,654.0,25.14,Card,Online,Delhi
ORD101052,2024-01-17,C1116,P176,Tea V2,Grocery,3,920,750,0.0,2760,0.0,2760.0,2250,510.0,18.48,UPI,Phone,Agra
ORD101053,2025-12-17,C1297,P170,Travel Pouch V2,Accessories,2,1850,1364,5.0,3700,185.0,3515.0,2728,787.0,22.39,UPI,Online,Lucknow
ORD101054,2024-02-25,C1350,P103,Keyboard V1,Electronics,2,4190,2634,10.0,8380,838.0,7542.0,5268,2274.0,30.15,Net Banking,Online,Noida
ORD101055,2024-05-30,C1184,P149,LED Bulb V2,Home,1,1290,1029,5.0,1290,64.5,1225.5,1029,196.5,16.03,Card,Phone,Gurugram
ORD101056,2025-02-05,C1077,P121,Office Chair V1,Office,4,6460,4606,10.0,25840,2584.0,23256.0,18424,4832.0,20.78,Cash,Store,Lucknow
ORD101057,2025-11-03,C1249,P138,Water Bottle V3,Home,1,2890,1947,15.0,2890,433.5,2456.5,1947,509.5,20.74,UPI,Online,Kanpur
ORD101058,2024-04-19,C1379,P166,Desk Mat V1,Accessories,1,3330,2082,10.0,3330,333.0,2997.0,2082,915.0,30.53,Card,Store,Kanpur
ORD101059,2026-03-23,C1015,P130,File Folder V1,Office,1,3130,2238,10.0,3130,313.0,2817.0,2238,579.0,20.55,UPI,Store,Lucknow
ORD101060,2025-11-26,C1014,P147,Cushion V3,Home,2,2180,1724,15.0,4360,654.0,3706.0,3448,258.0,6.96,UPI,Online,Agra
ORD101061,2026-01-27,C1489,P103,Keyboard V1,Electronics,3,4190,2634,5.0,12570,628.5,11941.5,7902,4039.5,33.83,UPI,Online,Lucknow
ORD101062,2024-01-12,C1128,P149,LED Bulb V2,Home,1,1290,1029,0.0,1290,0.0,1290.0,1029,261.0,20.23,Card,Store,Agra
ORD101063,2024-07-01,C1422,P108,Headphones V3,Electronics,5,4890,3636,0.0,24450,0.0,24450.0,18180,6270.0,25.64,UPI,Store,Agra
ORD101064,2025-10-20,C1220,P157,Phone Case V1,Accessories,1,560,464,0.0,560,0.0,560.0,464,96.0,17.14,Card,Online,Agra
ORD101065,2025-03-14,C1270,P146,Cushion V2,Home,2,3320,2419,0.0,6640,0.0,6640.0,4838,1802.0,27.14,Cash,Online,Kanpur
ORD101066,2026-03-13,C1249,P156,Laptop Bag V3,Accessories,3,1980,1255,10.0,5940,594.0,5346.0,3765,1581.0,29.57,UPI,Online,Kanpur
ORD101067,2024-03-09,C1162,P151,Cleaning Kit V1,Home,3,2890,1977,20.0,8670,1734.0,6936.0,5931,1005.0,14.49,Card,Online,Agra
ORD101068,2025-08-03,C1115,P163,Power Bank V1,Accessories,2,510,428,0.0,1020,0.0,1020.0,856,164.0,16.08,UPI,Store,Delhi
ORD101069,2026-05-21,C1200,P133,Stapler V1,Office,4,6390,4143,0.0,25560,0.0,25560.0,16572,8988.0,35.16,Cash,Store,Lucknow
ORD101070,2025-03-01,C1484,P161,Charging Cable V2,Accessories,1,2440,1541,10.0,2440,244.0,2196.0,1541,655.0,29.83,UPI,Online,Jaipur
ORD101071,2026-05-31,C1479,P130,File Folder V1,Office,2,3130,2238,10.0,6260,626.0,5634.0,4476,1158.0,20.55,Card,Store,Varanasi
ORD101072,2025-10-11,C1470,P131,File Folder V2,Office,3,5150,3339,0.0,15450,0.0,15450.0,10017,5433.0,35.17,Card,Online,Mumbai
ORD101073,2025-12-02,C1380,P175,Tea V1,Grocery,3,1390,900,15.0,4170,625.5,3544.5,2700,844.5,23.83,Cash,Store,Kanpur
ORD101074,2026-01-19,C1215,P173,Coffee V2,Grocery,1,930,610,5.0,930,46.5,883.5,610,273.5,30.96,UPI,Online,Lucknow
ORD101075,2025-01-13,C1312,P173,Coffee V2,Grocery,4,930,610,0.0,3720,0.0,3720.0,2440,1280.0,34.41,Card,Online,Lucknow
ORD101076,2024-08-20,C1398,P159,Phone Case V3,Accessories,6,1360,849,15.0,8160,1224.0,6936.0,5094,1842.0,26.56,UPI,Store,Prayagraj
ORD101077,2024-07-23,C1488,P100,Wireless Mouse V1,Electronics,3,3130,2246,0.0,9390,0.0,9390.0,6738,2652.0,28.24,UPI,Store,Lucknow
ORD101078,2025-09-28,C1449,P133,Stapler V1,Office,2,6390,4143,15.0,12780,1917.0,10863.0,8286,2577.0,23.72,UPI,Online,Kanpur
ORD101079,2024-01-25,C1392,P161,Charging Cable V2,Accessories,2,2440,1541,10.0,4880,488.0,4392.0,3082,1310.0,29.83,UPI,Phone,Prayagraj
ORD101080,2026-05-20,C1028,P130,File Folder V1,Office,1,3130,2238,20.0,3130,626.0,2504.0,2238,266.0,10.62,Card,Store,Lucknow
ORD101081,2025-03-30,C1149,P173,Coffee V2,Grocery,1,930,610,10.0,930,93.0,837.0,610,227.0,27.12,Net Banking,Phone,Jaipur
ORD101082,2025-02-10,C1096,P133,Stapler V1,Office,1,6390,4143,10.0,6390,639.0,5751.0,4143,1608.0,27.96,UPI,Online,Mumbai
ORD101083,2024-04-06,C1376,P154,Laptop Bag V1,Accessories,1,3580,2326,10.0,3580,358.0,3222.0,2326,896.0,27.81,Cash,Online,Varanasi
ORD101084,2025-04-20,C1322,P173,Coffee V2,Grocery,1,930,610,20.0,930,186.0,744.0,610,134.0,18.01,Cash,Online,Noida
ORD101085,2025-04-19,C1105,P100,Wireless Mouse V1,Electronics,1,3130,2246,10.0,3130,313.0,2817.0,2246,571.0,20.27,UPI,Online,Lucknow
ORD101086,2025-04-13,C1273,P120,Notebook V3,Office,5,5080,3876,10.0,25400,2540.0,22860.0,19380,3480.0,15.22,UPI,Store,Kanpur
ORD101087,2024-09-13,C1167,P120,Notebook V3,Office,1,5080,3876,0.0,5080,0.0,5080.0,3876,1204.0,23.7,UPI,Online,Noida
ORD101088,2024-07-14,C1363,P144,Table Clock V3,Home,5,2960,2357,0.0,14800,0.0,14800.0,11785,3015.0,20.37,Card,Phone,Mumbai
ORD101089,2024-10-05,C1245,P142,Table Clock V1,Home,3,2610,1876,0.0,7830,0.0,7830.0,5628,2202.0,28.12,UPI,Online,Lucknow
ORD101090,2024-11-20,C1335,P114,Webcam V3,Electronics,2,3680,2607,15.0,7360,1104.0,6256.0,5214,1042.0,16.66,UPI,Online,Prayagraj
ORD101091,2026-06-03,C1409,P122,Office Chair V2,Office,2,4160,2937,10.0,8320,832.0,7488.0,5874,1614.0,21.55,Cash,Store,Mumbai
ORD101092,2026-03-11,C1403,P159,Phone Case V3,Accessories,2,1360,849,15.0,2720,408.0,2312.0,1698,614.0,26.56,Card,Store,Lucknow
ORD101093,2026-04-06,C1194,P143,Table Clock V2,Home,1,2900,2046,10.0,2900,290.0,2610.0,2046,564.0,21.61,Cash,Phone,Agra
ORD101094,2026-01-01,C1349,P139,Storage Box V1,Home,3,2100,1652,10.0,6300,630.0,5670.0,4956,714.0,12.59,UPI,Online,Varanasi
ORD101095,2025-01-06,C1069,P122,Office Chair V2,Office,2,4160,2937,0.0,8320,0.0,8320.0,5874,2446.0,29.4,Card,Store,Agra
ORD101096,2024-07-31,C1158,P147,Cushion V3,Home,3,2180,1724,10.0,6540,654.0,5886.0,5172,714.0,12.13,UPI,Store,Jaipur
ORD101097,2024-03-30,C1487,P170,Travel Pouch V2,Accessories,2,1850,1364,10.0,3700,370.0,3330.0,2728,602.0,18.08,Net Banking,Online,Kanpur
ORD101098,2026-04-21,C1166,P125,Desk Lamp V2,Office,4,4970,3317,10.0,19880,1988.0,17892.0,13268,4624.0,25.84,UPI,Online,Lucknow
ORD101099,2025-09-24,C1175,P162,Charging Cable V3,Accessories,1,3240,2132,15.0,3240,486.0,2754.0,2132,622.0,22.59,UPI,Store,Prayagraj
ORD101100,2024-11-14,C1391,P131,File Folder V2,Office,6,5150,3339,10.0,30900,3090.0,27810.0,20034,7776.0,27.96,Card,Store,Gurugram
ORD101101,2025-06-27,C1140,P132,File Folder V3,Office,1,4410,2825,0.0,4410,0.0,4410.0,2825,1585.0,35.94,Card,Online,Gurugram
ORD101102,2025-06-25,C1089,P119,Notebook V2,Office,2,3040,2028,0.0,6080,0.0,6080.0,4056,2024.0,33.29,UPI,Online,Kanpur
ORD101103,2026-05-14,C1398,P151,Cleaning Kit V1,Home,1,2890,1977,0.0,2890,0.0,2890.0,1977,913.0,31.59,Card,Online,Prayagraj
ORD101104,2025-04-15,C1160,P132,File Folder V3,Office,4,4410,2825,5.0,17640,882.0,16758.0,11300,5458.0,32.57,Cash,Online,Gurugram
ORD101105,2024-05-28,C1187,P112,Webcam V1,Electronics,1,930,736,15.0,930,139.5,790.5,736,54.5,6.89,UPI,Store,Kanpur
ORD101106,2025-06-19,C1490,P109,USB Hub V1,Electronics,1,1970,1209,5.0,1970,98.5,1871.5,1209,662.5,35.4,Net Banking,Phone,Delhi
ORD101107,2024-11-03,C1213,P146,Cushion V2,Home,1,3320,2419,15.0,3320,498.0,2822.0,2419,403.0,14.28,UPI,Store,Jaipur
ORD101108,2024-10-30,C1061,P157,Phone Case V1,Accessories,1,560,464,0.0,560,0.0,560.0,464,96.0,17.14,UPI,Store,Mumbai
ORD101109,2024-09-10,C1444,P152,Cleaning Kit V2,Home,1,3090,2318,20.0,3090,618.0,2472.0,2318,154.0,6.23,Cash,Online,Jaipur
ORD101110,2025-07-14,C1333,P155,Laptop Bag V2,Accessories,5,2620,1779,5.0,13100,655.0,12445.0,8895,3550.0,28.53,Cash,Online,Prayagraj
ORD101111,2024-03-30,C1041,P130,File Folder V1,Office,3,3130,2238,5.0,9390,469.5,8920.5,6714,2206.5,24.74,UPI,Store,Gurugram
ORD101112,2024-12-26,C1423,P158,Phone Case V2,Accessories,4,2660,1753,0.0,10640,0.0,10640.0,7012,3628.0,34.1,Cash,Store,Noida
ORD101113,2024-03-08,C1245,P104,Keyboard V2,Electronics,1,820,576,10.0,820,82.0,738.0,576,162.0,21.95,UPI,Online,Lucknow
ORD101114,2024-11-20,C1420,P126,Desk Lamp V3,Office,1,370,241,10.0,370,37.0,333.0,241,92.0,27.63,Cash,Online,Agra
ORD101115,2024-08-27,C1215,P148,LED Bulb V1,Home,1,1590,982,10.0,1590,159.0,1431.0,982,449.0,31.38,UPI,Store,Lucknow
ORD101116,2024-06-27,C1394,P116,Bluetooth Speaker V2,Electronics,4,4810,3714,0.0,19240,0.0,19240.0,14856,4384.0,22.79,Card,Online,Prayagraj
ORD101117,2026-02-14,C1245,P160,Charging Cable V1,Accessories,2,3270,2329,10.0,6540,654.0,5886.0,4658,1228.0,20.86,UPI,Phone,Lucknow
ORD101118,2024-05-04,C1014,P163,Power Bank V1,Accessories,2,510,428,20.0,1020,204.0,816.0,856,-40.0,-4.9,Card,Phone,Agra
ORD101119,2025-06-17,C1408,P127,Printer Paper V1,Office,1,6100,4997,0.0,6100,0.0,6100.0,4997,1103.0,18.08,Card,Store,Gurugram
ORD101120,2025-01-11,C1488,P168,Desk Mat V3,Accessories,1,2910,2229,15.0,2910,436.5,2473.5,2229,244.5,9.88,UPI,Store,Lucknow
ORD101121,2024-02-17,C1136,P100,Wireless Mouse V1,Electronics,1,3130,2246,15.0,3130,469.5,2660.5,2246,414.5,15.58,UPI,Online,Delhi
ORD101122,2025-07-05,C1446,P115,Bluetooth Speaker V1,Electronics,3,6930,4749,10.0,20790,2079.0,18711.0,14247,4464.0,23.86,UPI,Store,Noida
ORD101123,2025-12-07,C1113,P130,File Folder V1,Office,1,3130,2238,20.0,3130,626.0,2504.0,2238,266.0,10.62,UPI,Online,Agra
ORD101124,2024-01-27,C1491,P111,USB Hub V3,Electronics,2,1850,1273,10.0,3700,370.0,3330.0,2546,784.0,23.54,Cash,Online,Noida
ORD101125,2024-07-24,C1386,P145,Cushion V1,Home,1,920,592,5.0,920,46.0,874.0,592,282.0,32.27,Cash,Phone,Delhi
ORD101126,2025-01-07,C1318,P139,Storage Box V1,Home,4,2100,1652,15.0,8400,1260.0,7140.0,6608,532.0,7.45,UPI,Online,Gurugram
ORD101127,2025-11-08,C1277,P125,Desk Lamp V2,Office,1,4970,3317,0.0,4970,0.0,4970.0,3317,1653.0,33.26,UPI,Online,Mumbai
ORD101128,2025-11-13,C1267,P102,Wireless Mouse V3,Electronics,4,3210,2684,0.0,12840,0.0,12840.0,10736,2104.0,16.39,UPI,Phone,Lucknow
ORD101129,2024-09-24,C1115,P161,Charging Cable V2,Accessories,1,2440,1541,10.0,2440,244.0,2196.0,1541,655.0,29.83,Card,Store,Delhi
ORD101130,2024-04-28,C1381,P149,LED Bulb V2,Home,2,1290,1029,0.0,2580,0.0,2580.0,2058,522.0,20.23,UPI,Online,Mumbai
ORD101131,2024-02-14,C1264,P105,Keyboard V3,Electronics,4,4190,3534,5.0,16760,838.0,15922.0,14136,1786.0,11.22,UPI,Store,Gurugram
ORD101132,2026-05-13,C1276,P117,Bluetooth Speaker V3,Electronics,3,1400,967,15.0,4200,630.0,3570.0,2901,669.0,18.74,UPI,Store,Agra
ORD101133,2024-12-06,C1297,P100,Wireless Mouse V1,Electronics,6,3130,2246,10.0,18780,1878.0,16902.0,13476,3426.0,20.27,Cash,Online,Lucknow
ORD101134,2024-08-31,C1373,P174,Coffee V3,Grocery,3,1420,1012,15.0,4260,639.0,3621.0,3036,585.0,16.16,Net Banking,Online,Gurugram
ORD101135,2025-11-23,C1151,P155,Laptop Bag V2,Accessories,3,2620,1779,15.0,7860,1179.0,6681.0,5337,1344.0,20.12,UPI,Store,Jaipur
ORD101136,2024-06-04,C1393,P144,Table Clock V3,Home,1,2960,2357,15.0,2960,444.0,2516.0,2357,159.0,6.32,Net Banking,Store,Gurugram
ORD101137,2025-08-16,C1057,P120,Notebook V3,Office,1,5080,3876,0.0,5080,0.0,5080.0,3876,1204.0,23.7,Cash,Phone,Prayagraj
ORD101138,2026-04-20,C1159,P169,Travel Pouch V1,Accessories,2,2560,1733,10.0,5120,512.0,4608.0,3466,1142.0,24.78,UPI,Store,Lucknow
ORD101139,2025-12-19,C1193,P170,Travel Pouch V2,Accessories,5,1850,1364,15.0,9250,1387.5,7862.5,6820,1042.5,13.26,UPI,Store,Delhi
ORD101140,2026-01-27,C1132,P137,Water Bottle V2,Home,3,1800,1202,20.0,5400,1080.0,4320.0,3606,714.0,16.53,Card,Store,Varanasi
ORD101141,2025-05-13,C1217,P154,Laptop Bag V1,Accessories,1,3580,2326,5.0,3580,179.0,3401.0,2326,1075.0,31.61,Card,Store,Agra
ORD101142,2026-04-05,C1292,P148,LED Bulb V1,Home,4,1590,982,15.0,6360,954.0,5406.0,3928,1478.0,27.34,UPI,Online,Gurugram
ORD101143,2025-06-17,C1240,P176,Tea V2,Grocery,1,920,750,15.0,920,138.0,782.0,750,32.0,4.09,UPI,Online,Kanpur
ORD101144,2024-08-05,C1234,P107,Headphones V2,Electronics,1,3120,2535,10.0,3120,312.0,2808.0,2535,273.0,9.72,Cash,Phone,Kanpur
ORD101145,2026-05-04,C1492,P108,Headphones V3,Electronics,2,4890,3636,10.0,9780,978.0,8802.0,7272,1530.0,17.38,Net Banking,Store,Agra
ORD101146,2026-01-24,C1055,P172,Coffee V1,Grocery,1,660,526,0.0,660,0.0,660.0,526,134.0,20.3,Card,Store,Delhi
ORD101147,2024-02-07,C1189,P178,Biscuits V1,Grocery,1,1460,1162,0.0,1460,0.0,1460.0,1162,298.0,20.41,Cash,Online,Kanpur
ORD101148,2025-01-17,C1367,P107,Headphones V2,Electronics,2,3120,2535,5.0,6240,312.0,5928.0,5070,858.0,14.47,UPI,Online,Noida
ORD101149,2026-06-03,C1437,P110,USB Hub V2,Electronics,5,980,657,0.0,4900,0.0,4900.0,3285,1615.0,32.96,Net Banking,Store,Gurugram
ORD101150,2025-05-30,C1412,P155,Laptop Bag V2,Accessories,1,2620,1779,0.0,2620,0.0,2620.0,1779,841.0,32.1,Net Banking,Online,Prayagraj
ORD101151,2026-04-04,C1194,P164,Power Bank V2,Accessories,1,1150,849,0.0,1150,0.0,1150.0,849,301.0,26.17,UPI,Store,Agra
ORD101152,2025-11-24,C1365,P103,Keyboard V1,Electronics,5,4190,2634,10.0,20950,2095.0,18855.0,13170,5685.0,30.15,UPI,Online,Jaipur
ORD101153,2024-10-29,C1321,P148,LED Bulb V1,Home,2,1590,982,15.0,3180,477.0,2703.0,1964,739.0,27.34,UPI,Store,Gurugram
ORD101154,2026-01-29,C1013,P132,File Folder V3,Office,4,4410,2825,10.0,17640,1764.0,15876.0,11300,4576.0,28.82,Net Banking,Store,Gurugram
ORD101155,2026-01-17,C1259,P163,Power Bank V1,Accessories,2,510,428,0.0,1020,0.0,1020.0,856,164.0,16.08,UPI,Online,Kanpur
ORD101156,2025-09-20,C1095,P166,Desk Mat V1,Accessories,5,3330,2082,5.0,16650,832.5,15817.5,10410,5407.5,34.19,UPI,Online,Agra
ORD101157,2026-06-13,C1427,P126,Desk Lamp V3,Office,2,370,241,10.0,740,74.0,666.0,482,184.0,27.63,Card,Store,Lucknow
ORD101158,2026-03-24,C1029,P115,Bluetooth Speaker V1,Electronics,1,6930,4749,0.0,6930,0.0,6930.0,4749,2181.0,31.47,Net Banking,Online,Lucknow
ORD101159,2025-06-20,C1263,P120,Notebook V3,Office,1,5080,3876,10.0,5080,508.0,4572.0,3876,696.0,15.22,Cash,Online,Gurugram
ORD101160,2025-08-28,C1018,P152,Cleaning Kit V2,Home,1,3090,2318,0.0,3090,0.0,3090.0,2318,772.0,24.98,UPI,Online,Prayagraj
ORD101161,2024-12-18,C1390,P100,Wireless Mouse V1,Electronics,3,3130,2246,10.0,9390,939.0,8451.0,6738,1713.0,20.27,UPI,Online,Varanasi
ORD101162,2024-06-09,C1254,P158,Phone Case V2,Accessories,1,2660,1753,10.0,2660,266.0,2394.0,1753,641.0,26.78,UPI,Online,Prayagraj
ORD101163,2025-06-07,C1456,P110,USB Hub V2,Electronics,2,980,657,10.0,1960,196.0,1764.0,1314,450.0,25.51,Cash,Online,Agra
ORD101164,2024-10-14,C1137,P107,Headphones V2,Electronics,3,3120,2535,0.0,9360,0.0,9360.0,7605,1755.0,18.75,UPI,Online,Mumbai
ORD101165,2026-05-14,C1104,P162,Charging Cable V3,Accessories,1,3240,2132,5.0,3240,162.0,3078.0,2132,946.0,30.73,UPI,Online,Delhi
ORD101166,2026-04-27,C1478,P161,Charging Cable V2,Accessories,3,2440,1541,10.0,7320,732.0,6588.0,4623,1965.0,29.83,UPI,Online,Mumbai
ORD101167,2025-12-28,C1311,P148,LED Bulb V1,Home,1,1590,982,15.0,1590,238.5,1351.5,982,369.5,27.34,Card,Store,Mumbai
ORD101168,2024-03-05,C1217,P150,LED Bulb V3,Home,5,2960,2119,0.0,14800,0.0,14800.0,10595,4205.0,28.41,UPI,Store,Agra
ORD101169,2024-11-12,C1208,P134,Stapler V2,Office,3,5250,3976,0.0,15750,0.0,15750.0,11928,3822.0,24.27,Card,Store,Agra
ORD101170,2024-02-08,C1068,P151,Cleaning Kit V1,Home,4,2890,1977,0.0,11560,0.0,11560.0,7908,3652.0,31.59,Card,Online,Mumbai
ORD101171,2024-02-18,C1145,P160,Charging Cable V1,Accessories,2,3270,2329,5.0,6540,327.0,6213.0,4658,1555.0,25.03,Cash,Store,Mumbai
ORD101172,2025-11-07,C1480,P110,USB Hub V2,Electronics,2,980,657,5.0,1960,98.0,1862.0,1314,548.0,29.43,UPI,Online,Delhi
ORD101173,2026-06-29,C1427,P161,Charging Cable V2,Accessories,2,2440,1541,15.0,4880,732.0,4148.0,3082,1066.0,25.7,UPI,Online,Lucknow
ORD101174,2024-08-07,C1256,P111,USB Hub V3,Electronics,1,1850,1273,5.0,1850,92.5,1757.5,1273,484.5,27.57,Cash,Online,Lucknow
ORD101175,2025-02-25,C1405,P160,Charging Cable V1,Accessories,3,3270,2329,10.0,9810,981.0,8829.0,6987,1842.0,20.86,Net Banking,Store,Agra
ORD101176,2025-08-25,C1132,P155,Laptop Bag V2,Accessories,4,2620,1779,5.0,10480,524.0,9956.0,7116,2840.0,28.53,Card,Store,Varanasi
ORD101177,2026-05-11,C1186,P160,Charging Cable V1,Accessories,1,3270,2329,10.0,3270,327.0,2943.0,2329,614.0,20.86,UPI,Online,Prayagraj
ORD101178,2025-10-16,C1181,P163,Power Bank V1,Accessories,3,510,428,0.0,1530,0.0,1530.0,1284,246.0,16.08,UPI,Online,Jaipur
ORD101179,2024-02-24,C1065,P125,Desk Lamp V2,Office,3,4970,3317,5.0,14910,745.5,14164.5,9951,4213.5,29.75,UPI,Online,Noida
ORD101180,2026-03-28,C1408,P124,Desk Lamp V1,Office,4,4350,2868,0.0,17400,0.0,17400.0,11472,5928.0,34.07,UPI,Store,Gurugram
ORD101181,2024-12-15,C1494,P142,Table Clock V1,Home,3,2610,1876,20.0,7830,1566.0,6264.0,5628,636.0,10.15,Card,Online,Noida
ORD101182,2025-10-12,C1077,P122,Office Chair V2,Office,4,4160,2937,15.0,16640,2496.0,14144.0,11748,2396.0,16.94,UPI,Store,Lucknow
ORD101183,2025-11-14,C1286,P120,Notebook V3,Office,2,5080,3876,10.0,10160,1016.0,9144.0,7752,1392.0,15.22,UPI,Online,Jaipur
ORD101184,2026-04-24,C1227,P144,Table Clock V3,Home,3,2960,2357,0.0,8880,0.0,8880.0,7071,1809.0,20.37,Net Banking,Online,Prayagraj
ORD101185,2026-03-10,C1261,P125,Desk Lamp V2,Office,1,4970,3317,10.0,4970,497.0,4473.0,3317,1156.0,25.84,Card,Store,Kanpur
ORD101186,2024-01-20,C1246,P171,Travel Pouch V3,Accessories,2,1430,1156,20.0,2860,572.0,2288.0,2312,-24.0,-1.05,Card,Online,Prayagraj
ORD101187,2025-01-15,C1010,P126,Desk Lamp V3,Office,3,370,241,15.0,1110,166.5,943.5,723,220.5,23.37,Cash,Online,Kanpur
ORD101188,2025-11-28,C1181,P168,Desk Mat V3,Accessories,3,2910,2229,5.0,8730,436.5,8293.5,6687,1606.5,19.37,Card,Online,Jaipur
ORD101189,2025-10-30,C1040,P174,Coffee V3,Grocery,1,1420,1012,10.0,1420,142.0,1278.0,1012,266.0,20.81,UPI,Online,Lucknow
ORD101190,2026-01-21,C1136,P151,Cleaning Kit V1,Home,1,2890,1977,10.0,2890,289.0,2601.0,1977,624.0,23.99,Card,Store,Delhi
ORD101191,2024-09-25,C1170,P128,Printer Paper V2,Office,3,2840,2176,0.0,8520,0.0,8520.0,6528,1992.0,23.38,Card,Online,Agra
ORD101192,2024-02-17,C1079,P159,Phone Case V3,Accessories,3,1360,849,0.0,4080,0.0,4080.0,2547,1533.0,37.57,Card,Online,Gurugram
ORD101193,2025-08-31,C1275,P113,Webcam V2,Electronics,2,2640,1889,0.0,5280,0.0,5280.0,3778,1502.0,28.45,Card,Store,Gurugram
ORD101194,2026-05-30,C1412,P139,Storage Box V1,Home,1,2100,1652,0.0,2100,0.0,2100.0,1652,448.0,21.33,Card,Online,Prayagraj
ORD101195,2024-09-21,C1147,P155,Laptop Bag V2,Accessories,1,2620,1779,0.0,2620,0.0,2620.0,1779,841.0,32.1,Net Banking,Online,Lucknow
ORD101196,2026-03-15,C1229,P171,Travel Pouch V3,Accessories,2,1430,1156,0.0,2860,0.0,2860.0,2312,548.0,19.16,UPI,Online,Delhi
ORD101197,2026-03-03,C1220,P120,Notebook V3,Office,5,5080,3876,5.0,25400,1270.0,24130.0,19380,4750.0,19.69,UPI,Online,Agra
ORD101198,2025-03-23,C1319,P125,Desk Lamp V2,Office,1,4970,3317,5.0,4970,248.5,4721.5,3317,1404.5,29.75,UPI,Online,Mumbai
ORD101199,2025-11-05,C1395,P150,LED Bulb V3,Home,3,2960,2119,10.0,8880,888.0,7992.0,6357,1635.0,20.46,UPI,Store,Delhi
ORD101200,2025-05-05,C1412,P121,Office Chair V1,Office,3,6460,4606,0.0,19380,0.0,19380.0,13818,5562.0,28.7,UPI,Online,Prayagraj
ORD101201,2024-10-20,C1440,P103,Keyboard V1,Electronics,3,4190,2634,10.0,12570,1257.0,11313.0,7902,3411.0,30.15,Card,Online,Delhi
ORD101202,2025-07-13,C1398,P170,Travel Pouch V2,Accessories,2,1850,1364,15.0,3700,555.0,3145.0,2728,417.0,13.26,Cash,Store,Prayagraj
ORD101203,2024-09-27,C1379,P143,Table Clock V2,Home,5,2900,2046,0.0,14500,0.0,14500.0,10230,4270.0,29.45,Net Banking,Store,Kanpur
ORD101204,2025-01-05,C1274,P115,Bluetooth Speaker V1,Electronics,3,6930,4749,15.0,20790,3118.5,17671.5,14247,3424.5,19.38,Cash,Online,Agra
ORD101205,2025-07-24,C1283,P145,Cushion V1,Home,1,920,592,10.0,920,92.0,828.0,592,236.0,28.5,UPI,Online,Lucknow
ORD101206,2026-01-27,C1080,P150,LED Bulb V3,Home,1,2960,2119,10.0,2960,296.0,2664.0,2119,545.0,20.46,Cash,Online,Delhi
ORD101207,2025-07-06,C1068,P103,Keyboard V1,Electronics,1,4190,2634,0.0,4190,0.0,4190.0,2634,1556.0,37.14,Card,Store,Mumbai
ORD101208,2025-08-24,C1177,P116,Bluetooth Speaker V2,Electronics,2,4810,3714,5.0,9620,481.0,9139.0,7428,1711.0,18.72,UPI,Store,Jaipur
ORD101209,2026-02-25,C1321,P159,Phone Case V3,Accessories,3,1360,849,0.0,4080,0.0,4080.0,2547,1533.0,37.57,Card,Online,Gurugram
ORD101210,2024-10-15,C1057,P148,LED Bulb V1,Home,2,1590,982,10.0,3180,318.0,2862.0,1964,898.0,31.38,UPI,Online,Prayagraj
ORD101211,2025-08-29,C1216,P151,Cleaning Kit V1,Home,6,2890,1977,5.0,17340,867.0,16473.0,11862,4611.0,27.99,UPI,Store,Mumbai
ORD101212,2025-08-03,C1308,P151,Cleaning Kit V1,Home,3,2890,1977,5.0,8670,433.5,8236.5,5931,2305.5,27.99,Card,Store,Mumbai
ORD101213,2024-10-11,C1021,P137,Water Bottle V2,Home,2,1800,1202,10.0,3600,360.0,3240.0,2404,836.0,25.8,UPI,Store,Varanasi
ORD101214,2025-01-10,C1217,P146,Cushion V2,Home,1,3320,2419,0.0,3320,0.0,3320.0,2419,901.0,27.14,Card,Online,Agra
ORD101215,2025-03-22,C1269,P158,Phone Case V2,Accessories,2,2660,1753,0.0,5320,0.0,5320.0,3506,1814.0,34.1,Net Banking,Store,Lucknow
ORD101216,2026-05-14,C1460,P150,LED Bulb V3,Home,2,2960,2119,5.0,5920,296.0,5624.0,4238,1386.0,24.64,UPI,Online,Prayagraj
ORD101217,2025-06-12,C1172,P177,Tea V3,Grocery,1,540,388,15.0,540,81.0,459.0,388,71.0,15.47,UPI,Store,Lucknow
ORD101218,2024-04-11,C1122,P153,Cleaning Kit V3,Home,3,2770,1726,5.0,8310,415.5,7894.5,5178,2716.5,34.41,Net Banking,Store,Agra
ORD101219,2026-06-05,C1260,P145,Cushion V1,Home,3,920,592,10.0,2760,276.0,2484.0,1776,708.0,28.5,Card,Online,Prayagraj
ORD101220,2025-07-06,C1398,P143,Table Clock V2,Home,1,2900,2046,10.0,2900,290.0,2610.0,2046,564.0,21.61,UPI,Store,Prayagraj
ORD101221,2025-03-03,C1108,P143,Table Clock V2,Home,2,2900,2046,20.0,5800,1160.0,4640.0,4092,548.0,11.81,Card,Online,Lucknow
ORD101222,2024-02-18,C1270,P172,Coffee V1,Grocery,4,660,526,5.0,2640,132.0,2508.0,2104,404.0,16.11,Card,Store,Kanpur
ORD101223,2024-09-07,C1494,P106,Headphones V1,Electronics,3,4570,3663,15.0,13710,2056.5,11653.5,10989,664.5,5.7,Card,Store,Noida
ORD101224,2025-05-17,C1145,P121,Office Chair V1,Office,3,6460,4606,15.0,19380,2907.0,16473.0,13818,2655.0,16.12,Card,Online,Mumbai
ORD101225,2025-06-16,C1386,P130,File Folder V1,Office,4,3130,2238,20.0,12520,2504.0,10016.0,8952,1064.0,10.62,Card,Online,Delhi
ORD101226,2024-03-16,C1400,P114,Webcam V3,Electronics,1,3680,2607,10.0,3680,368.0,3312.0,2607,705.0,21.29,Cash,Store,Delhi
ORD101227,2025-12-13,C1385,P116,Bluetooth Speaker V2,Electronics,1,4810,3714,5.0,4810,240.5,4569.5,3714,855.5,18.72,Cash,Phone,Gurugram
ORD101228,2024-04-16,C1496,P173,Coffee V2,Grocery,3,930,610,5.0,2790,139.5,2650.5,1830,820.5,30.96,UPI,Store,Prayagraj
ORD101229,2025-01-28,C1020,P136,Water Bottle V1,Home,2,1430,1182,15.0,2860,429.0,2431.0,2364,67.0,2.76,Cash,Online,Gurugram
ORD101230,2024-08-21,C1120,P163,Power Bank V1,Accessories,3,510,428,5.0,1530,76.5,1453.5,1284,169.5,11.66,UPI,Store,Agra
ORD101231,2024-08-06,C1059,P118,Notebook V1,Office,6,2820,2304,10.0,16920,1692.0,15228.0,13824,1404.0,9.22,UPI,Online,Delhi
ORD101232,2024-02-16,C1346,P151,Cleaning Kit V1,Home,4,2890,1977,10.0,11560,1156.0,10404.0,7908,2496.0,23.99,Card,Store,Varanasi
ORD101233,2025-03-13,C1427,P141,Storage Box V3,Home,5,2200,1823,0.0,11000,0.0,11000.0,9115,1885.0,17.14,Card,Store,Lucknow
ORD101234,2025-08-11,C1391,P176,Tea V2,Grocery,3,920,750,5.0,2760,138.0,2622.0,2250,372.0,14.19,Net Banking,Store,Gurugram
ORD101235,2024-10-24,C1406,P151,Cleaning Kit V1,Home,3,2890,1977,0.0,8670,0.0,8670.0,5931,2739.0,31.59,UPI,Store,Delhi
ORD101236,2026-05-04,C1093,P162,Charging Cable V3,Accessories,2,3240,2132,10.0,6480,648.0,5832.0,4264,1568.0,26.89,Cash,Phone,Delhi
ORD101237,2024-08-07,C1468,P144,Table Clock V3,Home,2,2960,2357,0.0,5920,0.0,5920.0,4714,1206.0,20.37,Net Banking,Online,Noida
ORD101238,2025-12-23,C1019,P153,Cleaning Kit V3,Home,2,2770,1726,5.0,5540,277.0,5263.0,3452,1811.0,34.41,UPI,Store,Delhi
ORD101239,2024-06-28,C1491,P134,Stapler V2,Office,2,5250,3976,0.0,10500,0.0,10500.0,7952,2548.0,24.27,Net Banking,Online,Noida
ORD101240,2025-10-25,C1489,P103,Keyboard V1,Electronics,6,4190,2634,0.0,25140,0.0,25140.0,15804,9336.0,37.14,Cash,Store,Lucknow
ORD101241,2025-04-17,C1233,P147,Cushion V3,Home,1,2180,1724,10.0,2180,218.0,1962.0,1724,238.0,12.13,UPI,Store,Varanasi
ORD101242,2024-10-03,C1040,P118,Notebook V1,Office,3,2820,2304,15.0,8460,1269.0,7191.0,6912,279.0,3.88,Card,Store,Lucknow
ORD101243,2024-10-02,C1209,P110,USB Hub V2,Electronics,1,980,657,0.0,980,0.0,980.0,657,323.0,32.96,UPI,Online,Jaipur
ORD101244,2026-04-12,C1054,P173,Coffee V2,Grocery,2,930,610,5.0,1860,93.0,1767.0,1220,547.0,30.96,Cash,Online,Mumbai
ORD101245,2025-04-29,C1307,P117,Bluetooth Speaker V3,Electronics,6,1400,967,10.0,8400,840.0,7560.0,5802,1758.0,23.25,Card,Online,Mumbai
ORD101246,2024-06-18,C1127,P145,Cushion V1,Home,1,920,592,10.0,920,92.0,828.0,592,236.0,28.5,UPI,Online,Gurugram
ORD101247,2024-03-23,C1491,P159,Phone Case V3,Accessories,1,1360,849,15.0,1360,204.0,1156.0,849,307.0,26.56,Cash,Online,Noida
ORD101248,2024-07-09,C1460,P135,Stapler V3,Office,3,7170,4632,0.0,21510,0.0,21510.0,13896,7614.0,35.4,Card,Online,Prayagraj
ORD101249,2025-02-08,C1464,P157,Phone Case V1,Accessories,7,560,464,0.0,3920,0.0,3920.0,3248,672.0,17.14,Card,Online,Lucknow
ORD101250,2024-06-24,C1124,P113,Webcam V2,Electronics,3,2640,1889,0.0,7920,0.0,7920.0,5667,2253.0,28.45,UPI,Online,Kanpur
ORD101251,2024-12-20,C1172,P160,Charging Cable V1,Accessories,2,3270,2329,5.0,6540,327.0,6213.0,4658,1555.0,25.03,UPI,Online,Lucknow
ORD101252,2025-12-06,C1083,P153,Cleaning Kit V3,Home,4,2770,1726,15.0,11080,1662.0,9418.0,6904,2514.0,26.69,UPI,Phone,Delhi
ORD101253,2025-06-09,C1348,P102,Wireless Mouse V3,Electronics,1,3210,2684,5.0,3210,160.5,3049.5,2684,365.5,11.99,Card,Store,Varanasi
ORD101254,2024-05-21,C1099,P109,USB Hub V1,Electronics,3,1970,1209,0.0,5910,0.0,5910.0,3627,2283.0,38.63,UPI,Store,Delhi
ORD101255,2024-08-18,C1307,P117,Bluetooth Speaker V3,Electronics,4,1400,967,10.0,5600,560.0,5040.0,3868,1172.0,23.25,UPI,Online,Mumbai
ORD101256,2024-08-12,C1245,P167,Desk Mat V2,Accessories,1,3170,2059,15.0,3170,475.5,2694.5,2059,635.5,23.59,Net Banking,Online,Lucknow
ORD101257,2025-07-30,C1133,P170,Travel Pouch V2,Accessories,4,1850,1364,5.0,7400,370.0,7030.0,5456,1574.0,22.39,Net Banking,Store,Kanpur
ORD101258,2025-04-27,C1323,P143,Table Clock V2,Home,1,2900,2046,5.0,2900,145.0,2755.0,2046,709.0,25.74,UPI,Online,Mumbai
ORD101259,2024-08-21,C1389,P105,Keyboard V3,Electronics,2,4190,3534,10.0,8380,838.0,7542.0,7068,474.0,6.28,UPI,Store,Noida
ORD101260,2024-09-01,C1447,P125,Desk Lamp V2,Office,1,4970,3317,10.0,4970,497.0,4473.0,3317,1156.0,25.84,Card,Store,Jaipur
ORD101261,2025-10-14,C1114,P123,Office Chair V3,Office,3,4680,3454,10.0,14040,1404.0,12636.0,10362,2274.0,18.0,UPI,Phone,Kanpur
ORD101262,2024-11-13,C1021,P172,Coffee V1,Grocery,1,660,526,10.0,660,66.0,594.0,526,68.0,11.45,UPI,Store,Varanasi
ORD101263,2026-02-09,C1219,P137,Water Bottle V2,Home,3,1800,1202,5.0,5400,270.0,5130.0,3606,1524.0,29.71,UPI,Store,Mumbai
ORD101264,2026-02-22,C1243,P114,Webcam V3,Electronics,2,3680,2607,0.0,7360,0.0,7360.0,5214,2146.0,29.16,Card,Store,Jaipur
ORD101265,2026-02-07,C1326,P118,Notebook V1,Office,2,2820,2304,15.0,5640,846.0,4794.0,4608,186.0,3.88,UPI,Store,Mumbai
ORD101266,2024-02-10,C1303,P111,USB Hub V3,Electronics,1,1850,1273,5.0,1850,92.5,1757.5,1273,484.5,27.57,UPI,Online,Gurugram
ORD101267,2025-06-01,C1385,P114,Webcam V3,Electronics,3,3680,2607,15.0,11040,1656.0,9384.0,7821,1563.0,16.66,UPI,Online,Gurugram
ORD101268,2025-08-02,C1183,P166,Desk Mat V1,Accessories,1,3330,2082,15.0,3330,499.5,2830.5,2082,748.5,26.44,UPI,Store,Agra
ORD101269,2025-06-25,C1008,P141,Storage Box V3,Home,2,2200,1823,5.0,4400,220.0,4180.0,3646,534.0,12.78,Net Banking,Store,Agra
ORD101270,2025-12-01,C1466,P145,Cushion V1,Home,3,920,592,5.0,2760,138.0,2622.0,1776,846.0,32.27,Card,Online,Varanasi
ORD101271,2026-05-08,C1390,P107,Headphones V2,Electronics,2,3120,2535,0.0,6240,0.0,6240.0,5070,1170.0,18.75,UPI,Online,Varanasi
ORD101272,2026-01-11,C1433,P155,Laptop Bag V2,Accessories,1,2620,1779,5.0,2620,131.0,2489.0,1779,710.0,28.53,UPI,Online,Noida
ORD101273,2024-01-31,C1101,P102,Wireless Mouse V3,Electronics,2,3210,2684,20.0,6420,1284.0,5136.0,5368,-232.0,-4.52,Card,Online,Prayagraj
ORD101274,2025-06-27,C1456,P146,Cushion V2,Home,2,3320,2419,10.0,6640,664.0,5976.0,4838,1138.0,19.04,UPI,Store,Agra
ORD101275,2026-03-07,C1421,P176,Tea V2,Grocery,3,920,750,10.0,2760,276.0,2484.0,2250,234.0,9.42,Card,Online,Varanasi
ORD101276,2025-12-05,C1469,P133,Stapler V1,Office,1,6390,4143,10.0,6390,639.0,5751.0,4143,1608.0,27.96,UPI,Online,Mumbai
ORD101277,2025-01-15,C1455,P154,Laptop Bag V1,Accessories,2,3580,2326,10.0,7160,716.0,6444.0,4652,1792.0,27.81,Card,Online,Jaipur
ORD101278,2025-12-01,C1111,P146,Cushion V2,Home,2,3320,2419,5.0,6640,332.0,6308.0,4838,1470.0,23.3,UPI,Online,Delhi
ORD101279,2024-05-03,C1127,P103,Keyboard V1,Electronics,1,4190,2634,5.0,4190,209.5,3980.5,2634,1346.5,33.83,UPI,Online,Gurugram
ORD101280,2025-10-19,C1367,P147,Cushion V3,Home,3,2180,1724,10.0,6540,654.0,5886.0,5172,714.0,12.13,Card,Online,Noida
ORD101281,2024-02-10,C1098,P149,LED Bulb V2,Home,4,1290,1029,0.0,5160,0.0,5160.0,4116,1044.0,20.23,Net Banking,Store,Lucknow
ORD101282,2024-04-21,C1348,P140,Storage Box V2,Home,3,1780,1191,5.0,5340,267.0,5073.0,3573,1500.0,29.57,Card,Store,Varanasi
ORD101283,2024-07-13,C1268,P118,Notebook V1,Office,1,2820,2304,5.0,2820,141.0,2679.0,2304,375.0,14.0,UPI,Store,Noida
ORD101284,2026-05-08,C1058,P152,Cleaning Kit V2,Home,1,3090,2318,10.0,3090,309.0,2781.0,2318,463.0,16.65,Net Banking,Online,Noida
ORD101285,2025-07-21,C1330,P144,Table Clock V3,Home,1,2960,2357,5.0,2960,148.0,2812.0,2357,455.0,16.18,UPI,Store,Prayagraj
ORD101286,2026-01-11,C1487,P147,Cushion V3,Home,2,2180,1724,0.0,4360,0.0,4360.0,3448,912.0,20.92,Card,Store,Kanpur
ORD101287,2025-06-10,C1488,P116,Bluetooth Speaker V2,Electronics,2,4810,3714,5.0,9620,481.0,9139.0,7428,1711.0,18.72,Card,Store,Lucknow
ORD101288,2024-11-25,C1357,P143,Table Clock V2,Home,6,2900,2046,5.0,17400,870.0,16530.0,12276,4254.0,25.74,Net Banking,Store,Kanpur
ORD101289,2025-08-10,C1018,P108,Headphones V3,Electronics,2,4890,3636,0.0,9780,0.0,9780.0,7272,2508.0,25.64,Card,Phone,Prayagraj
ORD101290,2025-01-22,C1291,P164,Power Bank V2,Accessories,1,1150,849,10.0,1150,115.0,1035.0,849,186.0,17.97,UPI,Store,Noida
ORD101291,2025-08-31,C1379,P125,Desk Lamp V2,Office,1,4970,3317,0.0,4970,0.0,4970.0,3317,1653.0,33.26,Card,Phone,Kanpur
ORD101292,2024-09-01,C1250,P168,Desk Mat V3,Accessories,5,2910,2229,15.0,14550,2182.5,12367.5,11145,1222.5,9.88,UPI,Store,Jaipur
ORD101293,2026-06-16,C1217,P114,Webcam V3,Electronics,2,3680,2607,15.0,7360,1104.0,6256.0,5214,1042.0,16.66,UPI,Online,Agra
ORD101294,2024-04-19,C1352,P144,Table Clock V3,Home,3,2960,2357,5.0,8880,444.0,8436.0,7071,1365.0,16.18,Net Banking,Store,Jaipur
ORD101295,2024-07-16,C1445,P131,File Folder V2,Office,4,5150,3339,10.0,20600,2060.0,18540.0,13356,5184.0,27.96,UPI,Online,Lucknow
ORD101296,2025-05-05,C1159,P176,Tea V2,Grocery,2,920,750,0.0,1840,0.0,1840.0,1500,340.0,18.48,UPI,Phone,Lucknow
ORD101297,2026-01-24,C1034,P168,Desk Mat V3,Accessories,1,2910,2229,10.0,2910,291.0,2619.0,2229,390.0,14.89,UPI,Online,Jaipur
ORD101298,2024-08-13,C1139,P115,Bluetooth Speaker V1,Electronics,1,6930,4749,5.0,6930,346.5,6583.5,4749,1834.5,27.87,Card,Store,Kanpur
ORD101299,2025-02-18,C1152,P173,Coffee V2,Grocery,1,930,610,0.0,930,0.0,930.0,610,320.0,34.41,UPI,Store,Prayagraj
ORD101300,2024-03-07,C1237,P171,Travel Pouch V3,Accessories,1,1430,1156,20.0,1430,286.0,1144.0,1156,-12.0,-1.05,Card,Store,Prayagraj
ORD101301,2026-04-12,C1171,P162,Charging Cable V3,Accessories,2,3240,2132,15.0,6480,972.0,5508.0,4264,1244.0,22.59,UPI,Online,Kanpur
ORD101302,2024-09-01,C1006,P108,Headphones V3,Electronics,1,4890,3636,5.0,4890,244.5,4645.5,3636,1009.5,21.73,Cash,Store,Kanpur
ORD101303,2026-06-29,C1127,P166,Desk Mat V1,Accessories,2,3330,2082,0.0,6660,0.0,6660.0,4164,2496.0,37.48,Net Banking,Online,Gurugram
ORD101304,2024-09-10,C1282,P159,Phone Case V3,Accessories,2,1360,849,15.0,2720,408.0,2312.0,1698,614.0,26.56,Card,Store,Varanasi
ORD101305,2026-01-03,C1216,P126,Desk Lamp V3,Office,3,370,241,5.0,1110,55.5,1054.5,723,331.5,31.44,UPI,Online,Mumbai
ORD101306,2025-06-05,C1236,P172,Coffee V1,Grocery,1,660,526,15.0,660,99.0,561.0,526,35.0,6.24,UPI,Online,Agra
ORD101307,2024-11-13,C1140,P124,Desk Lamp V1,Office,2,4350,2868,5.0,8700,435.0,8265.0,5736,2529.0,30.6,UPI,Online,Gurugram
ORD101308,2024-04-20,C1276,P149,LED Bulb V2,Home,1,1290,1029,5.0,1290,64.5,1225.5,1029,196.5,16.03,Net Banking,Online,Agra
ORD101309,2025-11-27,C1285,P157,Phone Case V1,Accessories,4,560,464,5.0,2240,112.0,2128.0,1856,272.0,12.78,Cash,Store,Kanpur
ORD101310,2024-03-19,C1149,P126,Desk Lamp V3,Office,1,370,241,10.0,370,37.0,333.0,241,92.0,27.63,Card,Online,Jaipur
ORD101311,2025-04-12,C1408,P177,Tea V3,Grocery,3,540,388,0.0,1620,0.0,1620.0,1164,456.0,28.15,Net Banking,Online,Gurugram
ORD101312,2024-03-15,C1235,P157,Phone Case V1,Accessories,3,560,464,10.0,1680,168.0,1512.0,1392,120.0,7.94,UPI,Store,Kanpur
ORD101313,2024-05-09,C1251,P147,Cushion V3,Home,5,2180,1724,5.0,10900,545.0,10355.0,8620,1735.0,16.76,UPI,Phone,Jaipur
ORD101314,2025-04-19,C1022,P137,Water Bottle V2,Home,1,1800,1202,15.0,1800,270.0,1530.0,1202,328.0,21.44,Card,Store,Jaipur
ORD101315,2024-04-27,C1005,P174,Coffee V3,Grocery,2,1420,1012,10.0,2840,284.0,2556.0,2024,532.0,20.81,UPI,Store,Delhi
ORD101316,2025-09-05,C1336,P162,Charging Cable V3,Accessories,3,3240,2132,5.0,9720,486.0,9234.0,6396,2838.0,30.73,UPI,Store,Kanpur
ORD101317,2026-01-24,C1314,P149,LED Bulb V2,Home,1,1290,1029,10.0,1290,129.0,1161.0,1029,132.0,11.37,UPI,Online,Lucknow
ORD101318,2024-11-11,C1051,P153,Cleaning Kit V3,Home,1,2770,1726,15.0,2770,415.5,2354.5,1726,628.5,26.69,Cash,Store,Agra
ORD101319,2025-10-08,C1455,P161,Charging Cable V2,Accessories,1,2440,1541,15.0,2440,366.0,2074.0,1541,533.0,25.7,UPI,Phone,Jaipur
ORD101320,2026-02-09,C1181,P120,Notebook V3,Office,5,5080,3876,0.0,25400,0.0,25400.0,19380,6020.0,23.7,UPI,Store,Jaipur
ORD101321,2024-03-10,C1303,P114,Webcam V3,Electronics,4,3680,2607,10.0,14720,1472.0,13248.0,10428,2820.0,21.29,UPI,Store,Gurugram
ORD101322,2025-08-30,C1164,P173,Coffee V2,Grocery,2,930,610,10.0,1860,186.0,1674.0,1220,454.0,27.12,UPI,Store,Prayagraj
ORD101323,2024-10-05,C1282,P106,Headphones V1,Electronics,3,4570,3663,15.0,13710,2056.5,11653.5,10989,664.5,5.7,UPI,Online,Varanasi
ORD101324,2025-05-23,C1356,P107,Headphones V2,Electronics,6,3120,2535,10.0,18720,1872.0,16848.0,15210,1638.0,9.72,Cash,Online,Gurugram
ORD101325,2024-05-09,C1330,P133,Stapler V1,Office,3,6390,4143,10.0,19170,1917.0,17253.0,12429,4824.0,27.96,UPI,Phone,Prayagraj
ORD101326,2024-06-02,C1462,P156,Laptop Bag V3,Accessories,3,1980,1255,5.0,5940,297.0,5643.0,3765,1878.0,33.28,Cash,Online,Lucknow
ORD101327,2024-09-17,C1286,P136,Water Bottle V1,Home,2,1430,1182,10.0,2860,286.0,2574.0,2364,210.0,8.16,Card,Online,Jaipur
ORD101328,2025-07-28,C1129,P178,Biscuits V1,Grocery,3,1460,1162,0.0,4380,0.0,4380.0,3486,894.0,20.41,UPI,Store,Prayagraj
ORD101329,2024-11-16,C1058,P163,Power Bank V1,Accessories,3,510,428,5.0,1530,76.5,1453.5,1284,169.5,11.66,UPI,Store,Noida
ORD101330,2025-03-13,C1355,P145,Cushion V1,Home,1,920,592,10.0,920,92.0,828.0,592,236.0,28.5,UPI,Store,Noida
ORD101331,2024-08-04,C1060,P145,Cushion V1,Home,3,920,592,15.0,2760,414.0,2346.0,1776,570.0,24.3,UPI,Store,Delhi
ORD101332,2024-07-12,C1426,P133,Stapler V1,Office,5,6390,4143,5.0,31950,1597.5,30352.5,20715,9637.5,31.75,UPI,Store,Mumbai
ORD101333,2024-04-16,C1465,P100,Wireless Mouse V1,Electronics,1,3130,2246,20.0,3130,626.0,2504.0,2246,258.0,10.3,UPI,Online,Lucknow
ORD101334,2025-05-20,C1166,P114,Webcam V3,Electronics,1,3680,2607,5.0,3680,184.0,3496.0,2607,889.0,25.43,Net Banking,Online,Lucknow
ORD101335,2026-01-29,C1361,P105,Keyboard V3,Electronics,2,4190,3534,10.0,8380,838.0,7542.0,7068,474.0,6.28,Card,Online,Mumbai
ORD101336,2024-06-26,C1233,P102,Wireless Mouse V3,Electronics,5,3210,2684,10.0,16050,1605.0,14445.0,13420,1025.0,7.1,UPI,Phone,Varanasi
ORD101337,2025-11-24,C1145,P149,LED Bulb V2,Home,6,1290,1029,15.0,7740,1161.0,6579.0,6174,405.0,6.16,Net Banking,Phone,Mumbai
ORD101338,2025-01-09,C1111,P114,Webcam V3,Electronics,6,3680,2607,20.0,22080,4416.0,17664.0,15642,2022.0,11.45,Cash,Online,Delhi
ORD101339,2026-01-31,C1286,P177,Tea V3,Grocery,2,540,388,5.0,1080,54.0,1026.0,776,250.0,24.37,Card,Phone,Jaipur
ORD101340,2025-08-17,C1349,P115,Bluetooth Speaker V1,Electronics,2,6930,4749,0.0,13860,0.0,13860.0,9498,4362.0,31.47,Cash,Phone,Varanasi
ORD101341,2024-01-09,C1419,P128,Printer Paper V2,Office,2,2840,2176,10.0,5680,568.0,5112.0,4352,760.0,14.87,UPI,Online,Agra
ORD101342,2025-02-15,C1438,P130,File Folder V1,Office,1,3130,2238,20.0,3130,626.0,2504.0,2238,266.0,10.62,Card,Online,Kanpur
ORD101343,2026-05-29,C1282,P131,File Folder V2,Office,2,5150,3339,10.0,10300,1030.0,9270.0,6678,2592.0,27.96,UPI,Online,Varanasi
ORD101344,2025-12-23,C1070,P168,Desk Mat V3,Accessories,3,2910,2229,0.0,8730,0.0,8730.0,6687,2043.0,23.4,Net Banking,Store,Agra
ORD101345,2024-07-31,C1310,P140,Storage Box V2,Home,1,1780,1191,15.0,1780,267.0,1513.0,1191,322.0,21.28,UPI,Store,Varanasi
ORD101346,2025-03-02,C1196,P162,Charging Cable V3,Accessories,3,3240,2132,10.0,9720,972.0,8748.0,6396,2352.0,26.89,Net Banking,Online,Gurugram
ORD101347,2024-05-07,C1186,P176,Tea V2,Grocery,4,920,750,0.0,3680,0.0,3680.0,3000,680.0,18.48,UPI,Store,Prayagraj
ORD101348,2025-10-01,C1423,P159,Phone Case V3,Accessories,2,1360,849,10.0,2720,272.0,2448.0,1698,750.0,30.64,UPI,Store,Noida
ORD101349,2024-09-29,C1421,P108,Headphones V3,Electronics,2,4890,3636,15.0,9780,1467.0,8313.0,7272,1041.0,12.52,Net Banking,Online,Varanasi
ORD101350,2024-12-19,C1207,P132,File Folder V3,Office,1,4410,2825,5.0,4410,220.5,4189.5,2825,1364.5,32.57,UPI,Online,Agra
ORD101351,2025-03-03,C1220,P158,Phone Case V2,Accessories,4,2660,1753,10.0,10640,1064.0,9576.0,7012,2564.0,26.78,UPI,Store,Agra
ORD101352,2024-03-05,C1189,P153,Cleaning Kit V3,Home,1,2770,1726,0.0,2770,0.0,2770.0,1726,1044.0,37.69,Cash,Store,Kanpur
ORD101353,2025-02-04,C1125,P152,Cleaning Kit V2,Home,2,3090,2318,0.0,6180,0.0,6180.0,4636,1544.0,24.98,UPI,Online,Mumbai
ORD101354,2025-10-11,C1485,P152,Cleaning Kit V2,Home,1,3090,2318,0.0,3090,0.0,3090.0,2318,772.0,24.98,Card,Store,Delhi
ORD101355,2025-09-25,C1214,P115,Bluetooth Speaker V1,Electronics,2,6930,4749,15.0,13860,2079.0,11781.0,9498,2283.0,19.38,Card,Online,Agra
ORD101356,2024-04-09,C1143,P176,Tea V2,Grocery,1,920,750,0.0,920,0.0,920.0,750,170.0,18.48,UPI,Online,Gurugram
ORD101357,2025-08-12,C1140,P131,File Folder V2,Office,2,5150,3339,15.0,10300,1545.0,8755.0,6678,2077.0,23.72,UPI,Store,Gurugram
ORD101358,2025-06-28,C1436,P171,Travel Pouch V3,Accessories,1,1430,1156,5.0,1430,71.5,1358.5,1156,202.5,14.91,UPI,Store,Jaipur
ORD101359,2024-10-05,C1458,P132,File Folder V3,Office,4,4410,2825,10.0,17640,1764.0,15876.0,11300,4576.0,28.82,Card,Store,Delhi
ORD101360,2025-04-10,C1219,P134,Stapler V2,Office,4,5250,3976,10.0,21000,2100.0,18900.0,15904,2996.0,15.85,UPI,Online,Mumbai
ORD101361,2025-05-25,C1094,P173,Coffee V2,Grocery,1,930,610,15.0,930,139.5,790.5,610,180.5,22.83,Card,Store,Lucknow
ORD101362,2024-05-14,C1082,P106,Headphones V1,Electronics,1,4570,3663,0.0,4570,0.0,4570.0,3663,907.0,19.85,Card,Online,Noida
ORD101363,2025-02-02,C1099,P166,Desk Mat V1,Accessories,3,3330,2082,10.0,9990,999.0,8991.0,6246,2745.0,30.53,UPI,Online,Delhi
ORD101364,2025-07-15,C1406,P139,Storage Box V1,Home,4,2100,1652,20.0,8400,1680.0,6720.0,6608,112.0,1.67,Net Banking,Store,Delhi
ORD101365,2025-10-02,C1252,P137,Water Bottle V2,Home,1,1800,1202,10.0,1800,180.0,1620.0,1202,418.0,25.8,Net Banking,Store,Agra
ORD101366,2025-06-21,C1285,P133,Stapler V1,Office,2,6390,4143,0.0,12780,0.0,12780.0,8286,4494.0,35.16,UPI,Store,Kanpur
ORD101367,2024-10-05,C1429,P129,Printer Paper V3,Office,1,7700,4733,5.0,7700,385.0,7315.0,4733,2582.0,35.3,Cash,Store,Delhi
ORD101368,2025-11-28,C1056,P100,Wireless Mouse V1,Electronics,3,3130,2246,0.0,9390,0.0,9390.0,6738,2652.0,28.24,UPI,Online,Gurugram
ORD101369,2025-10-26,C1437,P172,Coffee V1,Grocery,2,660,526,0.0,1320,0.0,1320.0,1052,268.0,20.3,UPI,Phone,Gurugram
ORD101370,2024-05-15,C1420,P144,Table Clock V3,Home,1,2960,2357,0.0,2960,0.0,2960.0,2357,603.0,20.37,Card,Store,Agra
ORD101371,2024-12-10,C1016,P155,Laptop Bag V2,Accessories,8,2620,1779,10.0,20960,2096.0,18864.0,14232,4632.0,24.55,Card,Online,Varanasi
ORD101372,2026-03-22,C1446,P101,Wireless Mouse V2,Electronics,1,2890,2270,15.0,2890,433.5,2456.5,2270,186.5,7.59,UPI,Online,Noida
ORD101373,2024-07-29,C1145,P129,Printer Paper V3,Office,3,7700,4733,0.0,23100,0.0,23100.0,14199,8901.0,38.53,Card,Online,Mumbai
ORD101374,2025-08-02,C1364,P116,Bluetooth Speaker V2,Electronics,1,4810,3714,15.0,4810,721.5,4088.5,3714,374.5,9.16,UPI,Store,Agra
ORD101375,2025-05-06,C1045,P150,LED Bulb V3,Home,4,2960,2119,5.0,11840,592.0,11248.0,8476,2772.0,24.64,UPI,Store,Delhi
ORD101376,2026-04-21,C1130,P167,Desk Mat V2,Accessories,2,3170,2059,15.0,6340,951.0,5389.0,4118,1271.0,23.59,Cash,Online,Prayagraj
ORD101377,2024-01-28,C1148,P135,Stapler V3,Office,1,7170,4632,15.0,7170,1075.5,6094.5,4632,1462.5,24.0,Card,Online,Delhi
ORD101378,2026-04-21,C1188,P110,USB Hub V2,Electronics,1,980,657,10.0,980,98.0,882.0,657,225.0,25.51,Card,Online,Prayagraj
ORD101379,2025-05-09,C1099,P122,Office Chair V2,Office,3,4160,2937,5.0,12480,624.0,11856.0,8811,3045.0,25.68,Card,Store,Delhi
ORD101380,2024-07-24,C1077,P116,Bluetooth Speaker V2,Electronics,2,4810,3714,5.0,9620,481.0,9139.0,7428,1711.0,18.72,Card,Online,Lucknow
ORD101381,2024-08-15,C1482,P105,Keyboard V3,Electronics,2,4190,3534,10.0,8380,838.0,7542.0,7068,474.0,6.28,Card,Store,Agra
ORD101382,2025-03-02,C1436,P114,Webcam V3,Electronics,1,3680,2607,10.0,3680,368.0,3312.0,2607,705.0,21.29,UPI,Store,Jaipur
ORD101383,2024-03-13,C1214,P103,Keyboard V1,Electronics,4,4190,2634,10.0,16760,1676.0,15084.0,10536,4548.0,30.15,UPI,Store,Agra
ORD101384,2026-01-24,C1144,P117,Bluetooth Speaker V3,Electronics,2,1400,967,15.0,2800,420.0,2380.0,1934,446.0,18.74,UPI,Online,Noida
ORD101385,2025-09-22,C1203,P135,Stapler V3,Office,4,7170,4632,10.0,28680,2868.0,25812.0,18528,7284.0,28.22,UPI,Store,Mumbai
ORD101386,2024-02-24,C1307,P103,Keyboard V1,Electronics,2,4190,2634,10.0,8380,838.0,7542.0,5268,2274.0,30.15,Card,Online,Mumbai
ORD101387,2025-02-23,C1364,P119,Notebook V2,Office,2,3040,2028,5.0,6080,304.0,5776.0,4056,1720.0,29.78,UPI,Store,Agra
ORD101388,2024-12-20,C1203,P132,File Folder V3,Office,3,4410,2825,0.0,13230,0.0,13230.0,8475,4755.0,35.94,Net Banking,Store,Mumbai
ORD101389,2025-05-25,C1345,P177,Tea V3,Grocery,4,540,388,0.0,2160,0.0,2160.0,1552,608.0,28.15,UPI,Phone,Delhi
ORD101390,2025-10-20,C1429,P102,Wireless Mouse V3,Electronics,1,3210,2684,5.0,3210,160.5,3049.5,2684,365.5,11.99,Net Banking,Store,Delhi
ORD101391,2025-05-11,C1054,P134,Stapler V2,Office,6,5250,3976,10.0,31500,3150.0,28350.0,23856,4494.0,15.85,UPI,Store,Mumbai
ORD101392,2024-06-30,C1238,P108,Headphones V3,Electronics,3,4890,3636,0.0,14670,0.0,14670.0,10908,3762.0,25.64,Cash,Store,Noida
ORD101393,2024-06-24,C1261,P172,Coffee V1,Grocery,1,660,526,0.0,660,0.0,660.0,526,134.0,20.3,UPI,Store,Kanpur
ORD101394,2024-10-07,C1427,P157,Phone Case V1,Accessories,6,560,464,0.0,3360,0.0,3360.0,2784,576.0,17.14,Cash,Online,Lucknow
ORD101395,2024-05-18,C1121,P135,Stapler V3,Office,2,7170,4632,15.0,14340,2151.0,12189.0,9264,2925.0,24.0,Card,Online,Lucknow
ORD101396,2025-10-27,C1120,P121,Office Chair V1,Office,6,6460,4606,0.0,38760,0.0,38760.0,27636,11124.0,28.7,Net Banking,Online,Agra
ORD101397,2026-03-17,C1000,P140,Storage Box V2,Home,3,1780,1191,15.0,5340,801.0,4539.0,3573,966.0,21.28,UPI,Store,Varanasi
ORD101398,2025-09-02,C1150,P153,Cleaning Kit V3,Home,1,2770,1726,0.0,2770,0.0,2770.0,1726,1044.0,37.69,UPI,Online,Jaipur
ORD101399,2024-03-05,C1068,P166,Desk Mat V1,Accessories,2,3330,2082,10.0,6660,666.0,5994.0,4164,1830.0,30.53,UPI,Online,Mumbai
ORD101400,2025-05-09,C1268,P144,Table Clock V3,Home,7,2960,2357,10.0,20720,2072.0,18648.0,16499,2149.0,11.52,Card,Online,Noida
ORD101401,2025-06-14,C1099,P173,Coffee V2,Grocery,1,930,610,0.0,930,0.0,930.0,610,320.0,34.41,Card,Online,Delhi
ORD101402,2024-06-12,C1070,P116,Bluetooth Speaker V2,Electronics,2,4810,3714,0.0,9620,0.0,9620.0,7428,2192.0,22.79,UPI,Online,Agra
ORD101403,2025-01-17,C1120,P100,Wireless Mouse V1,Electronics,4,3130,2246,5.0,12520,626.0,11894.0,8984,2910.0,24.47,UPI,Online,Agra
ORD101404,2024-10-30,C1466,P155,Laptop Bag V2,Accessories,1,2620,1779,0.0,2620,0.0,2620.0,1779,841.0,32.1,UPI,Online,Varanasi
ORD101405,2025-10-17,C1334,P117,Bluetooth Speaker V3,Electronics,2,1400,967,0.0,2800,0.0,2800.0,1934,866.0,30.93,Net Banking,Online,Lucknow
ORD101406,2026-02-18,C1203,P157,Phone Case V1,Accessories,1,560,464,15.0,560,84.0,476.0,464,12.0,2.52,Card,Store,Mumbai
ORD101407,2026-01-15,C1309,P146,Cushion V2,Home,8,3320,2419,15.0,26560,3984.0,22576.0,19352,3224.0,14.28,Cash,Store,Prayagraj
ORD101408,2026-02-17,C1442,P119,Notebook V2,Office,1,3040,2028,10.0,3040,304.0,2736.0,2028,708.0,25.88,UPI,Store,Delhi
ORD101409,2026-03-20,C1343,P147,Cushion V3,Home,4,2180,1724,0.0,8720,0.0,8720.0,6896,1824.0,20.92,UPI,Store,Gurugram
ORD101410,2024-07-17,C1403,P134,Stapler V2,Office,1,5250,3976,10.0,5250,525.0,4725.0,3976,749.0,15.85,UPI,Phone,Lucknow
ORD101411,2024-07-07,C1331,P164,Power Bank V2,Accessories,2,1150,849,5.0,2300,115.0,2185.0,1698,487.0,22.29,UPI,Online,Kanpur
ORD101412,2025-11-09,C1027,P179,Biscuits V2,Grocery,2,1150,889,10.0,2300,230.0,2070.0,1778,292.0,14.11,UPI,Online,Jaipur
ORD101413,2024-04-21,C1360,P144,Table Clock V3,Home,4,2960,2357,10.0,11840,1184.0,10656.0,9428,1228.0,11.52,UPI,Online,Lucknow
ORD101414,2024-03-01,C1363,P160,Charging Cable V1,Accessories,1,3270,2329,10.0,3270,327.0,2943.0,2329,614.0,20.86,Net Banking,Online,Mumbai
ORD101415,2025-11-24,C1422,P175,Tea V1,Grocery,2,1390,900,0.0,2780,0.0,2780.0,1800,980.0,35.25,UPI,Online,Agra
ORD101416,2025-05-05,C1152,P167,Desk Mat V2,Accessories,2,3170,2059,15.0,6340,951.0,5389.0,4118,1271.0,23.59,UPI,Online,Prayagraj
ORD101417,2026-04-27,C1473,P155,Laptop Bag V2,Accessories,3,2620,1779,5.0,7860,393.0,7467.0,5337,2130.0,28.53,UPI,Phone,Kanpur
ORD101418,2025-08-19,C1499,P165,Power Bank V3,Accessories,2,1990,1688,20.0,3980,796.0,3184.0,3376,-192.0,-6.03,UPI,Online,Varanasi
ORD101419,2025-06-25,C1124,P115,Bluetooth Speaker V1,Electronics,1,6930,4749,15.0,6930,1039.5,5890.5,4749,1141.5,19.38,UPI,Store,Kanpur
ORD101420,2025-08-17,C1418,P159,Phone Case V3,Accessories,5,1360,849,0.0,6800,0.0,6800.0,4245,2555.0,37.57,Card,Online,Delhi
ORD101421,2026-05-28,C1179,P122,Office Chair V2,Office,1,4160,2937,5.0,4160,208.0,3952.0,2937,1015.0,25.68,Cash,Online,Delhi
ORD101422,2024-04-19,C1036,P139,Storage Box V1,Home,1,2100,1652,0.0,2100,0.0,2100.0,1652,448.0,21.33,Card,Online,Delhi
ORD101423,2026-04-16,C1260,P125,Desk Lamp V2,Office,5,4970,3317,0.0,24850,0.0,24850.0,16585,8265.0,33.26,Card,Online,Prayagraj
ORD101424,2025-12-05,C1317,P106,Headphones V1,Electronics,5,4570,3663,0.0,22850,0.0,22850.0,18315,4535.0,19.85,UPI,Online,Delhi
ORD101425,2026-01-06,C1330,P166,Desk Mat V1,Accessories,2,3330,2082,10.0,6660,666.0,5994.0,4164,1830.0,30.53,UPI,Online,Prayagraj
ORD101426,2025-05-03,C1180,P176,Tea V2,Grocery,2,920,750,15.0,1840,276.0,1564.0,1500,64.0,4.09,Card,Online,Noida
ORD101427,2026-06-21,C1272,P147,Cushion V3,Home,4,2180,1724,10.0,8720,872.0,7848.0,6896,952.0,12.13,Net Banking,Online,Lucknow
ORD101428,2026-03-25,C1134,P113,Webcam V2,Electronics,3,2640,1889,10.0,7920,792.0,7128.0,5667,1461.0,20.5,UPI,Store,Agra
ORD101429,2025-08-01,C1003,P100,Wireless Mouse V1,Electronics,5,3130,2246,0.0,15650,0.0,15650.0,11230,4420.0,28.24,Card,Online,Prayagraj
ORD101430,2024-08-21,C1350,P157,Phone Case V1,Accessories,2,560,464,20.0,1120,224.0,896.0,928,-32.0,-3.57,Cash,Store,Noida
ORD101431,2026-02-12,C1448,P179,Biscuits V2,Grocery,4,1150,889,20.0,4600,920.0,3680.0,3556,124.0,3.37,UPI,Store,Agra
ORD101432,2025-02-05,C1273,P176,Tea V2,Grocery,1,920,750,10.0,920,92.0,828.0,750,78.0,9.42,Cash,Phone,Kanpur
ORD101433,2025-11-21,C1223,P113,Webcam V2,Electronics,2,2640,1889,10.0,5280,528.0,4752.0,3778,974.0,20.5,Cash,Phone,Prayagraj
ORD101434,2025-08-26,C1266,P178,Biscuits V1,Grocery,5,1460,1162,5.0,7300,365.0,6935.0,5810,1125.0,16.22,UPI,Online,Delhi
ORD101435,2025-07-24,C1286,P163,Power Bank V1,Accessories,1,510,428,20.0,510,102.0,408.0,428,-20.0,-4.9,Card,Store,Jaipur
ORD101436,2025-09-09,C1493,P174,Coffee V3,Grocery,4,1420,1012,5.0,5680,284.0,5396.0,4048,1348.0,24.98,Card,Store,Delhi
ORD101437,2024-06-11,C1059,P128,Printer Paper V2,Office,3,2840,2176,5.0,8520,426.0,8094.0,6528,1566.0,19.35,Card,Online,Delhi
ORD101438,2024-06-25,C1488,P131,File Folder V2,Office,1,5150,3339,10.0,5150,515.0,4635.0,3339,1296.0,27.96,Card,Online,Lucknow
ORD101439,2024-09-25,C1038,P122,Office Chair V2,Office,3,4160,2937,10.0,12480,1248.0,11232.0,8811,2421.0,21.55,Card,Store,Varanasi
ORD101440,2025-10-11,C1373,P171,Travel Pouch V3,Accessories,4,1430,1156,20.0,5720,1144.0,4576.0,4624,-48.0,-1.05,UPI,Online,Gurugram
ORD101441,2025-03-03,C1295,P136,Water Bottle V1,Home,1,1430,1182,0.0,1430,0.0,1430.0,1182,248.0,17.34,Card,Store,Lucknow
ORD101442,2024-06-20,C1217,P108,Headphones V3,Electronics,2,4890,3636,0.0,9780,0.0,9780.0,7272,2508.0,25.64,UPI,Store,Agra
ORD101443,2026-04-27,C1355,P105,Keyboard V3,Electronics,3,4190,3534,10.0,12570,1257.0,11313.0,10602,711.0,6.28,Cash,Online,Noida
ORD101444,2024-11-09,C1174,P165,Power Bank V3,Accessories,2,1990,1688,0.0,3980,0.0,3980.0,3376,604.0,15.18,UPI,Store,Varanasi
ORD101445,2025-12-14,C1141,P177,Tea V3,Grocery,1,540,388,10.0,540,54.0,486.0,388,98.0,20.16,UPI,Phone,Noida
ORD101446,2025-11-21,C1365,P118,Notebook V1,Office,4,2820,2304,5.0,11280,564.0,10716.0,9216,1500.0,14.0,Net Banking,Online,Jaipur
ORD101447,2024-11-23,C1249,P175,Tea V1,Grocery,1,1390,900,10.0,1390,139.0,1251.0,900,351.0,28.06,Net Banking,Store,Kanpur
ORD101448,2024-07-11,C1440,P161,Charging Cable V2,Accessories,1,2440,1541,15.0,2440,366.0,2074.0,1541,533.0,25.7,Card,Phone,Delhi
ORD101449,2024-10-27,C1266,P171,Travel Pouch V3,Accessories,2,1430,1156,15.0,2860,429.0,2431.0,2312,119.0,4.9,UPI,Store,Delhi
ORD101450,2026-01-28,C1260,P162,Charging Cable V3,Accessories,3,3240,2132,5.0,9720,486.0,9234.0,6396,2838.0,30.73,UPI,Store,Prayagraj
ORD101451,2024-01-23,C1417,P166,Desk Mat V1,Accessories,3,3330,2082,10.0,9990,999.0,8991.0,6246,2745.0,30.53,UPI,Store,Prayagraj
ORD101452,2024-05-15,C1095,P117,Bluetooth Speaker V3,Electronics,1,1400,967,5.0,1400,70.0,1330.0,967,363.0,27.29,Card,Online,Agra
ORD101453,2024-05-17,C1361,P103,Keyboard V1,Electronics,1,4190,2634,5.0,4190,209.5,3980.5,2634,1346.5,33.83,UPI,Store,Mumbai
ORD101454,2026-03-18,C1231,P150,LED Bulb V3,Home,3,2960,2119,0.0,8880,0.0,8880.0,6357,2523.0,28.41,Cash,Online,Gurugram
ORD101455,2025-04-18,C1376,P122,Office Chair V2,Office,2,4160,2937,10.0,8320,832.0,7488.0,5874,1614.0,21.55,Net Banking,Online,Varanasi
ORD101456,2024-05-20,C1333,P165,Power Bank V3,Accessories,1,1990,1688,15.0,1990,298.5,1691.5,1688,3.5,0.21,Card,Store,Prayagraj
ORD101457,2024-07-17,C1283,P145,Cushion V1,Home,7,920,592,0.0,6440,0.0,6440.0,4144,2296.0,35.65,Net Banking,Online,Lucknow
ORD101458,2025-04-05,C1137,P161,Charging Cable V2,Accessories,2,2440,1541,10.0,4880,488.0,4392.0,3082,1310.0,29.83,UPI,Online,Mumbai
ORD101459,2025-05-17,C1451,P120,Notebook V3,Office,1,5080,3876,5.0,5080,254.0,4826.0,3876,950.0,19.69,Net Banking,Store,Delhi
ORD101460,2025-10-07,C1370,P164,Power Bank V2,Accessories,3,1150,849,10.0,3450,345.0,3105.0,2547,558.0,17.97,UPI,Online,Delhi
ORD101461,2025-12-28,C1115,P113,Webcam V2,Electronics,1,2640,1889,20.0,2640,528.0,2112.0,1889,223.0,10.56,Net Banking,Online,Delhi
ORD101462,2025-02-27,C1271,P149,LED Bulb V2,Home,1,1290,1029,10.0,1290,129.0,1161.0,1029,132.0,11.37,UPI,Online,Delhi
ORD101463,2025-06-11,C1308,P153,Cleaning Kit V3,Home,2,2770,1726,5.0,5540,277.0,5263.0,3452,1811.0,34.41,UPI,Store,Mumbai
ORD101464,2024-06-25,C1353,P101,Wireless Mouse V2,Electronics,2,2890,2270,10.0,5780,578.0,5202.0,4540,662.0,12.73,Net Banking,Store,Varanasi
ORD101465,2024-07-13,C1186,P165,Power Bank V3,Accessories,1,1990,1688,5.0,1990,99.5,1890.5,1688,202.5,10.71,Card,Online,Prayagraj
ORD101466,2024-08-12,C1309,P160,Charging Cable V1,Accessories,3,3270,2329,15.0,9810,1471.5,8338.5,6987,1351.5,16.21,Card,Store,Prayagraj
ORD101467,2024-02-10,C1455,P121,Office Chair V1,Office,2,6460,4606,5.0,12920,646.0,12274.0,9212,3062.0,24.95,UPI,Store,Jaipur
ORD101468,2025-11-10,C1277,P147,Cushion V3,Home,1,2180,1724,0.0,2180,0.0,2180.0,1724,456.0,20.92,Card,Phone,Mumbai
ORD101469,2024-06-06,C1018,P154,Laptop Bag V1,Accessories,1,3580,2326,5.0,3580,179.0,3401.0,2326,1075.0,31.61,Card,Online,Prayagraj
ORD101470,2025-02-20,C1295,P128,Printer Paper V2,Office,1,2840,2176,15.0,2840,426.0,2414.0,2176,238.0,9.86,UPI,Store,Lucknow
ORD101471,2024-04-29,C1024,P124,Desk Lamp V1,Office,1,4350,2868,15.0,4350,652.5,3697.5,2868,829.5,22.43,UPI,Online,Mumbai
ORD101472,2026-04-18,C1159,P175,Tea V1,Grocery,4,1390,900,10.0,5560,556.0,5004.0,3600,1404.0,28.06,UPI,Online,Lucknow
ORD101473,2024-07-20,C1449,P117,Bluetooth Speaker V3,Electronics,3,1400,967,5.0,4200,210.0,3990.0,2901,1089.0,27.29,Card,Online,Kanpur
ORD101474,2024-07-10,C1033,P133,Stapler V1,Office,2,6390,4143,0.0,12780,0.0,12780.0,8286,4494.0,35.16,Card,Online,Jaipur
ORD101475,2024-11-22,C1113,P128,Printer Paper V2,Office,2,2840,2176,10.0,5680,568.0,5112.0,4352,760.0,14.87,Card,Online,Agra
ORD101476,2024-12-29,C1215,P136,Water Bottle V1,Home,1,1430,1182,10.0,1430,143.0,1287.0,1182,105.0,8.16,UPI,Online,Lucknow
ORD101477,2025-08-28,C1477,P179,Biscuits V2,Grocery,3,1150,889,15.0,3450,517.5,2932.5,2667,265.5,9.05,Net Banking,Store,Delhi
ORD101478,2024-12-21,C1276,P152,Cleaning Kit V2,Home,3,3090,2318,0.0,9270,0.0,9270.0,6954,2316.0,24.98,UPI,Online,Agra
ORD101479,2025-07-29,C1288,P168,Desk Mat V3,Accessories,2,2910,2229,10.0,5820,582.0,5238.0,4458,780.0,14.89,Cash,Online,Kanpur
ORD101480,2026-04-10,C1084,P105,Keyboard V3,Electronics,5,4190,3534,10.0,20950,2095.0,18855.0,17670,1185.0,6.28,UPI,Store,Gurugram
ORD101481,2024-06-17,C1196,P168,Desk Mat V3,Accessories,4,2910,2229,15.0,11640,1746.0,9894.0,8916,978.0,9.88,Card,Store,Gurugram
ORD101482,2025-09-29,C1217,P127,Printer Paper V1,Office,2,6100,4997,10.0,12200,1220.0,10980.0,9994,986.0,8.98,UPI,Store,Agra
ORD101483,2024-01-21,C1181,P162,Charging Cable V3,Accessories,3,3240,2132,5.0,9720,486.0,9234.0,6396,2838.0,30.73,Card,Store,Jaipur
ORD101484,2025-04-17,C1384,P102,Wireless Mouse V3,Electronics,2,3210,2684,10.0,6420,642.0,5778.0,5368,410.0,7.1,UPI,Store,Noida
ORD101485,2024-07-22,C1201,P153,Cleaning Kit V3,Home,1,2770,1726,15.0,2770,415.5,2354.5,1726,628.5,26.69,Net Banking,Online,Agra
ORD101486,2026-04-09,C1426,P177,Tea V3,Grocery,2,540,388,20.0,1080,216.0,864.0,776,88.0,10.19,Card,Store,Mumbai
ORD101487,2025-02-23,C1498,P169,Travel Pouch V1,Accessories,5,2560,1733,10.0,12800,1280.0,11520.0,8665,2855.0,24.78,Cash,Online,Delhi
ORD101488,2025-03-24,C1097,P117,Bluetooth Speaker V3,Electronics,1,1400,967,10.0,1400,140.0,1260.0,967,293.0,23.25,UPI,Online,Gurugram
ORD101489,2025-12-08,C1287,P109,USB Hub V1,Electronics,3,1970,1209,15.0,5910,886.5,5023.5,3627,1396.5,27.8,Cash,Store,Varanasi
ORD101490,2024-09-20,C1432,P123,Office Chair V3,Office,1,4680,3454,15.0,4680,702.0,3978.0,3454,524.0,13.17,UPI,Phone,Mumbai
ORD101491,2024-08-14,C1272,P141,Storage Box V3,Home,3,2200,1823,5.0,6600,330.0,6270.0,5469,801.0,12.78,Card,Online,Lucknow
ORD101492,2025-07-20,C1355,P120,Notebook V3,Office,1,5080,3876,10.0,5080,508.0,4572.0,3876,696.0,15.22,UPI,Online,Noida
ORD101493,2025-02-03,C1066,P170,Travel Pouch V2,Accessories,1,1850,1364,0.0,1850,0.0,1850.0,1364,486.0,26.27,UPI,Online,Noida
ORD101494,2025-08-26,C1273,P131,File Folder V2,Office,1,5150,3339,10.0,5150,515.0,4635.0,3339,1296.0,27.96,Net Banking,Online,Kanpur
ORD101495,2024-07-14,C1283,P152,Cleaning Kit V2,Home,1,3090,2318,15.0,3090,463.5,2626.5,2318,308.5,11.75,UPI,Store,Lucknow
ORD101496,2024-03-28,C1145,P115,Bluetooth Speaker V1,Electronics,2,6930,4749,15.0,13860,2079.0,11781.0,9498,2283.0,19.38,Net Banking,Online,Mumbai
ORD101497,2025-05-24,C1401,P167,Desk Mat V2,Accessories,1,3170,2059,10.0,3170,317.0,2853.0,2059,794.0,27.83,UPI,Online,Gurugram
ORD101498,2024-02-04,C1389,P125,Desk Lamp V2,Office,3,4970,3317,10.0,14910,1491.0,13419.0,9951,3468.0,25.84,UPI,Store,Noida
ORD101499,2025-10-28,C1462,P144,Table Clock V3,Home,4,2960,2357,5.0,11840,592.0,11248.0,9428,1820.0,16.18,UPI,Store,Lucknow
ORD101500,2025-02-25,C1373,P133,Stapler V1,Office,2,6390,4143,15.0,12780,1917.0,10863.0,8286,2577.0,23.72,Cash,Online,Gurugram
ORD101501,2025-04-02,C1372,P108,Headphones V3,Electronics,2,4890,3636,10.0,9780,978.0,8802.0,7272,1530.0,17.38,UPI,Store,Agra
ORD101502,2025-01-03,C1179,P133,Stapler V1,Office,3,6390,4143,5.0,19170,958.5,18211.5,12429,5782.5,31.75,Net Banking,Store,Delhi
ORD101503,2026-01-24,C1105,P170,Travel Pouch V2,Accessories,1,1850,1364,0.0,1850,0.0,1850.0,1364,486.0,26.27,UPI,Online,Lucknow
ORD101504,2026-02-08,C1481,P160,Charging Cable V1,Accessories,6,3270,2329,15.0,19620,2943.0,16677.0,13974,2703.0,16.21,Card,Online,Lucknow
ORD101505,2026-04-26,C1169,P175,Tea V1,Grocery,2,1390,900,5.0,2780,139.0,2641.0,1800,841.0,31.84,Card,Phone,Agra
ORD101506,2024-05-15,C1413,P176,Tea V2,Grocery,1,920,750,5.0,920,46.0,874.0,750,124.0,14.19,UPI,Store,Delhi
ORD101507,2025-08-17,C1049,P124,Desk Lamp V1,Office,2,4350,2868,10.0,8700,870.0,7830.0,5736,2094.0,26.74,Net Banking,Online,Lucknow
ORD101508,2026-01-28,C1185,P179,Biscuits V2,Grocery,3,1150,889,0.0,3450,0.0,3450.0,2667,783.0,22.7,Card,Online,Jaipur
ORD101509,2026-01-14,C1464,P165,Power Bank V3,Accessories,1,1990,1688,0.0,1990,0.0,1990.0,1688,302.0,15.18,Card,Store,Lucknow
ORD101510,2025-01-21,C1382,P120,Notebook V3,Office,1,5080,3876,5.0,5080,254.0,4826.0,3876,950.0,19.69,UPI,Online,Delhi
ORD101511,2025-08-23,C1386,P129,Printer Paper V3,Office,3,7700,4733,0.0,23100,0.0,23100.0,14199,8901.0,38.53,UPI,Online,Delhi
ORD101512,2026-03-07,C1442,P135,Stapler V3,Office,3,7170,4632,0.0,21510,0.0,21510.0,13896,7614.0,35.4,Card,Phone,Delhi
ORD101513,2026-06-25,C1240,P125,Desk Lamp V2,Office,3,4970,3317,0.0,14910,0.0,14910.0,9951,4959.0,33.26,Cash,Online,Kanpur
ORD101514,2024-03-02,C1200,P178,Biscuits V1,Grocery,3,1460,1162,15.0,4380,657.0,3723.0,3486,237.0,6.37,Card,Online,Lucknow
ORD101515,2025-01-09,C1290,P142,Table Clock V1,Home,3,2610,1876,5.0,7830,391.5,7438.5,5628,1810.5,24.34,Card,Online,Agra
ORD101516,2026-05-28,C1015,P168,Desk Mat V3,Accessories,5,2910,2229,0.0,14550,0.0,14550.0,11145,3405.0,23.4,Net Banking,Store,Lucknow
ORD101517,2024-04-16,C1494,P151,Cleaning Kit V1,Home,1,2890,1977,10.0,2890,289.0,2601.0,1977,624.0,23.99,Cash,Online,Noida
ORD101518,2024-06-29,C1173,P114,Webcam V3,Electronics,2,3680,2607,10.0,7360,736.0,6624.0,5214,1410.0,21.29,Card,Store,Delhi
ORD101519,2025-01-28,C1335,P162,Charging Cable V3,Accessories,1,3240,2132,0.0,3240,0.0,3240.0,2132,1108.0,34.2,Cash,Store,Prayagraj
ORD101520,2024-12-23,C1425,P119,Notebook V2,Office,3,3040,2028,5.0,9120,456.0,8664.0,6084,2580.0,29.78,Card,Online,Lucknow
ORD101521,2025-04-01,C1009,P120,Notebook V3,Office,6,5080,3876,15.0,30480,4572.0,25908.0,23256,2652.0,10.24,Net Banking,Store,Prayagraj
ORD101522,2024-09-13,C1276,P121,Office Chair V1,Office,3,6460,4606,10.0,19380,1938.0,17442.0,13818,3624.0,20.78,Net Banking,Online,Agra
ORD101523,2025-09-14,C1174,P124,Desk Lamp V1,Office,4,4350,2868,10.0,17400,1740.0,15660.0,11472,4188.0,26.74,UPI,Online,Varanasi
ORD101524,2025-01-20,C1207,P128,Printer Paper V2,Office,1,2840,2176,10.0,2840,284.0,2556.0,2176,380.0,14.87,UPI,Online,Agra
ORD101525,2026-04-15,C1434,P132,File Folder V3,Office,2,4410,2825,10.0,8820,882.0,7938.0,5650,2288.0,28.82,UPI,Online,Kanpur
ORD101526,2025-12-23,C1017,P105,Keyboard V3,Electronics,1,4190,3534,10.0,4190,419.0,3771.0,3534,237.0,6.28,UPI,Online,Lucknow
ORD101527,2025-12-03,C1481,P124,Desk Lamp V1,Office,5,4350,2868,5.0,21750,1087.5,20662.5,14340,6322.5,30.6,UPI,Online,Lucknow
ORD101528,2024-06-16,C1281,P137,Water Bottle V2,Home,1,1800,1202,0.0,1800,0.0,1800.0,1202,598.0,33.22,Net Banking,Online,Kanpur
ORD101529,2024-04-12,C1198,P171,Travel Pouch V3,Accessories,3,1430,1156,10.0,4290,429.0,3861.0,3468,393.0,10.18,Card,Online,Delhi
ORD101530,2024-11-21,C1037,P122,Office Chair V2,Office,3,4160,2937,0.0,12480,0.0,12480.0,8811,3669.0,29.4,Cash,Online,Lucknow
ORD101531,2026-02-20,C1464,P133,Stapler V1,Office,3,6390,4143,5.0,19170,958.5,18211.5,12429,5782.5,31.75,UPI,Store,Lucknow
ORD101532,2024-04-26,C1206,P115,Bluetooth Speaker V1,Electronics,4,6930,4749,15.0,27720,4158.0,23562.0,18996,4566.0,19.38,UPI,Online,Jaipur
ORD101533,2024-01-09,C1202,P105,Keyboard V3,Electronics,2,4190,3534,5.0,8380,419.0,7961.0,7068,893.0,11.22,UPI,Store,Prayagraj
ORD101534,2025-11-26,C1156,P152,Cleaning Kit V2,Home,2,3090,2318,0.0,6180,0.0,6180.0,4636,1544.0,24.98,Cash,Online,Agra
ORD101535,2026-06-17,C1405,P126,Desk Lamp V3,Office,1,370,241,15.0,370,55.5,314.5,241,73.5,23.37,Net Banking,Online,Agra
ORD101536,2024-06-09,C1185,P106,Headphones V1,Electronics,2,4570,3663,5.0,9140,457.0,8683.0,7326,1357.0,15.63,UPI,Online,Jaipur
ORD101537,2025-08-13,C1157,P107,Headphones V2,Electronics,1,3120,2535,5.0,3120,156.0,2964.0,2535,429.0,14.47,UPI,Online,Agra
ORD101538,2025-07-07,C1049,P117,Bluetooth Speaker V3,Electronics,3,1400,967,10.0,4200,420.0,3780.0,2901,879.0,23.25,UPI,Online,Lucknow
ORD101539,2024-05-11,C1419,P147,Cushion V3,Home,1,2180,1724,15.0,2180,327.0,1853.0,1724,129.0,6.96,Cash,Online,Agra
ORD101540,2025-08-06,C1208,P115,Bluetooth Speaker V1,Electronics,1,6930,4749,10.0,6930,693.0,6237.0,4749,1488.0,23.86,Cash,Online,Agra
ORD101541,2025-04-06,C1237,P137,Water Bottle V2,Home,2,1800,1202,5.0,3600,180.0,3420.0,2404,1016.0,29.71,UPI,Online,Prayagraj
ORD101542,2024-07-12,C1154,P131,File Folder V2,Office,3,5150,3339,15.0,15450,2317.5,13132.5,10017,3115.5,23.72,UPI,Online,Kanpur
ORD101543,2026-01-04,C1041,P103,Keyboard V1,Electronics,5,4190,2634,20.0,20950,4190.0,16760.0,13170,3590.0,21.42,Card,Online,Gurugram
ORD101544,2026-02-22,C1374,P136,Water Bottle V1,Home,1,1430,1182,10.0,1430,143.0,1287.0,1182,105.0,8.16,UPI,Store,Jaipur
ORD101545,2025-03-13,C1368,P150,LED Bulb V3,Home,3,2960,2119,10.0,8880,888.0,7992.0,6357,1635.0,20.46,Card,Online,Mumbai
ORD101546,2025-07-22,C1181,P165,Power Bank V3,Accessories,1,1990,1688,0.0,1990,0.0,1990.0,1688,302.0,15.18,Card,Online,Jaipur
ORD101547,2024-03-12,C1242,P102,Wireless Mouse V3,Electronics,1,3210,2684,10.0,3210,321.0,2889.0,2684,205.0,7.1,UPI,Online,Delhi
ORD101548,2024-09-20,C1238,P144,Table Clock V3,Home,1,2960,2357,15.0,2960,444.0,2516.0,2357,159.0,6.32,Card,Phone,Noida
ORD101549,2025-02-06,C1066,P145,Cushion V1,Home,3,920,592,10.0,2760,276.0,2484.0,1776,708.0,28.5,Cash,Store,Noida
ORD101550,2025-08-22,C1088,P154,Laptop Bag V1,Accessories,3,3580,2326,0.0,10740,0.0,10740.0,6978,3762.0,35.03,Card,Online,Prayagraj
ORD101551,2024-02-19,C1106,P108,Headphones V3,Electronics,2,4890,3636,15.0,9780,1467.0,8313.0,7272,1041.0,12.52,UPI,Store,Jaipur
ORD101552,2024-04-23,C1062,P114,Webcam V3,Electronics,2,3680,2607,10.0,7360,736.0,6624.0,5214,1410.0,21.29,UPI,Phone,Kanpur
ORD101553,2024-05-09,C1447,P135,Stapler V3,Office,4,7170,4632,10.0,28680,2868.0,25812.0,18528,7284.0,28.22,Card,Online,Jaipur
ORD101554,2025-01-19,C1156,P108,Headphones V3,Electronics,2,4890,3636,15.0,9780,1467.0,8313.0,7272,1041.0,12.52,UPI,Online,Agra
ORD101555,2025-02-06,C1462,P132,File Folder V3,Office,3,4410,2825,10.0,13230,1323.0,11907.0,8475,3432.0,28.82,UPI,Store,Lucknow
ORD101556,2025-11-30,C1389,P106,Headphones V1,Electronics,1,4570,3663,0.0,4570,0.0,4570.0,3663,907.0,19.85,UPI,Store,Noida
ORD101557,2024-12-12,C1461,P160,Charging Cable V1,Accessories,1,3270,2329,15.0,3270,490.5,2779.5,2329,450.5,16.21,Card,Online,Mumbai
ORD101558,2024-12-09,C1448,P175,Tea V1,Grocery,6,1390,900,10.0,8340,834.0,7506.0,5400,2106.0,28.06,UPI,Online,Agra
ORD101559,2025-12-25,C1353,P155,Laptop Bag V2,Accessories,1,2620,1779,10.0,2620,262.0,2358.0,1779,579.0,24.55,UPI,Online,Varanasi
ORD101560,2025-05-09,C1492,P140,Storage Box V2,Home,1,1780,1191,0.0,1780,0.0,1780.0,1191,589.0,33.09,Card,Store,Agra
ORD101561,2025-05-28,C1249,P150,LED Bulb V3,Home,4,2960,2119,10.0,11840,1184.0,10656.0,8476,2180.0,20.46,Card,Store,Kanpur
ORD101562,2025-02-26,C1404,P154,Laptop Bag V1,Accessories,2,3580,2326,15.0,7160,1074.0,6086.0,4652,1434.0,23.56,Card,Online,Jaipur
ORD101563,2025-05-31,C1454,P173,Coffee V2,Grocery,2,930,610,15.0,1860,279.0,1581.0,1220,361.0,22.83,Cash,Online,Prayagraj
ORD101564,2024-04-21,C1147,P112,Webcam V1,Electronics,3,930,736,5.0,2790,139.5,2650.5,2208,442.5,16.69,Net Banking,Online,Lucknow
ORD101565,2026-03-15,C1269,P143,Table Clock V2,Home,1,2900,2046,15.0,2900,435.0,2465.0,2046,419.0,17.0,Card,Store,Lucknow
ORD101566,2025-05-10,C1387,P140,Storage Box V2,Home,1,1780,1191,10.0,1780,178.0,1602.0,1191,411.0,25.66,Card,Store,Agra
ORD101567,2026-02-12,C1210,P152,Cleaning Kit V2,Home,1,3090,2318,0.0,3090,0.0,3090.0,2318,772.0,24.98,UPI,Store,Mumbai
ORD101568,2026-04-29,C1237,P172,Coffee V1,Grocery,2,660,526,5.0,1320,66.0,1254.0,1052,202.0,16.11,UPI,Online,Prayagraj
ORD101569,2025-07-21,C1273,P124,Desk Lamp V1,Office,3,4350,2868,10.0,13050,1305.0,11745.0,8604,3141.0,26.74,Card,Online,Kanpur
ORD101570,2026-06-09,C1392,P153,Cleaning Kit V3,Home,2,2770,1726,20.0,5540,1108.0,4432.0,3452,980.0,22.11,UPI,Online,Prayagraj
ORD101571,2024-09-22,C1372,P123,Office Chair V3,Office,1,4680,3454,0.0,4680,0.0,4680.0,3454,1226.0,26.2,Cash,Store,Agra
ORD101572,2024-06-24,C1012,P158,Phone Case V2,Accessories,1,2660,1753,10.0,2660,266.0,2394.0,1753,641.0,26.78,Cash,Store,Kanpur
ORD101573,2026-03-12,C1075,P169,Travel Pouch V1,Accessories,2,2560,1733,0.0,5120,0.0,5120.0,3466,1654.0,32.3,UPI,Store,Gurugram
ORD101574,2024-10-03,C1442,P133,Stapler V1,Office,2,6390,4143,15.0,12780,1917.0,10863.0,8286,2577.0,23.72,Net Banking,Online,Delhi
ORD101575,2026-05-03,C1370,P142,Table Clock V1,Home,1,2610,1876,15.0,2610,391.5,2218.5,1876,342.5,15.44,Cash,Online,Delhi
ORD101576,2024-04-29,C1215,P107,Headphones V2,Electronics,1,3120,2535,10.0,3120,312.0,2808.0,2535,273.0,9.72,Net Banking,Online,Lucknow
ORD101577,2024-10-25,C1009,P129,Printer Paper V3,Office,4,7700,4733,10.0,30800,3080.0,27720.0,18932,8788.0,31.7,UPI,Store,Prayagraj
ORD101578,2024-10-08,C1393,P133,Stapler V1,Office,3,6390,4143,10.0,19170,1917.0,17253.0,12429,4824.0,27.96,Cash,Online,Gurugram
ORD101579,2026-02-08,C1428,P161,Charging Cable V2,Accessories,1,2440,1541,10.0,2440,244.0,2196.0,1541,655.0,29.83,Card,Store,Delhi
ORD101580,2025-06-22,C1084,P108,Headphones V3,Electronics,1,4890,3636,0.0,4890,0.0,4890.0,3636,1254.0,25.64,Card,Online,Gurugram
ORD101581,2024-12-21,C1330,P107,Headphones V2,Electronics,4,3120,2535,0.0,12480,0.0,12480.0,10140,2340.0,18.75,UPI,Online,Prayagraj
ORD101582,2025-03-21,C1169,P123,Office Chair V3,Office,5,4680,3454,5.0,23400,1170.0,22230.0,17270,4960.0,22.31,Cash,Online,Agra
ORD101583,2024-12-11,C1096,P129,Printer Paper V3,Office,4,7700,4733,20.0,30800,6160.0,24640.0,18932,5708.0,23.17,Card,Online,Mumbai
ORD101584,2026-06-24,C1454,P126,Desk Lamp V3,Office,2,370,241,5.0,740,37.0,703.0,482,221.0,31.44,Net Banking,Online,Prayagraj
ORD101585,2026-02-14,C1257,P156,Laptop Bag V3,Accessories,2,1980,1255,0.0,3960,0.0,3960.0,2510,1450.0,36.62,Cash,Online,Lucknow
ORD101586,2025-01-05,C1304,P119,Notebook V2,Office,2,3040,2028,5.0,6080,304.0,5776.0,4056,1720.0,29.78,UPI,Online,Prayagraj
ORD101587,2024-09-24,C1011,P162,Charging Cable V3,Accessories,1,3240,2132,10.0,3240,324.0,2916.0,2132,784.0,26.89,UPI,Store,Agra
ORD101588,2024-03-20,C1323,P111,USB Hub V3,Electronics,4,1850,1273,0.0,7400,0.0,7400.0,5092,2308.0,31.19,Cash,Online,Mumbai
ORD101589,2025-04-30,C1443,P153,Cleaning Kit V3,Home,1,2770,1726,15.0,2770,415.5,2354.5,1726,628.5,26.69,Cash,Store,Varanasi
ORD101590,2026-05-26,C1227,P103,Keyboard V1,Electronics,2,4190,2634,15.0,8380,1257.0,7123.0,5268,1855.0,26.04,Net Banking,Store,Prayagraj
ORD101591,2025-01-15,C1086,P176,Tea V2,Grocery,1,920,750,0.0,920,0.0,920.0,750,170.0,18.48,Card,Online,Noida
ORD101592,2025-09-28,C1374,P102,Wireless Mouse V3,Electronics,2,3210,2684,5.0,6420,321.0,6099.0,5368,731.0,11.99,Card,Online,Jaipur
ORD101593,2024-04-12,C1104,P130,File Folder V1,Office,1,3130,2238,15.0,3130,469.5,2660.5,2238,422.5,15.88,UPI,Online,Delhi
ORD101594,2024-03-23,C1296,P173,Coffee V2,Grocery,3,930,610,0.0,2790,0.0,2790.0,1830,960.0,34.41,Card,Phone,Lucknow
ORD101595,2024-09-17,C1105,P105,Keyboard V3,Electronics,3,4190,3534,15.0,12570,1885.5,10684.5,10602,82.5,0.77,UPI,Online,Lucknow
ORD101596,2025-03-11,C1281,P107,Headphones V2,Electronics,1,3120,2535,0.0,3120,0.0,3120.0,2535,585.0,18.75,Card,Online,Kanpur
ORD101597,2026-06-10,C1448,P128,Printer Paper V2,Office,2,2840,2176,0.0,5680,0.0,5680.0,4352,1328.0,23.38,UPI,Online,Agra
ORD101598,2025-12-23,C1429,P123,Office Chair V3,Office,3,4680,3454,10.0,14040,1404.0,12636.0,10362,2274.0,18.0,UPI,Store,Delhi
ORD101599,2025-08-07,C1474,P127,Printer Paper V1,Office,4,6100,4997,0.0,24400,0.0,24400.0,19988,4412.0,18.08,UPI,Store,Varanasi
ORD101600,2024-10-15,C1049,P103,Keyboard V1,Electronics,1,4190,2634,5.0,4190,209.5,3980.5,2634,1346.5,33.83,UPI,Store,Lucknow
ORD101601,2024-09-18,C1172,P122,Office Chair V2,Office,5,4160,2937,5.0,20800,1040.0,19760.0,14685,5075.0,25.68,Cash,Online,Lucknow
ORD101602,2025-08-30,C1408,P109,USB Hub V1,Electronics,1,1970,1209,20.0,1970,394.0,1576.0,1209,367.0,23.29,UPI,Online,Gurugram
ORD101603,2025-05-30,C1361,P166,Desk Mat V1,Accessories,1,3330,2082,20.0,3330,666.0,2664.0,2082,582.0,21.85,Card,Online,Mumbai
ORD101604,2024-08-13,C1370,P127,Printer Paper V1,Office,2,6100,4997,0.0,12200,0.0,12200.0,9994,2206.0,18.08,Card,Online,Delhi
ORD101605,2026-05-31,C1229,P137,Water Bottle V2,Home,2,1800,1202,0.0,3600,0.0,3600.0,2404,1196.0,33.22,UPI,Online,Delhi
ORD101606,2024-04-30,C1258,P125,Desk Lamp V2,Office,3,4970,3317,10.0,14910,1491.0,13419.0,9951,3468.0,25.84,Card,Store,Kanpur
ORD101607,2025-08-28,C1252,P120,Notebook V3,Office,2,5080,3876,5.0,10160,508.0,9652.0,7752,1900.0,19.69,UPI,Store,Agra
ORD101608,2025-06-11,C1403,P125,Desk Lamp V2,Office,4,4970,3317,15.0,19880,2982.0,16898.0,13268,3630.0,21.48,UPI,Online,Lucknow
ORD101609,2026-03-16,C1400,P136,Water Bottle V1,Home,3,1430,1182,5.0,4290,214.5,4075.5,3546,529.5,12.99,Card,Online,Delhi
ORD101610,2025-02-01,C1399,P102,Wireless Mouse V3,Electronics,1,3210,2684,10.0,3210,321.0,2889.0,2684,205.0,7.1,Net Banking,Store,Agra
ORD101611,2025-03-01,C1223,P122,Office Chair V2,Office,4,4160,2937,0.0,16640,0.0,16640.0,11748,4892.0,29.4,UPI,Online,Prayagraj
ORD101612,2026-04-11,C1030,P162,Charging Cable V3,Accessories,1,3240,2132,10.0,3240,324.0,2916.0,2132,784.0,26.89,UPI,Online,Varanasi
ORD101613,2024-02-15,C1088,P157,Phone Case V1,Accessories,2,560,464,0.0,1120,0.0,1120.0,928,192.0,17.14,Card,Store,Prayagraj
ORD101614,2024-03-17,C1229,P138,Water Bottle V3,Home,1,2890,1947,5.0,2890,144.5,2745.5,1947,798.5,29.08,UPI,Store,Delhi
ORD101615,2024-03-07,C1465,P149,LED Bulb V2,Home,4,1290,1029,0.0,5160,0.0,5160.0,4116,1044.0,20.23,UPI,Store,Lucknow
ORD101616,2025-04-20,C1303,P148,LED Bulb V1,Home,3,1590,982,0.0,4770,0.0,4770.0,2946,1824.0,38.24,Card,Online,Gurugram
ORD101617,2025-03-27,C1141,P168,Desk Mat V3,Accessories,3,2910,2229,10.0,8730,873.0,7857.0,6687,1170.0,14.89,Cash,Store,Noida
ORD101618,2024-02-07,C1344,P179,Biscuits V2,Grocery,1,1150,889,10.0,1150,115.0,1035.0,889,146.0,14.11,UPI,Online,Gurugram
ORD101619,2026-05-08,C1393,P149,LED Bulb V2,Home,1,1290,1029,5.0,1290,64.5,1225.5,1029,196.5,16.03,UPI,Online,Gurugram
ORD101620,2025-07-07,C1433,P160,Charging Cable V1,Accessories,3,3270,2329,10.0,9810,981.0,8829.0,6987,1842.0,20.86,UPI,Online,Noida
ORD101621,2025-12-16,C1497,P147,Cushion V3,Home,3,2180,1724,0.0,6540,0.0,6540.0,5172,1368.0,20.92,UPI,Store,Lucknow
ORD101622,2026-06-23,C1395,P109,USB Hub V1,Electronics,1,1970,1209,15.0,1970,295.5,1674.5,1209,465.5,27.8,UPI,Phone,Delhi
ORD101623,2025-04-29,C1284,P117,Bluetooth Speaker V3,Electronics,4,1400,967,10.0,5600,560.0,5040.0,3868,1172.0,23.25,Cash,Online,Kanpur
ORD101624,2024-12-04,C1440,P126,Desk Lamp V3,Office,4,370,241,10.0,1480,148.0,1332.0,964,368.0,27.63,Cash,Online,Delhi
ORD101625,2025-05-25,C1029,P131,File Folder V2,Office,4,5150,3339,10.0,20600,2060.0,18540.0,13356,5184.0,27.96,Card,Online,Lucknow
ORD101626,2024-11-13,C1499,P124,Desk Lamp V1,Office,3,4350,2868,5.0,13050,652.5,12397.5,8604,3793.5,30.6,Card,Store,Varanasi
ORD101627,2024-10-02,C1232,P153,Cleaning Kit V3,Home,2,2770,1726,10.0,5540,554.0,4986.0,3452,1534.0,30.77,Net Banking,Online,Prayagraj
ORD101628,2024-12-31,C1346,P142,Table Clock V1,Home,3,2610,1876,5.0,7830,391.5,7438.5,5628,1810.5,24.34,Cash,Online,Varanasi
ORD101629,2025-07-23,C1462,P107,Headphones V2,Electronics,1,3120,2535,15.0,3120,468.0,2652.0,2535,117.0,4.41,UPI,Phone,Lucknow
ORD101630,2025-06-06,C1213,P133,Stapler V1,Office,3,6390,4143,10.0,19170,1917.0,17253.0,12429,4824.0,27.96,UPI,Online,Jaipur
ORD101631,2024-05-13,C1460,P155,Laptop Bag V2,Accessories,3,2620,1779,0.0,7860,0.0,7860.0,5337,2523.0,32.1,Card,Store,Prayagraj
ORD101632,2025-10-28,C1245,P157,Phone Case V1,Accessories,3,560,464,0.0,1680,0.0,1680.0,1392,288.0,17.14,Card,Store,Lucknow
ORD101633,2026-01-20,C1470,P157,Phone Case V1,Accessories,1,560,464,5.0,560,28.0,532.0,464,68.0,12.78,Cash,Online,Mumbai
ORD101634,2024-04-17,C1200,P151,Cleaning Kit V1,Home,4,2890,1977,10.0,11560,1156.0,10404.0,7908,2496.0,23.99,Net Banking,Online,Lucknow
ORD101635,2026-01-14,C1479,P103,Keyboard V1,Electronics,3,4190,2634,5.0,12570,628.5,11941.5,7902,4039.5,33.83,Cash,Store,Varanasi
ORD101636,2026-04-13,C1142,P171,Travel Pouch V3,Accessories,2,1430,1156,15.0,2860,429.0,2431.0,2312,119.0,4.9,Card,Online,Delhi
ORD101637,2025-07-06,C1340,P156,Laptop Bag V3,Accessories,2,1980,1255,0.0,3960,0.0,3960.0,2510,1450.0,36.62,UPI,Store,Jaipur
ORD101638,2025-07-03,C1477,P104,Keyboard V2,Electronics,2,820,576,10.0,1640,164.0,1476.0,1152,324.0,21.95,Net Banking,Online,Delhi
ORD101639,2026-01-07,C1217,P125,Desk Lamp V2,Office,1,4970,3317,15.0,4970,745.5,4224.5,3317,907.5,21.48,UPI,Online,Agra
ORD101640,2025-05-11,C1037,P169,Travel Pouch V1,Accessories,1,2560,1733,10.0,2560,256.0,2304.0,1733,571.0,24.78,Cash,Store,Lucknow
ORD101641,2026-06-01,C1073,P117,Bluetooth Speaker V3,Electronics,2,1400,967,10.0,2800,280.0,2520.0,1934,586.0,23.25,UPI,Online,Mumbai
ORD101642,2024-09-29,C1050,P144,Table Clock V3,Home,1,2960,2357,5.0,2960,148.0,2812.0,2357,455.0,16.18,UPI,Online,Gurugram
ORD101643,2025-08-16,C1400,P167,Desk Mat V2,Accessories,2,3170,2059,0.0,6340,0.0,6340.0,4118,2222.0,35.05,UPI,Store,Delhi
ORD101644,2025-08-29,C1159,P130,File Folder V1,Office,2,3130,2238,20.0,6260,1252.0,5008.0,4476,532.0,10.62,Card,Store,Lucknow
ORD101645,2025-04-18,C1121,P105,Keyboard V3,Electronics,3,4190,3534,10.0,12570,1257.0,11313.0,10602,711.0,6.28,Card,Online,Lucknow
ORD101646,2024-09-23,C1471,P177,Tea V3,Grocery,4,540,388,0.0,2160,0.0,2160.0,1552,608.0,28.15,Net Banking,Store,Prayagraj
ORD101647,2025-04-26,C1330,P135,Stapler V3,Office,1,7170,4632,15.0,7170,1075.5,6094.5,4632,1462.5,24.0,Cash,Store,Prayagraj
ORD101648,2026-06-26,C1236,P131,File Folder V2,Office,1,5150,3339,15.0,5150,772.5,4377.5,3339,1038.5,23.72,Card,Store,Agra
ORD101649,2024-06-27,C1221,P119,Notebook V2,Office,1,3040,2028,0.0,3040,0.0,3040.0,2028,1012.0,33.29,UPI,Store,Gurugram
ORD101650,2024-11-09,C1303,P157,Phone Case V1,Accessories,3,560,464,0.0,1680,0.0,1680.0,1392,288.0,17.14,Card,Online,Gurugram
ORD101651,2026-05-02,C1025,P150,LED Bulb V3,Home,1,2960,2119,20.0,2960,592.0,2368.0,2119,249.0,10.52,UPI,Store,Gurugram
ORD101652,2024-11-19,C1328,P107,Headphones V2,Electronics,2,3120,2535,0.0,6240,0.0,6240.0,5070,1170.0,18.75,Net Banking,Store,Agra
ORD101653,2025-11-04,C1186,P125,Desk Lamp V2,Office,5,4970,3317,10.0,24850,2485.0,22365.0,16585,5780.0,25.84,UPI,Online,Prayagraj
ORD101654,2024-11-16,C1206,P163,Power Bank V1,Accessories,3,510,428,10.0,1530,153.0,1377.0,1284,93.0,6.75,UPI,Online,Jaipur
ORD101655,2025-07-30,C1129,P148,LED Bulb V1,Home,1,1590,982,20.0,1590,318.0,1272.0,982,290.0,22.8,Net Banking,Store,Prayagraj
ORD101656,2025-04-12,C1425,P170,Travel Pouch V2,Accessories,1,1850,1364,10.0,1850,185.0,1665.0,1364,301.0,18.08,UPI,Store,Lucknow
ORD101657,2025-11-19,C1478,P145,Cushion V1,Home,4,920,592,0.0,3680,0.0,3680.0,2368,1312.0,35.65,UPI,Online,Mumbai
ORD101658,2024-08-12,C1445,P160,Charging Cable V1,Accessories,1,3270,2329,0.0,3270,0.0,3270.0,2329,941.0,28.78,Card,Online,Lucknow
ORD101659,2025-10-06,C1065,P112,Webcam V1,Electronics,1,930,736,5.0,930,46.5,883.5,736,147.5,16.69,Card,Online,Noida
ORD101660,2024-06-28,C1321,P167,Desk Mat V2,Accessories,1,3170,2059,10.0,3170,317.0,2853.0,2059,794.0,27.83,UPI,Online,Gurugram
ORD101661,2024-01-15,C1041,P130,File Folder V1,Office,2,3130,2238,0.0,6260,0.0,6260.0,4476,1784.0,28.5,UPI,Phone,Gurugram
ORD101662,2026-02-06,C1099,P154,Laptop Bag V1,Accessories,4,3580,2326,15.0,14320,2148.0,12172.0,9304,2868.0,23.56,UPI,Store,Delhi
ORD101663,2024-01-18,C1021,P155,Laptop Bag V2,Accessories,1,2620,1779,0.0,2620,0.0,2620.0,1779,841.0,32.1,Card,Online,Varanasi
ORD101664,2026-02-19,C1096,P149,LED Bulb V2,Home,4,1290,1029,10.0,5160,516.0,4644.0,4116,528.0,11.37,UPI,Online,Mumbai
ORD101665,2024-07-28,C1149,P130,File Folder V1,Office,2,3130,2238,10.0,6260,626.0,5634.0,4476,1158.0,20.55,UPI,Store,Jaipur
ORD101666,2024-01-05,C1334,P108,Headphones V3,Electronics,4,4890,3636,15.0,19560,2934.0,16626.0,14544,2082.0,12.52,UPI,Online,Lucknow
ORD101667,2025-11-09,C1083,P173,Coffee V2,Grocery,2,930,610,15.0,1860,279.0,1581.0,1220,361.0,22.83,Cash,Store,Delhi
ORD101668,2025-10-13,C1018,P174,Coffee V3,Grocery,2,1420,1012,10.0,2840,284.0,2556.0,2024,532.0,20.81,Net Banking,Online,Prayagraj
ORD101669,2024-12-19,C1115,P123,Office Chair V3,Office,1,4680,3454,0.0,4680,0.0,4680.0,3454,1226.0,26.2,Card,Store,Delhi
ORD101670,2024-01-28,C1253,P177,Tea V3,Grocery,6,540,388,0.0,3240,0.0,3240.0,2328,912.0,28.15,UPI,Store,Kanpur
ORD101671,2026-01-24,C1067,P154,Laptop Bag V1,Accessories,1,3580,2326,5.0,3580,179.0,3401.0,2326,1075.0,31.61,Card,Online,Prayagraj
ORD101672,2024-08-05,C1107,P150,LED Bulb V3,Home,2,2960,2119,5.0,5920,296.0,5624.0,4238,1386.0,24.64,UPI,Store,Varanasi
ORD101673,2024-07-05,C1011,P122,Office Chair V2,Office,1,4160,2937,0.0,4160,0.0,4160.0,2937,1223.0,29.4,UPI,Online,Agra
ORD101674,2025-06-12,C1425,P128,Printer Paper V2,Office,2,2840,2176,5.0,5680,284.0,5396.0,4352,1044.0,19.35,Card,Online,Lucknow
ORD101675,2024-04-11,C1019,P145,Cushion V1,Home,1,920,592,15.0,920,138.0,782.0,592,190.0,24.3,Net Banking,Store,Delhi
ORD101676,2026-04-12,C1491,P117,Bluetooth Speaker V3,Electronics,1,1400,967,5.0,1400,70.0,1330.0,967,363.0,27.29,Card,Store,Noida
ORD101677,2024-08-14,C1422,P137,Water Bottle V2,Home,2,1800,1202,5.0,3600,180.0,3420.0,2404,1016.0,29.71,UPI,Online,Agra
ORD101678,2025-09-12,C1042,P103,Keyboard V1,Electronics,3,4190,2634,10.0,12570,1257.0,11313.0,7902,3411.0,30.15,Net Banking,Online,Gurugram
ORD101679,2025-02-18,C1227,P140,Storage Box V2,Home,1,1780,1191,5.0,1780,89.0,1691.0,1191,500.0,29.57,Card,Store,Prayagraj
ORD101680,2024-11-22,C1017,P178,Biscuits V1,Grocery,1,1460,1162,5.0,1460,73.0,1387.0,1162,225.0,16.22,Card,Store,Lucknow
ORD101681,2026-03-08,C1019,P141,Storage Box V3,Home,1,2200,1823,5.0,2200,110.0,2090.0,1823,267.0,12.78,UPI,Online,Delhi
ORD101682,2024-11-08,C1218,P156,Laptop Bag V3,Accessories,3,1980,1255,5.0,5940,297.0,5643.0,3765,1878.0,33.28,Card,Online,Jaipur
ORD101683,2024-12-19,C1354,P176,Tea V2,Grocery,8,920,750,5.0,7360,368.0,6992.0,6000,992.0,14.19,Cash,Online,Agra
ORD101684,2025-10-07,C1040,P124,Desk Lamp V1,Office,3,4350,2868,10.0,13050,1305.0,11745.0,8604,3141.0,26.74,Card,Store,Lucknow
ORD101685,2024-05-17,C1468,P169,Travel Pouch V1,Accessories,1,2560,1733,5.0,2560,128.0,2432.0,1733,699.0,28.74,Cash,Online,Noida
ORD101686,2026-04-28,C1436,P159,Phone Case V3,Accessories,4,1360,849,0.0,5440,0.0,5440.0,3396,2044.0,37.57,Card,Store,Jaipur
ORD101687,2024-05-01,C1416,P122,Office Chair V2,Office,1,4160,2937,0.0,4160,0.0,4160.0,2937,1223.0,29.4,UPI,Online,Gurugram
ORD101688,2025-05-04,C1314,P124,Desk Lamp V1,Office,3,4350,2868,5.0,13050,652.5,12397.5,8604,3793.5,30.6,UPI,Store,Lucknow
ORD101689,2026-03-14,C1354,P169,Travel Pouch V1,Accessories,1,2560,1733,10.0,2560,256.0,2304.0,1733,571.0,24.78,Card,Store,Agra
ORD101690,2025-02-12,C1030,P144,Table Clock V3,Home,1,2960,2357,5.0,2960,148.0,2812.0,2357,455.0,16.18,UPI,Store,Varanasi
ORD101691,2025-01-10,C1080,P137,Water Bottle V2,Home,2,1800,1202,10.0,3600,360.0,3240.0,2404,836.0,25.8,UPI,Online,Delhi
ORD101692,2026-03-14,C1053,P164,Power Bank V2,Accessories,1,1150,849,5.0,1150,57.5,1092.5,849,243.5,22.29,Card,Store,Varanasi
ORD101693,2025-01-09,C1091,P121,Office Chair V1,Office,4,6460,4606,0.0,25840,0.0,25840.0,18424,7416.0,28.7,UPI,Online,Gurugram
ORD101694,2026-05-12,C1334,P176,Tea V2,Grocery,3,920,750,10.0,2760,276.0,2484.0,2250,234.0,9.42,Card,Online,Lucknow
ORD101695,2024-03-03,C1170,P166,Desk Mat V1,Accessories,2,3330,2082,0.0,6660,0.0,6660.0,4164,2496.0,37.48,Card,Online,Agra
ORD101696,2024-05-09,C1393,P122,Office Chair V2,Office,4,4160,2937,10.0,16640,1664.0,14976.0,11748,3228.0,21.55,Card,Store,Gurugram
ORD101697,2024-06-10,C1097,P115,Bluetooth Speaker V1,Electronics,1,6930,4749,5.0,6930,346.5,6583.5,4749,1834.5,27.87,Card,Phone,Gurugram
ORD101698,2026-01-25,C1070,P117,Bluetooth Speaker V3,Electronics,1,1400,967,5.0,1400,70.0,1330.0,967,363.0,27.29,Cash,Store,Agra
ORD101699,2026-06-25,C1462,P145,Cushion V1,Home,2,920,592,10.0,1840,184.0,1656.0,1184,472.0,28.5,Cash,Online,Lucknow
ORD101700,2025-02-09,C1376,P123,Office Chair V3,Office,2,4680,3454,15.0,9360,1404.0,7956.0,6908,1048.0,13.17,UPI,Online,Varanasi
ORD101701,2025-01-23,C1320,P153,Cleaning Kit V3,Home,3,2770,1726,10.0,8310,831.0,7479.0,5178,2301.0,30.77,Card,Online,Agra
ORD101702,2025-10-12,C1491,P133,Stapler V1,Office,4,6390,4143,5.0,25560,1278.0,24282.0,16572,7710.0,31.75,UPI,Online,Noida
ORD101703,2024-08-29,C1150,P162,Charging Cable V3,Accessories,2,3240,2132,15.0,6480,972.0,5508.0,4264,1244.0,22.59,Cash,Online,Jaipur
ORD101704,2024-09-24,C1149,P108,Headphones V3,Electronics,1,4890,3636,5.0,4890,244.5,4645.5,3636,1009.5,21.73,Cash,Store,Jaipur
ORD101705,2024-05-12,C1051,P112,Webcam V1,Electronics,2,930,736,20.0,1860,372.0,1488.0,1472,16.0,1.08,UPI,Online,Agra
ORD101706,2024-09-02,C1088,P174,Coffee V3,Grocery,1,1420,1012,15.0,1420,213.0,1207.0,1012,195.0,16.16,Cash,Store,Prayagraj
ORD101707,2024-07-16,C1490,P142,Table Clock V1,Home,3,2610,1876,15.0,7830,1174.5,6655.5,5628,1027.5,15.44,Card,Store,Delhi
ORD101708,2024-08-19,C1439,P168,Desk Mat V3,Accessories,2,2910,2229,10.0,5820,582.0,5238.0,4458,780.0,14.89,Cash,Online,Agra
ORD101709,2025-03-09,C1018,P158,Phone Case V2,Accessories,4,2660,1753,10.0,10640,1064.0,9576.0,7012,2564.0,26.78,UPI,Phone,Prayagraj
ORD101710,2024-08-15,C1120,P102,Wireless Mouse V3,Electronics,1,3210,2684,5.0,3210,160.5,3049.5,2684,365.5,11.99,Card,Online,Agra
ORD101711,2025-06-26,C1092,P108,Headphones V3,Electronics,4,4890,3636,5.0,19560,978.0,18582.0,14544,4038.0,21.73,Card,Online,Noida
ORD101712,2025-05-01,C1265,P138,Water Bottle V3,Home,1,2890,1947,5.0,2890,144.5,2745.5,1947,798.5,29.08,Card,Store,Kanpur
ORD101713,2025-07-30,C1336,P145,Cushion V1,Home,5,920,592,10.0,4600,460.0,4140.0,2960,1180.0,28.5,Net Banking,Store,Kanpur
ORD101714,2026-01-10,C1395,P108,Headphones V3,Electronics,3,4890,3636,10.0,14670,1467.0,13203.0,10908,2295.0,17.38,UPI,Online,Delhi
ORD101715,2025-06-07,C1251,P107,Headphones V2,Electronics,1,3120,2535,0.0,3120,0.0,3120.0,2535,585.0,18.75,UPI,Store,Jaipur
ORD101716,2026-05-07,C1206,P161,Charging Cable V2,Accessories,3,2440,1541,0.0,7320,0.0,7320.0,4623,2697.0,36.84,UPI,Online,Jaipur
ORD101717,2024-07-13,C1116,P147,Cushion V3,Home,5,2180,1724,5.0,10900,545.0,10355.0,8620,1735.0,16.76,Cash,Online,Agra
ORD101718,2024-08-28,C1057,P147,Cushion V3,Home,4,2180,1724,15.0,8720,1308.0,7412.0,6896,516.0,6.96,UPI,Online,Prayagraj
ORD101719,2024-12-23,C1420,P163,Power Bank V1,Accessories,5,510,428,10.0,2550,255.0,2295.0,2140,155.0,6.75,UPI,Online,Agra
ORD101720,2025-09-11,C1046,P178,Biscuits V1,Grocery,3,1460,1162,5.0,4380,219.0,4161.0,3486,675.0,16.22,UPI,Online,Lucknow
ORD101721,2024-05-19,C1102,P142,Table Clock V1,Home,3,2610,1876,20.0,7830,1566.0,6264.0,5628,636.0,10.15,UPI,Store,Lucknow
ORD101722,2026-02-02,C1073,P168,Desk Mat V3,Accessories,4,2910,2229,10.0,11640,1164.0,10476.0,8916,1560.0,14.89,Card,Store,Mumbai
ORD101723,2025-07-18,C1027,P176,Tea V2,Grocery,1,920,750,5.0,920,46.0,874.0,750,124.0,14.19,Card,Online,Jaipur
ORD101724,2025-02-09,C1300,P160,Charging Cable V1,Accessories,1,3270,2329,15.0,3270,490.5,2779.5,2329,450.5,16.21,UPI,Store,Noida
ORD101725,2024-06-08,C1346,P158,Phone Case V2,Accessories,1,2660,1753,0.0,2660,0.0,2660.0,1753,907.0,34.1,Cash,Store,Varanasi
ORD101726,2024-05-18,C1245,P134,Stapler V2,Office,1,5250,3976,10.0,5250,525.0,4725.0,3976,749.0,15.85,UPI,Store,Lucknow
ORD101727,2024-08-23,C1135,P125,Desk Lamp V2,Office,1,4970,3317,10.0,4970,497.0,4473.0,3317,1156.0,25.84,UPI,Store,Agra
ORD101728,2024-10-18,C1341,P172,Coffee V1,Grocery,2,660,526,10.0,1320,132.0,1188.0,1052,136.0,11.45,UPI,Store,Jaipur
ORD101729,2024-04-07,C1278,P143,Table Clock V2,Home,1,2900,2046,10.0,2900,290.0,2610.0,2046,564.0,21.61,Card,Store,Gurugram
ORD101730,2025-07-26,C1084,P154,Laptop Bag V1,Accessories,1,3580,2326,10.0,3580,358.0,3222.0,2326,896.0,27.81,Net Banking,Phone,Gurugram
ORD101731,2026-03-12,C1235,P134,Stapler V2,Office,3,5250,3976,10.0,15750,1575.0,14175.0,11928,2247.0,15.85,Card,Store,Kanpur
ORD101732,2024-02-24,C1449,P159,Phone Case V3,Accessories,2,1360,849,5.0,2720,136.0,2584.0,1698,886.0,34.29,Cash,Online,Kanpur
ORD101733,2025-11-02,C1385,P158,Phone Case V2,Accessories,1,2660,1753,15.0,2660,399.0,2261.0,1753,508.0,22.47,UPI,Online,Gurugram
ORD101734,2025-10-12,C1077,P179,Biscuits V2,Grocery,5,1150,889,5.0,5750,287.5,5462.5,4445,1017.5,18.63,Cash,Online,Lucknow
ORD101735,2024-08-28,C1044,P170,Travel Pouch V2,Accessories,1,1850,1364,0.0,1850,0.0,1850.0,1364,486.0,26.27,Cash,Online,Delhi
ORD101736,2025-08-14,C1311,P109,USB Hub V1,Electronics,2,1970,1209,15.0,3940,591.0,3349.0,2418,931.0,27.8,Cash,Store,Mumbai
ORD101737,2024-03-02,C1054,P138,Water Bottle V3,Home,1,2890,1947,10.0,2890,289.0,2601.0,1947,654.0,25.14,Cash,Store,Mumbai
ORD101738,2024-09-22,C1307,P174,Coffee V3,Grocery,3,1420,1012,5.0,4260,213.0,4047.0,3036,1011.0,24.98,UPI,Phone,Mumbai
ORD101739,2024-09-16,C1003,P126,Desk Lamp V3,Office,1,370,241,5.0,370,18.5,351.5,241,110.5,31.44,Cash,Online,Prayagraj
ORD101740,2026-02-14,C1369,P152,Cleaning Kit V2,Home,3,3090,2318,5.0,9270,463.5,8806.5,6954,1852.5,21.04,Cash,Online,Mumbai
ORD101741,2025-11-17,C1048,P153,Cleaning Kit V3,Home,1,2770,1726,20.0,2770,554.0,2216.0,1726,490.0,22.11,Card,Store,Delhi
ORD101742,2025-08-05,C1149,P158,Phone Case V2,Accessories,2,2660,1753,0.0,5320,0.0,5320.0,3506,1814.0,34.1,UPI,Online,Jaipur
ORD101743,2024-09-04,C1107,P140,Storage Box V2,Home,2,1780,1191,5.0,3560,178.0,3382.0,2382,1000.0,29.57,Card,Online,Varanasi
ORD101744,2025-01-31,C1088,P139,Storage Box V1,Home,1,2100,1652,10.0,2100,210.0,1890.0,1652,238.0,12.59,UPI,Online,Prayagraj
ORD101745,2024-07-20,C1058,P156,Laptop Bag V3,Accessories,5,1980,1255,10.0,9900,990.0,8910.0,6275,2635.0,29.57,UPI,Store,Noida
ORD101746,2024-04-02,C1115,P175,Tea V1,Grocery,1,1390,900,10.0,1390,139.0,1251.0,900,351.0,28.06,Card,Phone,Delhi
ORD101747,2024-10-24,C1060,P173,Coffee V2,Grocery,5,930,610,20.0,4650,930.0,3720.0,3050,670.0,18.01,Card,Online,Delhi
ORD101748,2024-04-01,C1338,P116,Bluetooth Speaker V2,Electronics,4,4810,3714,10.0,19240,1924.0,17316.0,14856,2460.0,14.21,UPI,Online,Lucknow
ORD101749,2024-04-18,C1414,P151,Cleaning Kit V1,Home,2,2890,1977,0.0,5780,0.0,5780.0,3954,1826.0,31.59,UPI,Online,Jaipur
ORD101750,2024-06-18,C1306,P123,Office Chair V3,Office,3,4680,3454,0.0,14040,0.0,14040.0,10362,3678.0,26.2,Card,Online,Lucknow
ORD101751,2025-06-30,C1322,P155,Laptop Bag V2,Accessories,3,2620,1779,10.0,7860,786.0,7074.0,5337,1737.0,24.55,UPI,Store,Noida
ORD101752,2025-06-06,C1291,P119,Notebook V2,Office,2,3040,2028,10.0,6080,608.0,5472.0,4056,1416.0,25.88,Net Banking,Online,Noida
ORD101753,2025-08-18,C1149,P160,Charging Cable V1,Accessories,1,3270,2329,15.0,3270,490.5,2779.5,2329,450.5,16.21,UPI,Phone,Jaipur
ORD101754,2024-11-11,C1325,P131,File Folder V2,Office,4,5150,3339,0.0,20600,0.0,20600.0,13356,7244.0,35.17,Card,Store,Prayagraj
ORD101755,2025-10-20,C1385,P139,Storage Box V1,Home,5,2100,1652,10.0,10500,1050.0,9450.0,8260,1190.0,12.59,Card,Store,Gurugram
ORD101756,2025-10-31,C1413,P124,Desk Lamp V1,Office,1,4350,2868,10.0,4350,435.0,3915.0,2868,1047.0,26.74,Cash,Online,Delhi
ORD101757,2024-11-22,C1154,P109,USB Hub V1,Electronics,1,1970,1209,0.0,1970,0.0,1970.0,1209,761.0,38.63,Card,Online,Kanpur
ORD101758,2024-07-29,C1050,P160,Charging Cable V1,Accessories,2,3270,2329,0.0,6540,0.0,6540.0,4658,1882.0,28.78,UPI,Store,Gurugram
ORD101759,2025-02-02,C1133,P134,Stapler V2,Office,1,5250,3976,5.0,5250,262.5,4987.5,3976,1011.5,20.28,Card,Online,Kanpur
ORD101760,2024-05-28,C1240,P135,Stapler V3,Office,1,7170,4632,5.0,7170,358.5,6811.5,4632,2179.5,32.0,Card,Online,Kanpur
ORD101761,2024-09-14,C1216,P176,Tea V2,Grocery,3,920,750,10.0,2760,276.0,2484.0,2250,234.0,9.42,Card,Store,Mumbai
ORD101762,2024-05-11,C1479,P157,Phone Case V1,Accessories,1,560,464,0.0,560,0.0,560.0,464,96.0,17.14,Cash,Online,Varanasi
ORD101763,2025-05-17,C1258,P149,LED Bulb V2,Home,2,1290,1029,5.0,2580,129.0,2451.0,2058,393.0,16.03,Card,Online,Kanpur
ORD101764,2025-06-25,C1321,P107,Headphones V2,Electronics,1,3120,2535,10.0,3120,312.0,2808.0,2535,273.0,9.72,Card,Store,Gurugram
ORD101765,2024-12-28,C1095,P139,Storage Box V1,Home,5,2100,1652,5.0,10500,525.0,9975.0,8260,1715.0,17.19,Net Banking,Store,Agra
ORD101766,2025-08-15,C1349,P112,Webcam V1,Electronics,1,930,736,5.0,930,46.5,883.5,736,147.5,16.69,UPI,Store,Varanasi
ORD101767,2024-10-21,C1036,P102,Wireless Mouse V3,Electronics,3,3210,2684,5.0,9630,481.5,9148.5,8052,1096.5,11.99,Card,Store,Delhi
ORD101768,2025-11-23,C1386,P140,Storage Box V2,Home,6,1780,1191,15.0,10680,1602.0,9078.0,7146,1932.0,21.28,UPI,Online,Delhi
ORD101769,2024-09-29,C1021,P115,Bluetooth Speaker V1,Electronics,3,6930,4749,0.0,20790,0.0,20790.0,14247,6543.0,31.47,Card,Online,Varanasi
ORD101770,2025-06-10,C1262,P156,Laptop Bag V3,Accessories,1,1980,1255,5.0,1980,99.0,1881.0,1255,626.0,33.28,Cash,Online,Varanasi
ORD101771,2024-05-05,C1083,P153,Cleaning Kit V3,Home,2,2770,1726,20.0,5540,1108.0,4432.0,3452,980.0,22.11,Card,Online,Delhi
ORD101772,2024-11-01,C1145,P117,Bluetooth Speaker V3,Electronics,7,1400,967,10.0,9800,980.0,8820.0,6769,2051.0,23.25,UPI,Online,Mumbai
ORD101773,2024-10-24,C1044,P134,Stapler V2,Office,6,5250,3976,5.0,31500,1575.0,29925.0,23856,6069.0,20.28,Card,Store,Delhi
ORD101774,2024-01-18,C1107,P106,Headphones V1,Electronics,3,4570,3663,10.0,13710,1371.0,12339.0,10989,1350.0,10.94,Card,Online,Varanasi
ORD101775,2024-11-06,C1133,P100,Wireless Mouse V1,Electronics,2,3130,2246,10.0,6260,626.0,5634.0,4492,1142.0,20.27,UPI,Store,Kanpur
ORD101776,2025-10-17,C1055,P105,Keyboard V3,Electronics,2,4190,3534,0.0,8380,0.0,8380.0,7068,1312.0,15.66,Card,Store,Delhi
ORD101777,2025-11-08,C1324,P162,Charging Cable V3,Accessories,3,3240,2132,10.0,9720,972.0,8748.0,6396,2352.0,26.89,UPI,Store,Prayagraj
ORD101778,2024-10-28,C1358,P157,Phone Case V1,Accessories,2,560,464,5.0,1120,56.0,1064.0,928,136.0,12.78,UPI,Online,Prayagraj
ORD101779,2024-01-11,C1080,P104,Keyboard V2,Electronics,3,820,576,10.0,2460,246.0,2214.0,1728,486.0,21.95,Card,Phone,Delhi
ORD101780,2025-07-14,C1227,P133,Stapler V1,Office,2,6390,4143,15.0,12780,1917.0,10863.0,8286,2577.0,23.72,Cash,Online,Prayagraj
ORD101781,2025-10-19,C1289,P100,Wireless Mouse V1,Electronics,3,3130,2246,10.0,9390,939.0,8451.0,6738,1713.0,20.27,UPI,Store,Kanpur
ORD101782,2024-02-11,C1193,P170,Travel Pouch V2,Accessories,3,1850,1364,10.0,5550,555.0,4995.0,4092,903.0,18.08,Card,Online,Delhi
ORD101783,2025-01-20,C1084,P167,Desk Mat V2,Accessories,4,3170,2059,0.0,12680,0.0,12680.0,8236,4444.0,35.05,Card,Phone,Gurugram
ORD101784,2025-04-15,C1497,P131,File Folder V2,Office,2,5150,3339,0.0,10300,0.0,10300.0,6678,3622.0,35.17,UPI,Store,Lucknow
ORD101785,2024-06-24,C1363,P107,Headphones V2,Electronics,1,3120,2535,0.0,3120,0.0,3120.0,2535,585.0,18.75,Net Banking,Online,Mumbai
ORD101786,2025-11-18,C1436,P154,Laptop Bag V1,Accessories,3,3580,2326,0.0,10740,0.0,10740.0,6978,3762.0,35.03,Card,Store,Jaipur
ORD101787,2025-07-11,C1438,P137,Water Bottle V2,Home,1,1800,1202,20.0,1800,360.0,1440.0,1202,238.0,16.53,Net Banking,Online,Kanpur
ORD101788,2026-03-20,C1400,P162,Charging Cable V3,Accessories,5,3240,2132,20.0,16200,3240.0,12960.0,10660,2300.0,17.75,Card,Online,Delhi
ORD101789,2024-04-29,C1273,P111,USB Hub V3,Electronics,1,1850,1273,0.0,1850,0.0,1850.0,1273,577.0,31.19,Card,Online,Kanpur
ORD101790,2025-04-14,C1422,P132,File Folder V3,Office,1,4410,2825,0.0,4410,0.0,4410.0,2825,1585.0,35.94,UPI,Store,Agra
ORD101791,2024-07-04,C1374,P171,Travel Pouch V3,Accessories,3,1430,1156,5.0,4290,214.5,4075.5,3468,607.5,14.91,UPI,Online,Jaipur
ORD101792,2024-03-13,C1211,P147,Cushion V3,Home,3,2180,1724,20.0,6540,1308.0,5232.0,5172,60.0,1.15,Cash,Online,Kanpur
ORD101793,2025-01-28,C1173,P179,Biscuits V2,Grocery,2,1150,889,5.0,2300,115.0,2185.0,1778,407.0,18.63,Card,Store,Delhi
ORD101794,2025-11-23,C1437,P146,Cushion V2,Home,5,3320,2419,5.0,16600,830.0,15770.0,12095,3675.0,23.3,UPI,Store,Gurugram
ORD101795,2026-03-30,C1209,P115,Bluetooth Speaker V1,Electronics,1,6930,4749,0.0,6930,0.0,6930.0,4749,2181.0,31.47,Cash,Online,Jaipur
ORD101796,2026-01-06,C1209,P122,Office Chair V2,Office,2,4160,2937,5.0,8320,416.0,7904.0,5874,2030.0,25.68,UPI,Phone,Jaipur
ORD101797,2025-01-25,C1422,P177,Tea V3,Grocery,3,540,388,0.0,1620,0.0,1620.0,1164,456.0,28.15,Card,Phone,Agra
ORD101798,2024-05-12,C1004,P129,Printer Paper V3,Office,2,7700,4733,0.0,15400,0.0,15400.0,9466,5934.0,38.53,UPI,Online,Gurugram
ORD101799,2025-07-11,C1473,P133,Stapler V1,Office,2,6390,4143,10.0,12780,1278.0,11502.0,8286,3216.0,27.96,Net Banking,Phone,Kanpur
ORD101800,2024-09-05,C1131,P140,Storage Box V2,Home,5,1780,1191,15.0,8900,1335.0,7565.0,5955,1610.0,21.28,UPI,Phone,Prayagraj
ORD101801,2024-07-26,C1059,P121,Office Chair V1,Office,4,6460,4606,15.0,25840,3876.0,21964.0,18424,3540.0,16.12,UPI,Store,Delhi
ORD101802,2024-09-30,C1350,P105,Keyboard V3,Electronics,2,4190,3534,10.0,8380,838.0,7542.0,7068,474.0,6.28,Cash,Online,Noida
ORD101803,2026-06-04,C1178,P119,Notebook V2,Office,3,3040,2028,10.0,9120,912.0,8208.0,6084,2124.0,25.88,Card,Store,Varanasi
ORD101804,2025-05-29,C1374,P108,Headphones V3,Electronics,4,4890,3636,5.0,19560,978.0,18582.0,14544,4038.0,21.73,UPI,Store,Jaipur
ORD101805,2024-07-20,C1401,P123,Office Chair V3,Office,2,4680,3454,15.0,9360,1404.0,7956.0,6908,1048.0,13.17,Card,Store,Gurugram
ORD101806,2025-01-23,C1300,P151,Cleaning Kit V1,Home,4,2890,1977,15.0,11560,1734.0,9826.0,7908,1918.0,19.52,Card,Online,Noida
ORD101807,2025-06-28,C1387,P125,Desk Lamp V2,Office,4,4970,3317,10.0,19880,1988.0,17892.0,13268,4624.0,25.84,Cash,Online,Agra
ORD101808,2024-11-27,C1376,P156,Laptop Bag V3,Accessories,4,1980,1255,10.0,7920,792.0,7128.0,5020,2108.0,29.57,UPI,Online,Varanasi
ORD101809,2024-09-11,C1066,P121,Office Chair V1,Office,1,6460,4606,10.0,6460,646.0,5814.0,4606,1208.0,20.78,UPI,Store,Noida
ORD101810,2025-12-14,C1484,P105,Keyboard V3,Electronics,4,4190,3534,15.0,16760,2514.0,14246.0,14136,110.0,0.77,Card,Store,Jaipur
ORD101811,2024-06-13,C1436,P115,Bluetooth Speaker V1,Electronics,1,6930,4749,0.0,6930,0.0,6930.0,4749,2181.0,31.47,Cash,Online,Jaipur
ORD101812,2026-03-16,C1292,P177,Tea V3,Grocery,1,540,388,20.0,540,108.0,432.0,388,44.0,10.19,UPI,Store,Gurugram
ORD101813,2025-09-27,C1026,P147,Cushion V3,Home,1,2180,1724,15.0,2180,327.0,1853.0,1724,129.0,6.96,Card,Online,Lucknow
ORD101814,2024-08-17,C1017,P132,File Folder V3,Office,2,4410,2825,15.0,8820,1323.0,7497.0,5650,1847.0,24.64,Net Banking,Online,Lucknow
ORD101815,2026-03-13,C1354,P122,Office Chair V2,Office,3,4160,2937,15.0,12480,1872.0,10608.0,8811,1797.0,16.94,Cash,Online,Agra
ORD101816,2026-06-14,C1152,P141,Storage Box V3,Home,2,2200,1823,10.0,4400,440.0,3960.0,3646,314.0,7.93,Card,Store,Prayagraj
ORD101817,2026-06-17,C1481,P169,Travel Pouch V1,Accessories,3,2560,1733,5.0,7680,384.0,7296.0,5199,2097.0,28.74,Net Banking,Store,Lucknow
ORD101818,2024-11-03,C1191,P139,Storage Box V1,Home,2,2100,1652,15.0,4200,630.0,3570.0,3304,266.0,7.45,UPI,Online,Prayagraj
ORD101819,2024-06-02,C1479,P158,Phone Case V2,Accessories,2,2660,1753,10.0,5320,532.0,4788.0,3506,1282.0,26.78,UPI,Online,Varanasi
ORD101820,2026-01-26,C1030,P171,Travel Pouch V3,Accessories,1,1430,1156,10.0,1430,143.0,1287.0,1156,131.0,10.18,UPI,Online,Varanasi
ORD101821,2025-10-08,C1446,P114,Webcam V3,Electronics,3,3680,2607,5.0,11040,552.0,10488.0,7821,2667.0,25.43,UPI,Online,Noida
ORD101822,2025-12-30,C1321,P127,Printer Paper V1,Office,2,6100,4997,0.0,12200,0.0,12200.0,9994,2206.0,18.08,Card,Online,Gurugram
ORD101823,2026-03-16,C1375,P132,File Folder V3,Office,3,4410,2825,0.0,13230,0.0,13230.0,8475,4755.0,35.94,Card,Online,Prayagraj
ORD101824,2025-02-10,C1123,P153,Cleaning Kit V3,Home,6,2770,1726,0.0,16620,0.0,16620.0,10356,6264.0,37.69,Net Banking,Phone,Mumbai
ORD101825,2024-02-15,C1155,P116,Bluetooth Speaker V2,Electronics,1,4810,3714,10.0,4810,481.0,4329.0,3714,615.0,14.21,Card,Online,Noida
ORD101826,2026-06-21,C1180,P116,Bluetooth Speaker V2,Electronics,2,4810,3714,0.0,9620,0.0,9620.0,7428,2192.0,22.79,Card,Store,Noida
ORD101827,2024-12-04,C1267,P135,Stapler V3,Office,2,7170,4632,0.0,14340,0.0,14340.0,9264,5076.0,35.4,UPI,Store,Lucknow
ORD101828,2026-03-05,C1428,P136,Water Bottle V1,Home,2,1430,1182,20.0,2860,572.0,2288.0,2364,-76.0,-3.32,Cash,Store,Delhi
ORD101829,2025-01-11,C1418,P149,LED Bulb V2,Home,3,1290,1029,20.0,3870,774.0,3096.0,3087,9.0,0.29,Cash,Store,Delhi
ORD101830,2025-08-10,C1103,P146,Cushion V2,Home,1,3320,2419,5.0,3320,166.0,3154.0,2419,735.0,23.3,UPI,Store,Varanasi
ORD101831,2024-10-18,C1213,P153,Cleaning Kit V3,Home,1,2770,1726,10.0,2770,277.0,2493.0,1726,767.0,30.77,UPI,Phone,Jaipur
ORD101832,2025-11-12,C1174,P141,Storage Box V3,Home,2,2200,1823,10.0,4400,440.0,3960.0,3646,314.0,7.93,UPI,Store,Varanasi
ORD101833,2024-10-15,C1489,P161,Charging Cable V2,Accessories,6,2440,1541,5.0,14640,732.0,13908.0,9246,4662.0,33.52,Cash,Store,Lucknow
ORD101834,2024-06-17,C1464,P166,Desk Mat V1,Accessories,2,3330,2082,0.0,6660,0.0,6660.0,4164,2496.0,37.48,UPI,Store,Lucknow
ORD101835,2024-12-02,C1358,P133,Stapler V1,Office,3,6390,4143,0.0,19170,0.0,19170.0,12429,6741.0,35.16,UPI,Phone,Prayagraj
ORD101836,2024-12-01,C1056,P121,Office Chair V1,Office,1,6460,4606,10.0,6460,646.0,5814.0,4606,1208.0,20.78,Card,Online,Gurugram
ORD101837,2026-02-08,C1258,P155,Laptop Bag V2,Accessories,2,2620,1779,5.0,5240,262.0,4978.0,3558,1420.0,28.53,Card,Store,Kanpur
ORD101838,2026-01-25,C1085,P170,Travel Pouch V2,Accessories,1,1850,1364,20.0,1850,370.0,1480.0,1364,116.0,7.84,Card,Store,Agra
ORD101839,2024-08-25,C1021,P151,Cleaning Kit V1,Home,4,2890,1977,10.0,11560,1156.0,10404.0,7908,2496.0,23.99,Card,Store,Varanasi
ORD101840,2024-03-25,C1034,P104,Keyboard V2,Electronics,3,820,576,0.0,2460,0.0,2460.0,1728,732.0,29.76,UPI,Online,Jaipur
ORD101841,2024-09-09,C1200,P119,Notebook V2,Office,2,3040,2028,15.0,6080,912.0,5168.0,4056,1112.0,21.52,Card,Online,Lucknow
ORD101842,2025-09-10,C1249,P179,Biscuits V2,Grocery,3,1150,889,0.0,3450,0.0,3450.0,2667,783.0,22.7,UPI,Store,Kanpur
ORD101843,2024-11-30,C1358,P132,File Folder V3,Office,6,4410,2825,10.0,26460,2646.0,23814.0,16950,6864.0,28.82,UPI,Store,Prayagraj
ORD101844,2025-10-22,C1122,P112,Webcam V1,Electronics,3,930,736,0.0,2790,0.0,2790.0,2208,582.0,20.86,Card,Online,Agra
ORD101845,2026-03-01,C1148,P105,Keyboard V3,Electronics,2,4190,3534,10.0,8380,838.0,7542.0,7068,474.0,6.28,UPI,Phone,Delhi
ORD101846,2024-07-25,C1104,P134,Stapler V2,Office,2,5250,3976,10.0,10500,1050.0,9450.0,7952,1498.0,15.85,UPI,Online,Delhi
ORD101847,2024-10-29,C1000,P157,Phone Case V1,Accessories,3,560,464,15.0,1680,252.0,1428.0,1392,36.0,2.52,Card,Store,Varanasi
ORD101848,2024-03-24,C1375,P168,Desk Mat V3,Accessories,1,2910,2229,10.0,2910,291.0,2619.0,2229,390.0,14.89,UPI,Online,Prayagraj
ORD101849,2025-12-08,C1230,P118,Notebook V1,Office,3,2820,2304,5.0,8460,423.0,8037.0,6912,1125.0,14.0,Card,Store,Lucknow
ORD101850,2024-07-12,C1195,P115,Bluetooth Speaker V1,Electronics,2,6930,4749,15.0,13860,2079.0,11781.0,9498,2283.0,19.38,UPI,Online,Jaipur
ORD101851,2025-02-13,C1380,P106,Headphones V1,Electronics,1,4570,3663,5.0,4570,228.5,4341.5,3663,678.5,15.63,UPI,Online,Kanpur
ORD101852,2026-01-14,C1089,P173,Coffee V2,Grocery,1,930,610,10.0,930,93.0,837.0,610,227.0,27.12,Card,Online,Kanpur
ORD101853,2025-08-14,C1406,P108,Headphones V3,Electronics,1,4890,3636,10.0,4890,489.0,4401.0,3636,765.0,17.38,UPI,Online,Delhi
ORD101854,2025-07-04,C1188,P124,Desk Lamp V1,Office,1,4350,2868,0.0,4350,0.0,4350.0,2868,1482.0,34.07,UPI,Online,Prayagraj
ORD101855,2024-02-02,C1402,P115,Bluetooth Speaker V1,Electronics,5,6930,4749,0.0,34650,0.0,34650.0,23745,10905.0,31.47,Card,Store,Jaipur
ORD101856,2025-05-02,C1020,P128,Printer Paper V2,Office,4,2840,2176,0.0,11360,0.0,11360.0,8704,2656.0,23.38,Card,Online,Gurugram
ORD101857,2024-03-15,C1173,P166,Desk Mat V1,Accessories,1,3330,2082,5.0,3330,166.5,3163.5,2082,1081.5,34.19,Net Banking,Online,Delhi
ORD101858,2024-06-30,C1266,P124,Desk Lamp V1,Office,1,4350,2868,10.0,4350,435.0,3915.0,2868,1047.0,26.74,Card,Phone,Delhi
ORD101859,2025-06-14,C1347,P138,Water Bottle V3,Home,4,2890,1947,5.0,11560,578.0,10982.0,7788,3194.0,29.08,Card,Online,Jaipur
ORD101860,2024-01-22,C1383,P103,Keyboard V1,Electronics,2,4190,2634,10.0,8380,838.0,7542.0,5268,2274.0,30.15,Net Banking,Online,Jaipur
ORD101861,2024-07-08,C1249,P167,Desk Mat V2,Accessories,1,3170,2059,0.0,3170,0.0,3170.0,2059,1111.0,35.05,UPI,Phone,Kanpur
ORD101862,2024-01-10,C1029,P123,Office Chair V3,Office,1,4680,3454,15.0,4680,702.0,3978.0,3454,524.0,13.17,UPI,Store,Lucknow
ORD101863,2025-03-26,C1092,P107,Headphones V2,Electronics,2,3120,2535,15.0,6240,936.0,5304.0,5070,234.0,4.41,Net Banking,Store,Noida
ORD101864,2026-06-26,C1084,P115,Bluetooth Speaker V1,Electronics,1,6930,4749,10.0,6930,693.0,6237.0,4749,1488.0,23.86,Cash,Phone,Gurugram
ORD101865,2025-10-16,C1243,P166,Desk Mat V1,Accessories,1,3330,2082,15.0,3330,499.5,2830.5,2082,748.5,26.44,UPI,Store,Jaipur
ORD101866,2025-06-22,C1172,P149,LED Bulb V2,Home,1,1290,1029,15.0,1290,193.5,1096.5,1029,67.5,6.16,UPI,Online,Lucknow
ORD101867,2025-05-02,C1450,P158,Phone Case V2,Accessories,1,2660,1753,20.0,2660,532.0,2128.0,1753,375.0,17.62,UPI,Store,Delhi
ORD101868,2025-10-14,C1131,P172,Coffee V1,Grocery,1,660,526,20.0,660,132.0,528.0,526,2.0,0.38,UPI,Online,Prayagraj
ORD101869,2025-03-18,C1423,P150,LED Bulb V3,Home,4,2960,2119,10.0,11840,1184.0,10656.0,8476,2180.0,20.46,UPI,Store,Noida
ORD101870,2025-05-11,C1284,P158,Phone Case V2,Accessories,1,2660,1753,0.0,2660,0.0,2660.0,1753,907.0,34.1,UPI,Store,Kanpur
ORD101871,2026-02-02,C1282,P105,Keyboard V3,Electronics,3,4190,3534,10.0,12570,1257.0,11313.0,10602,711.0,6.28,UPI,Store,Varanasi
ORD101872,2024-12-08,C1229,P122,Office Chair V2,Office,3,4160,2937,10.0,12480,1248.0,11232.0,8811,2421.0,21.55,UPI,Online,Delhi
ORD101873,2025-05-09,C1109,P164,Power Bank V2,Accessories,1,1150,849,0.0,1150,0.0,1150.0,849,301.0,26.17,Net Banking,Online,Varanasi
ORD101874,2025-02-17,C1293,P134,Stapler V2,Office,1,5250,3976,10.0,5250,525.0,4725.0,3976,749.0,15.85,UPI,Online,Gurugram
ORD101875,2025-06-24,C1296,P155,Laptop Bag V2,Accessories,2,2620,1779,0.0,5240,0.0,5240.0,3558,1682.0,32.1,Net Banking,Online,Lucknow
ORD101876,2025-12-02,C1247,P130,File Folder V1,Office,2,3130,2238,15.0,6260,939.0,5321.0,4476,845.0,15.88,UPI,Store,Kanpur
ORD101877,2024-12-06,C1412,P144,Table Clock V3,Home,6,2960,2357,5.0,17760,888.0,16872.0,14142,2730.0,16.18,Net Banking,Store,Prayagraj
ORD101878,2025-07-01,C1389,P169,Travel Pouch V1,Accessories,3,2560,1733,10.0,7680,768.0,6912.0,5199,1713.0,24.78,UPI,Phone,Noida
ORD101879,2025-05-27,C1398,P179,Biscuits V2,Grocery,1,1150,889,10.0,1150,115.0,1035.0,889,146.0,14.11,UPI,Online,Prayagraj
ORD101880,2024-11-11,C1158,P157,Phone Case V1,Accessories,1,560,464,10.0,560,56.0,504.0,464,40.0,7.94,Cash,Store,Jaipur
ORD101881,2025-01-31,C1050,P153,Cleaning Kit V3,Home,5,2770,1726,5.0,13850,692.5,13157.5,8630,4527.5,34.41,Card,Store,Gurugram
ORD101882,2025-08-18,C1464,P175,Tea V1,Grocery,1,1390,900,0.0,1390,0.0,1390.0,900,490.0,35.25,Card,Store,Lucknow
ORD101883,2024-03-17,C1222,P169,Travel Pouch V1,Accessories,1,2560,1733,0.0,2560,0.0,2560.0,1733,827.0,32.3,UPI,Store,Delhi
ORD101884,2024-01-28,C1191,P120,Notebook V3,Office,1,5080,3876,10.0,5080,508.0,4572.0,3876,696.0,15.22,Cash,Store,Prayagraj
ORD101885,2024-06-13,C1476,P163,Power Bank V1,Accessories,2,510,428,10.0,1020,102.0,918.0,856,62.0,6.75,UPI,Online,Noida
ORD101886,2026-02-10,C1320,P111,USB Hub V3,Electronics,1,1850,1273,10.0,1850,185.0,1665.0,1273,392.0,23.54,UPI,Online,Agra
ORD101887,2025-03-13,C1001,P132,File Folder V3,Office,3,4410,2825,0.0,13230,0.0,13230.0,8475,4755.0,35.94,Net Banking,Online,Mumbai
ORD101888,2024-06-15,C1336,P110,USB Hub V2,Electronics,2,980,657,0.0,1960,0.0,1960.0,1314,646.0,32.96,Cash,Online,Kanpur
ORD101889,2025-03-28,C1345,P170,Travel Pouch V2,Accessories,2,1850,1364,5.0,3700,185.0,3515.0,2728,787.0,22.39,Card,Online,Delhi
ORD101890,2026-04-19,C1275,P133,Stapler V1,Office,1,6390,4143,10.0,6390,639.0,5751.0,4143,1608.0,27.96,UPI,Online,Gurugram
ORD101891,2026-02-11,C1245,P166,Desk Mat V1,Accessories,2,3330,2082,5.0,6660,333.0,6327.0,4164,2163.0,34.19,Card,Online,Lucknow
ORD101892,2024-07-20,C1403,P100,Wireless Mouse V1,Electronics,1,3130,2246,0.0,3130,0.0,3130.0,2246,884.0,28.24,UPI,Online,Lucknow
ORD101893,2024-02-04,C1462,P144,Table Clock V3,Home,1,2960,2357,15.0,2960,444.0,2516.0,2357,159.0,6.32,UPI,Online,Lucknow
ORD101894,2026-05-12,C1423,P129,Printer Paper V3,Office,1,7700,4733,10.0,7700,770.0,6930.0,4733,2197.0,31.7,Card,Online,Noida
ORD101895,2025-02-21,C1149,P151,Cleaning Kit V1,Home,2,2890,1977,10.0,5780,578.0,5202.0,3954,1248.0,23.99,Card,Store,Jaipur
ORD101896,2024-08-01,C1067,P170,Travel Pouch V2,Accessories,2,1850,1364,5.0,3700,185.0,3515.0,2728,787.0,22.39,UPI,Store,Prayagraj
ORD101897,2024-11-13,C1472,P175,Tea V1,Grocery,3,1390,900,0.0,4170,0.0,4170.0,2700,1470.0,35.25,Card,Online,Noida
ORD101898,2025-10-16,C1325,P143,Table Clock V2,Home,1,2900,2046,10.0,2900,290.0,2610.0,2046,564.0,21.61,Card,Online,Prayagraj
ORD101899,2024-10-20,C1144,P126,Desk Lamp V3,Office,3,370,241,0.0,1110,0.0,1110.0,723,387.0,34.86,Card,Store,Noida
ORD101900,2026-04-27,C1414,P148,LED Bulb V1,Home,6,1590,982,5.0,9540,477.0,9063.0,5892,3171.0,34.99,Cash,Store,Jaipur
ORD101901,2025-11-15,C1281,P169,Travel Pouch V1,Accessories,3,2560,1733,5.0,7680,384.0,7296.0,5199,2097.0,28.74,Card,Online,Kanpur
ORD101902,2024-01-31,C1499,P116,Bluetooth Speaker V2,Electronics,1,4810,3714,5.0,4810,240.5,4569.5,3714,855.5,18.72,Net Banking,Online,Varanasi
ORD101903,2026-03-03,C1222,P177,Tea V3,Grocery,5,540,388,20.0,2700,540.0,2160.0,1940,220.0,10.19,Card,Store,Delhi
ORD101904,2024-05-18,C1484,P106,Headphones V1,Electronics,1,4570,3663,0.0,4570,0.0,4570.0,3663,907.0,19.85,Card,Phone,Jaipur
ORD101905,2024-02-22,C1473,P131,File Folder V2,Office,2,5150,3339,5.0,10300,515.0,9785.0,6678,3107.0,31.75,Card,Phone,Kanpur
ORD101906,2025-01-02,C1015,P147,Cushion V3,Home,1,2180,1724,5.0,2180,109.0,2071.0,1724,347.0,16.76,Cash,Online,Lucknow
ORD101907,2026-01-19,C1231,P169,Travel Pouch V1,Accessories,1,2560,1733,0.0,2560,0.0,2560.0,1733,827.0,32.3,Card,Store,Gurugram
ORD101908,2024-04-08,C1396,P142,Table Clock V1,Home,2,2610,1876,20.0,5220,1044.0,4176.0,3752,424.0,10.15,Net Banking,Phone,Lucknow
ORD101909,2025-08-30,C1144,P100,Wireless Mouse V1,Electronics,1,3130,2246,0.0,3130,0.0,3130.0,2246,884.0,28.24,UPI,Online,Noida
ORD101910,2026-01-30,C1272,P157,Phone Case V1,Accessories,1,560,464,10.0,560,56.0,504.0,464,40.0,7.94,UPI,Store,Lucknow
ORD101911,2024-12-16,C1146,P128,Printer Paper V2,Office,1,2840,2176,10.0,2840,284.0,2556.0,2176,380.0,14.87,Cash,Online,Delhi
ORD101912,2026-04-22,C1374,P119,Notebook V2,Office,2,3040,2028,5.0,6080,304.0,5776.0,4056,1720.0,29.78,Card,Store,Jaipur
ORD101913,2024-11-10,C1447,P171,Travel Pouch V3,Accessories,2,1430,1156,10.0,2860,286.0,2574.0,2312,262.0,10.18,UPI,Online,Jaipur
ORD101914,2024-06-29,C1044,P112,Webcam V1,Electronics,1,930,736,0.0,930,0.0,930.0,736,194.0,20.86,Cash,Store,Delhi
ORD101915,2025-11-10,C1453,P120,Notebook V3,Office,1,5080,3876,10.0,5080,508.0,4572.0,3876,696.0,15.22,Card,Online,Gurugram
ORD101916,2025-06-15,C1491,P171,Travel Pouch V3,Accessories,1,1430,1156,15.0,1430,214.5,1215.5,1156,59.5,4.9,UPI,Phone,Noida
ORD101917,2024-10-16,C1072,P108,Headphones V3,Electronics,5,4890,3636,10.0,24450,2445.0,22005.0,18180,3825.0,17.38,Card,Online,Kanpur
ORD101918,2025-08-15,C1355,P106,Headphones V1,Electronics,5,4570,3663,5.0,22850,1142.5,21707.5,18315,3392.5,15.63,Card,Store,Noida
ORD101919,2025-07-18,C1300,P131,File Folder V2,Office,2,5150,3339,10.0,10300,1030.0,9270.0,6678,2592.0,27.96,UPI,Online,Noida
ORD101920,2026-02-02,C1353,P127,Printer Paper V1,Office,1,6100,4997,5.0,6100,305.0,5795.0,4997,798.0,13.77,UPI,Store,Varanasi
ORD101921,2025-01-27,C1118,P116,Bluetooth Speaker V2,Electronics,2,4810,3714,10.0,9620,962.0,8658.0,7428,1230.0,14.21,Card,Online,Lucknow
ORD101922,2026-03-25,C1061,P149,LED Bulb V2,Home,4,1290,1029,0.0,5160,0.0,5160.0,4116,1044.0,20.23,UPI,Online,Mumbai
ORD101923,2026-01-20,C1117,P135,Stapler V3,Office,6,7170,4632,0.0,43020,0.0,43020.0,27792,15228.0,35.4,UPI,Phone,Kanpur
ORD101924,2026-03-25,C1290,P131,File Folder V2,Office,1,5150,3339,15.0,5150,772.5,4377.5,3339,1038.5,23.72,Card,Online,Agra
ORD101925,2026-06-14,C1310,P155,Laptop Bag V2,Accessories,2,2620,1779,5.0,5240,262.0,4978.0,3558,1420.0,28.53,Cash,Online,Varanasi
ORD101926,2025-02-02,C1409,P138,Water Bottle V3,Home,2,2890,1947,5.0,5780,289.0,5491.0,3894,1597.0,29.08,Card,Phone,Mumbai
ORD101927,2024-11-13,C1097,P156,Laptop Bag V3,Accessories,4,1980,1255,5.0,7920,396.0,7524.0,5020,2504.0,33.28,Cash,Online,Gurugram
ORD101928,2024-01-13,C1387,P142,Table Clock V1,Home,1,2610,1876,0.0,2610,0.0,2610.0,1876,734.0,28.12,UPI,Store,Agra
ORD101929,2025-11-23,C1408,P140,Storage Box V2,Home,5,1780,1191,10.0,8900,890.0,8010.0,5955,2055.0,25.66,Card,Online,Gurugram
ORD101930,2026-01-29,C1051,P118,Notebook V1,Office,1,2820,2304,5.0,2820,141.0,2679.0,2304,375.0,14.0,UPI,Phone,Agra
ORD101931,2024-07-17,C1302,P166,Desk Mat V1,Accessories,1,3330,2082,0.0,3330,0.0,3330.0,2082,1248.0,37.48,UPI,Store,Noida
ORD101932,2025-05-17,C1468,P154,Laptop Bag V1,Accessories,3,3580,2326,5.0,10740,537.0,10203.0,6978,3225.0,31.61,UPI,Online,Noida
ORD101933,2026-04-28,C1395,P110,USB Hub V2,Electronics,3,980,657,10.0,2940,294.0,2646.0,1971,675.0,25.51,Card,Store,Delhi
ORD101934,2024-12-12,C1105,P165,Power Bank V3,Accessories,5,1990,1688,0.0,9950,0.0,9950.0,8440,1510.0,15.18,Net Banking,Online,Lucknow
ORD101935,2025-02-02,C1073,P154,Laptop Bag V1,Accessories,3,3580,2326,5.0,10740,537.0,10203.0,6978,3225.0,31.61,Card,Store,Mumbai
ORD101936,2025-02-18,C1461,P139,Storage Box V1,Home,1,2100,1652,0.0,2100,0.0,2100.0,1652,448.0,21.33,Card,Online,Mumbai
ORD101937,2025-02-23,C1459,P149,LED Bulb V2,Home,2,1290,1029,10.0,2580,258.0,2322.0,2058,264.0,11.37,UPI,Online,Agra
ORD101938,2025-04-21,C1258,P134,Stapler V2,Office,6,5250,3976,15.0,31500,4725.0,26775.0,23856,2919.0,10.9,Card,Online,Kanpur
ORD101939,2024-01-11,C1256,P147,Cushion V3,Home,2,2180,1724,10.0,4360,436.0,3924.0,3448,476.0,12.13,Cash,Store,Lucknow
ORD101940,2024-10-14,C1331,P105,Keyboard V3,Electronics,2,4190,3534,15.0,8380,1257.0,7123.0,7068,55.0,0.77,UPI,Store,Kanpur
ORD101941,2024-01-19,C1498,P146,Cushion V2,Home,3,3320,2419,5.0,9960,498.0,9462.0,7257,2205.0,23.3,Net Banking,Store,Delhi
ORD101942,2025-07-16,C1190,P121,Office Chair V1,Office,3,6460,4606,5.0,19380,969.0,18411.0,13818,4593.0,24.95,UPI,Store,Lucknow
ORD101943,2025-09-13,C1285,P125,Desk Lamp V2,Office,2,4970,3317,15.0,9940,1491.0,8449.0,6634,1815.0,21.48,Cash,Online,Kanpur
ORD101944,2025-07-16,C1313,P133,Stapler V1,Office,2,6390,4143,10.0,12780,1278.0,11502.0,8286,3216.0,27.96,UPI,Store,Jaipur
ORD101945,2025-11-23,C1198,P162,Charging Cable V3,Accessories,5,3240,2132,0.0,16200,0.0,16200.0,10660,5540.0,34.2,UPI,Store,Delhi
ORD101946,2025-05-19,C1358,P161,Charging Cable V2,Accessories,5,2440,1541,5.0,12200,610.0,11590.0,7705,3885.0,33.52,UPI,Phone,Prayagraj
ORD101947,2026-05-15,C1291,P119,Notebook V2,Office,4,3040,2028,10.0,12160,1216.0,10944.0,8112,2832.0,25.88,UPI,Online,Noida
ORD101948,2024-10-26,C1128,P153,Cleaning Kit V3,Home,2,2770,1726,0.0,5540,0.0,5540.0,3452,2088.0,37.69,Card,Online,Agra
ORD101949,2025-04-14,C1191,P147,Cushion V3,Home,1,2180,1724,5.0,2180,109.0,2071.0,1724,347.0,16.76,Net Banking,Online,Prayagraj
ORD101950,2024-11-12,C1344,P105,Keyboard V3,Electronics,6,4190,3534,5.0,25140,1257.0,23883.0,21204,2679.0,11.22,UPI,Store,Gurugram
ORD101951,2024-03-12,C1446,P151,Cleaning Kit V1,Home,2,2890,1977,0.0,5780,0.0,5780.0,3954,1826.0,31.59,Cash,Store,Noida
ORD101952,2026-03-05,C1127,P171,Travel Pouch V3,Accessories,7,1430,1156,10.0,10010,1001.0,9009.0,8092,917.0,10.18,Cash,Store,Gurugram
ORD101953,2025-05-28,C1331,P171,Travel Pouch V3,Accessories,1,1430,1156,0.0,1430,0.0,1430.0,1156,274.0,19.16,Cash,Online,Kanpur
ORD101954,2024-05-11,C1230,P110,USB Hub V2,Electronics,1,980,657,15.0,980,147.0,833.0,657,176.0,21.13,Net Banking,Store,Lucknow
ORD101955,2025-03-23,C1067,P142,Table Clock V1,Home,2,2610,1876,5.0,5220,261.0,4959.0,3752,1207.0,24.34,UPI,Phone,Prayagraj
ORD101956,2025-01-19,C1199,P132,File Folder V3,Office,5,4410,2825,15.0,22050,3307.5,18742.5,14125,4617.5,24.64,Cash,Store,Kanpur
ORD101957,2026-05-27,C1130,P124,Desk Lamp V1,Office,2,4350,2868,10.0,8700,870.0,7830.0,5736,2094.0,26.74,UPI,Online,Prayagraj
ORD101958,2026-03-18,C1255,P110,USB Hub V2,Electronics,8,980,657,20.0,7840,1568.0,6272.0,5256,1016.0,16.2,UPI,Online,Lucknow
ORD101959,2025-10-16,C1451,P164,Power Bank V2,Accessories,1,1150,849,10.0,1150,115.0,1035.0,849,186.0,17.97,Net Banking,Online,Delhi
ORD101960,2024-08-24,C1211,P152,Cleaning Kit V2,Home,1,3090,2318,0.0,3090,0.0,3090.0,2318,772.0,24.98,UPI,Store,Kanpur
ORD101961,2024-08-10,C1195,P142,Table Clock V1,Home,1,2610,1876,5.0,2610,130.5,2479.5,1876,603.5,24.34,UPI,Online,Jaipur
ORD101962,2025-04-25,C1069,P159,Phone Case V3,Accessories,2,1360,849,10.0,2720,272.0,2448.0,1698,750.0,30.64,Card,Store,Agra
ORD101963,2024-06-19,C1031,P106,Headphones V1,Electronics,2,4570,3663,15.0,9140,1371.0,7769.0,7326,443.0,5.7,UPI,Store,Agra
ORD101964,2024-06-30,C1341,P157,Phone Case V1,Accessories,1,560,464,15.0,560,84.0,476.0,464,12.0,2.52,Card,Store,Jaipur
ORD101965,2024-11-29,C1291,P127,Printer Paper V1,Office,6,6100,4997,0.0,36600,0.0,36600.0,29982,6618.0,18.08,Net Banking,Online,Noida
ORD101966,2024-07-09,C1131,P178,Biscuits V1,Grocery,1,1460,1162,5.0,1460,73.0,1387.0,1162,225.0,16.22,Net Banking,Store,Prayagraj
ORD101967,2026-01-19,C1229,P136,Water Bottle V1,Home,2,1430,1182,5.0,2860,143.0,2717.0,2364,353.0,12.99,UPI,Online,Delhi
ORD101968,2026-05-07,C1363,P108,Headphones V3,Electronics,1,4890,3636,5.0,4890,244.5,4645.5,3636,1009.5,21.73,Card,Online,Mumbai
ORD101969,2026-01-12,C1177,P166,Desk Mat V1,Accessories,4,3330,2082,0.0,13320,0.0,13320.0,8328,4992.0,37.48,Card,Store,Jaipur
ORD101970,2025-06-13,C1146,P150,LED Bulb V3,Home,2,2960,2119,5.0,5920,296.0,5624.0,4238,1386.0,24.64,UPI,Phone,Delhi
ORD101971,2024-08-30,C1040,P135,Stapler V3,Office,2,7170,4632,0.0,14340,0.0,14340.0,9264,5076.0,35.4,UPI,Online,Lucknow
ORD101972,2025-08-27,C1446,P121,Office Chair V1,Office,1,6460,4606,10.0,6460,646.0,5814.0,4606,1208.0,20.78,Cash,Online,Noida
ORD101973,2025-07-02,C1058,P174,Coffee V3,Grocery,3,1420,1012,5.0,4260,213.0,4047.0,3036,1011.0,24.98,Net Banking,Online,Noida
ORD101974,2025-05-06,C1083,P132,File Folder V3,Office,2,4410,2825,10.0,8820,882.0,7938.0,5650,2288.0,28.82,Cash,Online,Delhi
ORD101975,2024-05-15,C1247,P161,Charging Cable V2,Accessories,2,2440,1541,5.0,4880,244.0,4636.0,3082,1554.0,33.52,UPI,Online,Kanpur
ORD101976,2024-09-16,C1168,P144,Table Clock V3,Home,2,2960,2357,0.0,5920,0.0,5920.0,4714,1206.0,20.37,UPI,Online,Lucknow
ORD101977,2024-10-29,C1164,P147,Cushion V3,Home,1,2180,1724,0.0,2180,0.0,2180.0,1724,456.0,20.92,UPI,Online,Prayagraj
ORD101978,2025-10-12,C1333,P101,Wireless Mouse V2,Electronics,1,2890,2270,10.0,2890,289.0,2601.0,2270,331.0,12.73,Card,Online,Prayagraj
ORD101979,2025-09-12,C1124,P170,Travel Pouch V2,Accessories,1,1850,1364,15.0,1850,277.5,1572.5,1364,208.5,13.26,Card,Online,Kanpur
ORD101980,2026-06-18,C1022,P113,Webcam V2,Electronics,1,2640,1889,5.0,2640,132.0,2508.0,1889,619.0,24.68,UPI,Online,Jaipur
ORD101981,2025-10-12,C1495,P117,Bluetooth Speaker V3,Electronics,3,1400,967,0.0,4200,0.0,4200.0,2901,1299.0,30.93,UPI,Phone,Jaipur
ORD101982,2024-09-16,C1275,P166,Desk Mat V1,Accessories,3,3330,2082,10.0,9990,999.0,8991.0,6246,2745.0,30.53,Card,Store,Gurugram
ORD101983,2025-05-30,C1164,P141,Storage Box V3,Home,1,2200,1823,15.0,2200,330.0,1870.0,1823,47.0,2.51,Net Banking,Store,Prayagraj
ORD101984,2025-12-24,C1415,P143,Table Clock V2,Home,2,2900,2046,5.0,5800,290.0,5510.0,4092,1418.0,25.74,UPI,Online,Gurugram
ORD101985,2025-06-18,C1004,P162,Charging Cable V3,Accessories,3,3240,2132,10.0,9720,972.0,8748.0,6396,2352.0,26.89,UPI,Store,Gurugram
ORD101986,2026-04-18,C1410,P127,Printer Paper V1,Office,4,6100,4997,0.0,24400,0.0,24400.0,19988,4412.0,18.08,UPI,Online,Prayagraj
ORD101987,2026-06-20,C1291,P138,Water Bottle V3,Home,2,2890,1947,15.0,5780,867.0,4913.0,3894,1019.0,20.74,UPI,Online,Noida
ORD101988,2025-12-14,C1331,P111,USB Hub V3,Electronics,4,1850,1273,15.0,7400,1110.0,6290.0,5092,1198.0,19.05,UPI,Store,Kanpur
ORD101989,2025-09-17,C1173,P167,Desk Mat V2,Accessories,1,3170,2059,0.0,3170,0.0,3170.0,2059,1111.0,35.05,UPI,Store,Delhi
ORD101990,2024-01-16,C1468,P112,Webcam V1,Electronics,2,930,736,0.0,1860,0.0,1860.0,1472,388.0,20.86,Net Banking,Store,Noida
ORD101991,2026-02-18,C1111,P124,Desk Lamp V1,Office,2,4350,2868,5.0,8700,435.0,8265.0,5736,2529.0,30.6,Net Banking,Online,Delhi
ORD101992,2026-03-14,C1027,P138,Water Bottle V3,Home,2,2890,1947,5.0,5780,289.0,5491.0,3894,1597.0,29.08,UPI,Online,Jaipur
ORD101993,2024-01-31,C1316,P155,Laptop Bag V2,Accessories,2,2620,1779,0.0,5240,0.0,5240.0,3558,1682.0,32.1,Cash,Phone,Varanasi
ORD101994,2024-12-22,C1456,P164,Power Bank V2,Accessories,1,1150,849,5.0,1150,57.5,1092.5,849,243.5,22.29,Card,Online,Agra
ORD101995,2026-02-14,C1220,P142,Table Clock V1,Home,3,2610,1876,5.0,7830,391.5,7438.5,5628,1810.5,24.34,Net Banking,Store,Agra
ORD101996,2024-02-28,C1160,P177,Tea V3,Grocery,1,540,388,20.0,540,108.0,432.0,388,44.0,10.19,Net Banking,Online,Gurugram
ORD101997,2026-02-17,C1163,P114,Webcam V3,Electronics,3,3680,2607,10.0,11040,1104.0,9936.0,7821,2115.0,21.29,UPI,Store,Gurugram
ORD101998,2024-02-28,C1014,P128,Printer Paper V2,Office,1,2840,2176,10.0,2840,284.0,2556.0,2176,380.0,14.87,Card,Online,Agra
ORD101999,2024-11-13,C1202,P107,Headphones V2,Electronics,1,3120,2535,5.0,3120,156.0,2964.0,2535,429.0,14.47,Cash,Online,Prayagraj
ORD102000,2024-06-22,C1291,P109,USB Hub V1,Electronics,2,1970,1209,10.0,3940,394.0,3546.0,2418,1128.0,31.81,Card,Online,Noida
ORD102001,2025-04-05,C1351,P107,Headphones V2,Electronics,3,3120,2535,10.0,9360,936.0,8424.0,7605,819.0,9.72,Card,Store,Noida
ORD102002,2026-02-21,C1388,P116,Bluetooth Speaker V2,Electronics,4,4810,3714,10.0,19240,1924.0,17316.0,14856,2460.0,14.21,UPI,Phone,Lucknow
ORD102003,2024-12-20,C1204,P135,Stapler V3,Office,2,7170,4632,15.0,14340,2151.0,12189.0,9264,2925.0,24.0,Cash,Store,Varanasi
ORD102004,2024-06-03,C1068,P138,Water Bottle V3,Home,1,2890,1947,10.0,2890,289.0,2601.0,1947,654.0,25.14,UPI,Store,Mumbai
ORD102005,2024-10-11,C1446,P105,Keyboard V3,Electronics,3,4190,3534,15.0,12570,1885.5,10684.5,10602,82.5,0.77,UPI,Online,Noida
ORD102006,2024-03-29,C1073,P128,Printer Paper V2,Office,3,2840,2176,10.0,8520,852.0,7668.0,6528,1140.0,14.87,UPI,Online,Mumbai
ORD102007,2026-03-09,C1335,P165,Power Bank V3,Accessories,3,1990,1688,20.0,5970,1194.0,4776.0,5064,-288.0,-6.03,UPI,Store,Prayagraj
ORD102008,2026-05-18,C1301,P179,Biscuits V2,Grocery,2,1150,889,10.0,2300,230.0,2070.0,1778,292.0,14.11,Net Banking,Store,Varanasi
ORD102009,2025-09-25,C1499,P114,Webcam V3,Electronics,1,3680,2607,20.0,3680,736.0,2944.0,2607,337.0,11.45,Cash,Store,Varanasi
ORD102010,2025-09-06,C1093,P164,Power Bank V2,Accessories,1,1150,849,5.0,1150,57.5,1092.5,849,243.5,22.29,UPI,Store,Delhi
ORD102011,2025-02-20,C1392,P102,Wireless Mouse V3,Electronics,1,3210,2684,20.0,3210,642.0,2568.0,2684,-116.0,-4.52,UPI,Online,Prayagraj
ORD102012,2026-05-06,C1019,P153,Cleaning Kit V3,Home,1,2770,1726,0.0,2770,0.0,2770.0,1726,1044.0,37.69,Net Banking,Online,Delhi
ORD102013,2025-12-26,C1238,P118,Notebook V1,Office,2,2820,2304,15.0,5640,846.0,4794.0,4608,186.0,3.88,UPI,Store,Noida
ORD102014,2024-10-13,C1187,P110,USB Hub V2,Electronics,2,980,657,10.0,1960,196.0,1764.0,1314,450.0,25.51,UPI,Online,Kanpur
ORD102015,2025-11-14,C1206,P126,Desk Lamp V3,Office,4,370,241,5.0,1480,74.0,1406.0,964,442.0,31.44,UPI,Store,Jaipur
ORD102016,2024-05-24,C1074,P158,Phone Case V2,Accessories,5,2660,1753,10.0,13300,1330.0,11970.0,8765,3205.0,26.78,UPI,Store,Agra
ORD102017,2024-05-25,C1492,P142,Table Clock V1,Home,1,2610,1876,5.0,2610,130.5,2479.5,1876,603.5,24.34,Net Banking,Store,Agra
ORD102018,2024-10-28,C1409,P123,Office Chair V3,Office,1,4680,3454,15.0,4680,702.0,3978.0,3454,524.0,13.17,UPI,Online,Mumbai
ORD102019,2025-06-27,C1215,P105,Keyboard V3,Electronics,2,4190,3534,0.0,8380,0.0,8380.0,7068,1312.0,15.66,UPI,Phone,Lucknow
ORD102020,2025-02-18,C1328,P144,Table Clock V3,Home,1,2960,2357,5.0,2960,148.0,2812.0,2357,455.0,16.18,Card,Store,Agra
ORD102021,2025-12-02,C1070,P116,Bluetooth Speaker V2,Electronics,6,4810,3714,15.0,28860,4329.0,24531.0,22284,2247.0,9.16,UPI,Store,Agra
ORD102022,2025-06-10,C1247,P155,Laptop Bag V2,Accessories,3,2620,1779,0.0,7860,0.0,7860.0,5337,2523.0,32.1,UPI,Online,Kanpur
ORD102023,2024-12-18,C1433,P178,Biscuits V1,Grocery,3,1460,1162,0.0,4380,0.0,4380.0,3486,894.0,20.41,Card,Store,Noida
ORD102024,2024-05-11,C1321,P132,File Folder V3,Office,1,4410,2825,10.0,4410,441.0,3969.0,2825,1144.0,28.82,UPI,Store,Gurugram
ORD102025,2025-08-01,C1315,P158,Phone Case V2,Accessories,3,2660,1753,10.0,7980,798.0,7182.0,5259,1923.0,26.78,UPI,Store,Varanasi
ORD102026,2026-02-06,C1165,P177,Tea V3,Grocery,1,540,388,10.0,540,54.0,486.0,388,98.0,20.16,Net Banking,Online,Delhi
ORD102027,2024-02-11,C1372,P159,Phone Case V3,Accessories,4,1360,849,10.0,5440,544.0,4896.0,3396,1500.0,30.64,Card,Phone,Agra
ORD102028,2025-06-26,C1011,P156,Laptop Bag V3,Accessories,1,1980,1255,10.0,1980,198.0,1782.0,1255,527.0,29.57,Card,Online,Agra
ORD102029,2025-09-03,C1448,P148,LED Bulb V1,Home,1,1590,982,15.0,1590,238.5,1351.5,982,369.5,27.34,Cash,Store,Agra
ORD102030,2025-05-30,C1223,P128,Printer Paper V2,Office,1,2840,2176,0.0,2840,0.0,2840.0,2176,664.0,23.38,UPI,Online,Prayagraj
ORD102031,2025-02-21,C1106,P104,Keyboard V2,Electronics,4,820,576,0.0,3280,0.0,3280.0,2304,976.0,29.76,Cash,Store,Jaipur
ORD102032,2026-01-14,C1400,P153,Cleaning Kit V3,Home,2,2770,1726,20.0,5540,1108.0,4432.0,3452,980.0,22.11,Card,Phone,Delhi
ORD102033,2024-10-13,C1362,P127,Printer Paper V1,Office,2,6100,4997,10.0,12200,1220.0,10980.0,9994,986.0,8.98,Card,Store,Varanasi
ORD102034,2026-04-04,C1071,P139,Storage Box V1,Home,1,2100,1652,0.0,2100,0.0,2100.0,1652,448.0,21.33,Cash,Store,Noida
ORD102035,2024-08-07,C1378,P165,Power Bank V3,Accessories,2,1990,1688,5.0,3980,199.0,3781.0,3376,405.0,10.71,UPI,Store,Delhi
ORD102036,2024-10-15,C1136,P152,Cleaning Kit V2,Home,1,3090,2318,10.0,3090,309.0,2781.0,2318,463.0,16.65,Card,Online,Delhi
ORD102037,2025-07-04,C1182,P135,Stapler V3,Office,4,7170,4632,10.0,28680,2868.0,25812.0,18528,7284.0,28.22,UPI,Phone,Noida
ORD102038,2025-02-15,C1355,P130,File Folder V1,Office,1,3130,2238,0.0,3130,0.0,3130.0,2238,892.0,28.5,UPI,Online,Noida
ORD102039,2025-09-26,C1458,P146,Cushion V2,Home,3,3320,2419,0.0,9960,0.0,9960.0,7257,2703.0,27.14,Card,Online,Delhi
ORD102040,2026-05-09,C1219,P107,Headphones V2,Electronics,4,3120,2535,5.0,12480,624.0,11856.0,10140,1716.0,14.47,Cash,Online,Mumbai
ORD102041,2025-04-06,C1412,P129,Printer Paper V3,Office,1,7700,4733,5.0,7700,385.0,7315.0,4733,2582.0,35.3,UPI,Store,Prayagraj
ORD102042,2024-05-01,C1407,P164,Power Bank V2,Accessories,3,1150,849,0.0,3450,0.0,3450.0,2547,903.0,26.17,UPI,Online,Gurugram
ORD102043,2026-03-09,C1161,P106,Headphones V1,Electronics,1,4570,3663,10.0,4570,457.0,4113.0,3663,450.0,10.94,UPI,Store,Jaipur
ORD102044,2024-09-16,C1444,P151,Cleaning Kit V1,Home,2,2890,1977,10.0,5780,578.0,5202.0,3954,1248.0,23.99,Cash,Store,Jaipur
ORD102045,2024-09-04,C1282,P130,File Folder V1,Office,1,3130,2238,0.0,3130,0.0,3130.0,2238,892.0,28.5,Card,Phone,Varanasi
ORD102046,2025-06-11,C1162,P161,Charging Cable V2,Accessories,2,2440,1541,0.0,4880,0.0,4880.0,3082,1798.0,36.84,Card,Phone,Agra
ORD102047,2026-06-17,C1082,P110,USB Hub V2,Electronics,2,980,657,5.0,1960,98.0,1862.0,1314,548.0,29.43,Cash,Store,Noida
ORD102048,2025-10-11,C1386,P161,Charging Cable V2,Accessories,3,2440,1541,5.0,7320,366.0,6954.0,4623,2331.0,33.52,Net Banking,Store,Delhi
ORD102049,2026-01-09,C1110,P165,Power Bank V3,Accessories,1,1990,1688,0.0,1990,0.0,1990.0,1688,302.0,15.18,UPI,Online,Prayagraj
ORD102050,2026-05-28,C1387,P126,Desk Lamp V3,Office,4,370,241,5.0,1480,74.0,1406.0,964,442.0,31.44,Card,Store,Agra
ORD102051,2026-03-05,C1025,P131,File Folder V2,Office,1,5150,3339,5.0,5150,257.5,4892.5,3339,1553.5,31.75,Card,Online,Gurugram
ORD102052,2025-01-07,C1434,P137,Water Bottle V2,Home,2,1800,1202,0.0,3600,0.0,3600.0,2404,1196.0,33.22,UPI,Store,Kanpur
ORD102053,2024-01-15,C1077,P175,Tea V1,Grocery,3,1390,900,5.0,4170,208.5,3961.5,2700,1261.5,31.84,Card,Store,Lucknow
ORD102054,2025-11-07,C1193,P106,Headphones V1,Electronics,2,4570,3663,10.0,9140,914.0,8226.0,7326,900.0,10.94,Net Banking,Store,Delhi
ORD102055,2026-03-09,C1256,P176,Tea V2,Grocery,2,920,750,0.0,1840,0.0,1840.0,1500,340.0,18.48,Card,Online,Lucknow
ORD102056,2024-09-18,C1414,P153,Cleaning Kit V3,Home,2,2770,1726,5.0,5540,277.0,5263.0,3452,1811.0,34.41,Cash,Store,Jaipur
ORD102057,2024-07-18,C1384,P155,Laptop Bag V2,Accessories,2,2620,1779,10.0,5240,524.0,4716.0,3558,1158.0,24.55,UPI,Online,Noida
ORD102058,2025-08-24,C1015,P130,File Folder V1,Office,4,3130,2238,5.0,12520,626.0,11894.0,8952,2942.0,24.74,UPI,Online,Lucknow
ORD102059,2026-05-15,C1032,P155,Laptop Bag V2,Accessories,1,2620,1779,0.0,2620,0.0,2620.0,1779,841.0,32.1,UPI,Store,Lucknow
ORD102060,2024-01-30,C1048,P142,Table Clock V1,Home,1,2610,1876,10.0,2610,261.0,2349.0,1876,473.0,20.14,UPI,Online,Delhi
ORD102061,2025-03-06,C1206,P134,Stapler V2,Office,3,5250,3976,0.0,15750,0.0,15750.0,11928,3822.0,24.27,UPI,Store,Jaipur
ORD102062,2025-09-15,C1203,P128,Printer Paper V2,Office,1,2840,2176,5.0,2840,142.0,2698.0,2176,522.0,19.35,Card,Store,Mumbai
ORD102063,2024-09-20,C1016,P175,Tea V1,Grocery,1,1390,900,5.0,1390,69.5,1320.5,900,420.5,31.84,Card,Online,Varanasi
ORD102064,2024-06-13,C1037,P114,Webcam V3,Electronics,1,3680,2607,10.0,3680,368.0,3312.0,2607,705.0,21.29,UPI,Store,Lucknow
ORD102065,2024-05-08,C1413,P100,Wireless Mouse V1,Electronics,2,3130,2246,10.0,6260,626.0,5634.0,4492,1142.0,20.27,UPI,Online,Delhi
ORD102066,2025-11-01,C1039,P126,Desk Lamp V3,Office,5,370,241,20.0,1850,370.0,1480.0,1205,275.0,18.58,Card,Online,Jaipur
ORD102067,2026-04-02,C1413,P113,Webcam V2,Electronics,3,2640,1889,5.0,7920,396.0,7524.0,5667,1857.0,24.68,Card,Online,Delhi
ORD102068,2025-01-09,C1115,P113,Webcam V2,Electronics,2,2640,1889,5.0,5280,264.0,5016.0,3778,1238.0,24.68,UPI,Online,Delhi
ORD102069,2026-05-26,C1291,P106,Headphones V1,Electronics,2,4570,3663,5.0,9140,457.0,8683.0,7326,1357.0,15.63,UPI,Online,Noida
ORD102070,2024-11-04,C1083,P140,Storage Box V2,Home,1,1780,1191,5.0,1780,89.0,1691.0,1191,500.0,29.57,Card,Store,Delhi
ORD102071,2025-06-20,C1063,P172,Coffee V1,Grocery,2,660,526,10.0,1320,132.0,1188.0,1052,136.0,11.45,Card,Store,Noida
ORD102072,2024-07-01,C1368,P160,Charging Cable V1,Accessories,1,3270,2329,10.0,3270,327.0,2943.0,2329,614.0,20.86,UPI,Store,Mumbai
ORD102073,2024-04-07,C1086,P173,Coffee V2,Grocery,4,930,610,0.0,3720,0.0,3720.0,2440,1280.0,34.41,Net Banking,Store,Noida
ORD102074,2024-12-31,C1272,P175,Tea V1,Grocery,2,1390,900,5.0,2780,139.0,2641.0,1800,841.0,31.84,Card,Online,Lucknow
ORD102075,2025-02-02,C1202,P173,Coffee V2,Grocery,2,930,610,0.0,1860,0.0,1860.0,1220,640.0,34.41,UPI,Store,Prayagraj
ORD102076,2025-04-16,C1166,P131,File Folder V2,Office,2,5150,3339,15.0,10300,1545.0,8755.0,6678,2077.0,23.72,Card,Online,Lucknow
ORD102077,2025-08-09,C1284,P148,LED Bulb V1,Home,2,1590,982,10.0,3180,318.0,2862.0,1964,898.0,31.38,Card,Online,Kanpur
ORD102078,2025-10-17,C1435,P107,Headphones V2,Electronics,2,3120,2535,10.0,6240,624.0,5616.0,5070,546.0,9.72,UPI,Online,Prayagraj
ORD102079,2024-03-23,C1054,P102,Wireless Mouse V3,Electronics,3,3210,2684,0.0,9630,0.0,9630.0,8052,1578.0,16.39,Card,Online,Mumbai
ORD102080,2025-10-18,C1170,P129,Printer Paper V3,Office,3,7700,4733,10.0,23100,2310.0,20790.0,14199,6591.0,31.7,UPI,Online,Agra
ORD102081,2026-03-02,C1220,P144,Table Clock V3,Home,2,2960,2357,10.0,5920,592.0,5328.0,4714,614.0,11.52,UPI,Phone,Agra
ORD102082,2024-09-04,C1228,P129,Printer Paper V3,Office,1,7700,4733,5.0,7700,385.0,7315.0,4733,2582.0,35.3,Card,Store,Noida
ORD102083,2024-02-07,C1307,P177,Tea V3,Grocery,1,540,388,15.0,540,81.0,459.0,388,71.0,15.47,Cash,Store,Mumbai
ORD102084,2024-05-16,C1461,P162,Charging Cable V3,Accessories,2,3240,2132,10.0,6480,648.0,5832.0,4264,1568.0,26.89,UPI,Online,Mumbai
ORD102085,2025-09-23,C1438,P102,Wireless Mouse V3,Electronics,3,3210,2684,0.0,9630,0.0,9630.0,8052,1578.0,16.39,UPI,Store,Kanpur
ORD102086,2025-11-16,C1082,P128,Printer Paper V2,Office,2,2840,2176,0.0,5680,0.0,5680.0,4352,1328.0,23.38,UPI,Store,Noida
ORD102087,2026-04-28,C1168,P110,USB Hub V2,Electronics,3,980,657,10.0,2940,294.0,2646.0,1971,675.0,25.51,Net Banking,Online,Lucknow
ORD102088,2024-11-12,C1050,P141,Storage Box V3,Home,2,2200,1823,15.0,4400,660.0,3740.0,3646,94.0,2.51,Card,Online,Gurugram
ORD102089,2025-10-26,C1367,P105,Keyboard V3,Electronics,1,4190,3534,0.0,4190,0.0,4190.0,3534,656.0,15.66,Card,Store,Noida
ORD102090,2025-04-13,C1330,P102,Wireless Mouse V3,Electronics,1,3210,2684,15.0,3210,481.5,2728.5,2684,44.5,1.63,Cash,Online,Prayagraj
ORD102091,2025-04-10,C1222,P112,Webcam V1,Electronics,1,930,736,15.0,930,139.5,790.5,736,54.5,6.89,Cash,Store,Delhi
ORD102092,2024-10-21,C1395,P160,Charging Cable V1,Accessories,3,3270,2329,0.0,9810,0.0,9810.0,6987,2823.0,28.78,Cash,Store,Delhi
ORD102093,2024-08-03,C1073,P149,LED Bulb V2,Home,4,1290,1029,0.0,5160,0.0,5160.0,4116,1044.0,20.23,UPI,Store,Mumbai
ORD102094,2026-04-11,C1255,P176,Tea V2,Grocery,1,920,750,15.0,920,138.0,782.0,750,32.0,4.09,UPI,Phone,Lucknow
ORD102095,2024-01-01,C1088,P125,Desk Lamp V2,Office,1,4970,3317,15.0,4970,745.5,4224.5,3317,907.5,21.48,Card,Online,Prayagraj
ORD102096,2026-06-18,C1079,P136,Water Bottle V1,Home,3,1430,1182,10.0,4290,429.0,3861.0,3546,315.0,8.16,UPI,Store,Gurugram
ORD102097,2025-05-16,C1057,P145,Cushion V1,Home,2,920,592,20.0,1840,368.0,1472.0,1184,288.0,19.57,UPI,Online,Prayagraj
ORD102098,2024-07-14,C1376,P151,Cleaning Kit V1,Home,2,2890,1977,0.0,5780,0.0,5780.0,3954,1826.0,31.59,Card,Online,Varanasi
ORD102099,2026-02-15,C1228,P116,Bluetooth Speaker V2,Electronics,5,4810,3714,10.0,24050,2405.0,21645.0,18570,3075.0,14.21,UPI,Online,Noida
ORD102100,2024-05-27,C1468,P109,USB Hub V1,Electronics,1,1970,1209,10.0,1970,197.0,1773.0,1209,564.0,31.81,Card,Online,Noida
ORD102101,2025-09-29,C1114,P166,Desk Mat V1,Accessories,4,3330,2082,0.0,13320,0.0,13320.0,8328,4992.0,37.48,UPI,Online,Kanpur
ORD102102,2024-11-09,C1104,P125,Desk Lamp V2,Office,4,4970,3317,10.0,19880,1988.0,17892.0,13268,4624.0,25.84,Net Banking,Online,Delhi
ORD102103,2026-04-28,C1140,P119,Notebook V2,Office,2,3040,2028,0.0,6080,0.0,6080.0,4056,2024.0,33.29,Net Banking,Online,Gurugram
ORD102104,2024-12-31,C1395,P114,Webcam V3,Electronics,2,3680,2607,5.0,7360,368.0,6992.0,5214,1778.0,25.43,Card,Store,Delhi
ORD102105,2025-04-19,C1054,P116,Bluetooth Speaker V2,Electronics,3,4810,3714,10.0,14430,1443.0,12987.0,11142,1845.0,14.21,UPI,Online,Mumbai
ORD102106,2025-07-26,C1439,P162,Charging Cable V3,Accessories,4,3240,2132,5.0,12960,648.0,12312.0,8528,3784.0,30.73,UPI,Online,Agra
ORD102107,2024-11-17,C1414,P161,Charging Cable V2,Accessories,1,2440,1541,0.0,2440,0.0,2440.0,1541,899.0,36.84,Card,Online,Jaipur
ORD102108,2024-05-29,C1151,P137,Water Bottle V2,Home,2,1800,1202,15.0,3600,540.0,3060.0,2404,656.0,21.44,UPI,Store,Jaipur
ORD102109,2026-05-11,C1149,P113,Webcam V2,Electronics,1,2640,1889,5.0,2640,132.0,2508.0,1889,619.0,24.68,UPI,Phone,Jaipur
ORD102110,2024-06-09,C1462,P149,LED Bulb V2,Home,1,1290,1029,15.0,1290,193.5,1096.5,1029,67.5,6.16,Card,Online,Lucknow
ORD102111,2025-12-11,C1131,P175,Tea V1,Grocery,4,1390,900,0.0,5560,0.0,5560.0,3600,1960.0,35.25,Card,Phone,Prayagraj
ORD102112,2025-06-16,C1015,P150,LED Bulb V3,Home,1,2960,2119,5.0,2960,148.0,2812.0,2119,693.0,24.64,Net Banking,Online,Lucknow
ORD102113,2026-01-21,C1036,P115,Bluetooth Speaker V1,Electronics,1,6930,4749,10.0,6930,693.0,6237.0,4749,1488.0,23.86,Cash,Store,Delhi
ORD102114,2025-05-16,C1402,P155,Laptop Bag V2,Accessories,2,2620,1779,5.0,5240,262.0,4978.0,3558,1420.0,28.53,UPI,Store,Jaipur
ORD102115,2025-05-08,C1352,P170,Travel Pouch V2,Accessories,1,1850,1364,10.0,1850,185.0,1665.0,1364,301.0,18.08,UPI,Online,Jaipur
ORD102116,2026-05-04,C1009,P146,Cushion V2,Home,3,3320,2419,10.0,9960,996.0,8964.0,7257,1707.0,19.04,Card,Online,Prayagraj
ORD102117,2025-03-17,C1064,P118,Notebook V1,Office,3,2820,2304,5.0,8460,423.0,8037.0,6912,1125.0,14.0,Card,Online,Mumbai
ORD102118,2024-11-17,C1025,P156,Laptop Bag V3,Accessories,7,1980,1255,10.0,13860,1386.0,12474.0,8785,3689.0,29.57,Card,Online,Gurugram
ORD102119,2024-01-24,C1263,P142,Table Clock V1,Home,3,2610,1876,15.0,7830,1174.5,6655.5,5628,1027.5,15.44,Card,Online,Gurugram
ORD102120,2025-12-19,C1474,P148,LED Bulb V1,Home,2,1590,982,0.0,3180,0.0,3180.0,1964,1216.0,38.24,UPI,Store,Varanasi
ORD102121,2025-04-25,C1472,P156,Laptop Bag V3,Accessories,9,1980,1255,10.0,17820,1782.0,16038.0,11295,4743.0,29.57,UPI,Online,Noida
ORD102122,2025-04-11,C1481,P124,Desk Lamp V1,Office,1,4350,2868,20.0,4350,870.0,3480.0,2868,612.0,17.59,UPI,Store,Lucknow
ORD102123,2024-09-08,C1394,P121,Office Chair V1,Office,2,6460,4606,10.0,12920,1292.0,11628.0,9212,2416.0,20.78,Card,Phone,Prayagraj
ORD102124,2024-08-24,C1032,P159,Phone Case V3,Accessories,2,1360,849,0.0,2720,0.0,2720.0,1698,1022.0,37.57,Cash,Store,Lucknow
ORD102125,2024-10-11,C1480,P130,File Folder V1,Office,1,3130,2238,0.0,3130,0.0,3130.0,2238,892.0,28.5,UPI,Store,Delhi
ORD102126,2025-11-01,C1391,P142,Table Clock V1,Home,4,2610,1876,15.0,10440,1566.0,8874.0,7504,1370.0,15.44,Card,Online,Gurugram
ORD102127,2026-04-24,C1248,P144,Table Clock V3,Home,2,2960,2357,5.0,5920,296.0,5624.0,4714,910.0,16.18,UPI,Online,Agra
ORD102128,2024-02-03,C1253,P149,LED Bulb V2,Home,4,1290,1029,15.0,5160,774.0,4386.0,4116,270.0,6.16,Card,Store,Kanpur
ORD102129,2025-10-26,C1368,P114,Webcam V3,Electronics,3,3680,2607,0.0,11040,0.0,11040.0,7821,3219.0,29.16,UPI,Online,Mumbai
ORD102130,2025-11-14,C1255,P163,Power Bank V1,Accessories,3,510,428,0.0,1530,0.0,1530.0,1284,246.0,16.08,UPI,Phone,Lucknow
ORD102131,2026-05-20,C1359,P135,Stapler V3,Office,1,7170,4632,0.0,7170,0.0,7170.0,4632,2538.0,35.4,Net Banking,Store,Lucknow
ORD102132,2026-01-05,C1222,P122,Office Chair V2,Office,2,4160,2937,10.0,8320,832.0,7488.0,5874,1614.0,21.55,Card,Store,Delhi
ORD102133,2024-10-29,C1203,P157,Phone Case V1,Accessories,2,560,464,0.0,1120,0.0,1120.0,928,192.0,17.14,Card,Online,Mumbai
ORD102134,2025-01-17,C1037,P120,Notebook V3,Office,3,5080,3876,5.0,15240,762.0,14478.0,11628,2850.0,19.69,Card,Online,Lucknow
ORD102135,2025-09-28,C1421,P150,LED Bulb V3,Home,3,2960,2119,10.0,8880,888.0,7992.0,6357,1635.0,20.46,Card,Phone,Varanasi
ORD102136,2025-09-23,C1385,P128,Printer Paper V2,Office,2,2840,2176,0.0,5680,0.0,5680.0,4352,1328.0,23.38,Card,Store,Gurugram
ORD102137,2024-03-17,C1233,P161,Charging Cable V2,Accessories,2,2440,1541,5.0,4880,244.0,4636.0,3082,1554.0,33.52,UPI,Store,Varanasi
ORD102138,2024-09-26,C1092,P168,Desk Mat V3,Accessories,5,2910,2229,0.0,14550,0.0,14550.0,11145,3405.0,23.4,Cash,Store,Noida
ORD102139,2024-03-25,C1086,P110,USB Hub V2,Electronics,3,980,657,10.0,2940,294.0,2646.0,1971,675.0,25.51,Cash,Store,Noida
ORD102140,2025-08-29,C1490,P163,Power Bank V1,Accessories,7,510,428,15.0,3570,535.5,3034.5,2996,38.5,1.27,UPI,Store,Delhi
ORD102141,2026-01-20,C1091,P159,Phone Case V3,Accessories,1,1360,849,15.0,1360,204.0,1156.0,849,307.0,26.56,UPI,Store,Gurugram
ORD102142,2024-09-13,C1330,P105,Keyboard V3,Electronics,3,4190,3534,0.0,12570,0.0,12570.0,10602,1968.0,15.66,UPI,Online,Prayagraj
ORD102143,2024-09-21,C1237,P148,LED Bulb V1,Home,2,1590,982,10.0,3180,318.0,2862.0,1964,898.0,31.38,Cash,Online,Prayagraj
ORD102144,2026-02-07,C1212,P160,Charging Cable V1,Accessories,3,3270,2329,15.0,9810,1471.5,8338.5,6987,1351.5,16.21,UPI,Phone,Noida
ORD102145,2026-03-09,C1455,P162,Charging Cable V3,Accessories,2,3240,2132,15.0,6480,972.0,5508.0,4264,1244.0,22.59,UPI,Store,Jaipur
ORD102146,2026-01-25,C1052,P105,Keyboard V3,Electronics,2,4190,3534,15.0,8380,1257.0,7123.0,7068,55.0,0.77,Card,Online,Kanpur
ORD102147,2025-12-10,C1364,P167,Desk Mat V2,Accessories,4,3170,2059,10.0,12680,1268.0,11412.0,8236,3176.0,27.83,Card,Phone,Agra
ORD102148,2024-02-05,C1229,P154,Laptop Bag V1,Accessories,1,3580,2326,10.0,3580,358.0,3222.0,2326,896.0,27.81,UPI,Online,Delhi
ORD102149,2024-12-17,C1412,P122,Office Chair V2,Office,1,4160,2937,5.0,4160,208.0,3952.0,2937,1015.0,25.68,Net Banking,Online,Prayagraj
ORD102150,2026-03-05,C1355,P151,Cleaning Kit V1,Home,1,2890,1977,5.0,2890,144.5,2745.5,1977,768.5,27.99,Card,Online,Noida
ORD102151,2024-05-18,C1368,P102,Wireless Mouse V3,Electronics,1,3210,2684,5.0,3210,160.5,3049.5,2684,365.5,11.99,UPI,Store,Mumbai
ORD102152,2025-06-11,C1415,P163,Power Bank V1,Accessories,1,510,428,0.0,510,0.0,510.0,428,82.0,16.08,Card,Store,Gurugram
ORD102153,2026-02-11,C1297,P116,Bluetooth Speaker V2,Electronics,3,4810,3714,0.0,14430,0.0,14430.0,11142,3288.0,22.79,Card,Online,Lucknow
ORD102154,2025-04-14,C1376,P127,Printer Paper V1,Office,2,6100,4997,10.0,12200,1220.0,10980.0,9994,986.0,8.98,UPI,Online,Varanasi
ORD102155,2026-01-19,C1486,P117,Bluetooth Speaker V3,Electronics,3,1400,967,15.0,4200,630.0,3570.0,2901,669.0,18.74,Card,Store,Mumbai
ORD102156,2026-01-18,C1373,P179,Biscuits V2,Grocery,2,1150,889,10.0,2300,230.0,2070.0,1778,292.0,14.11,UPI,Online,Gurugram
ORD102157,2025-03-23,C1467,P157,Phone Case V1,Accessories,2,560,464,10.0,1120,112.0,1008.0,928,80.0,7.94,UPI,Online,Kanpur
ORD102158,2024-02-27,C1362,P117,Bluetooth Speaker V3,Electronics,2,1400,967,0.0,2800,0.0,2800.0,1934,866.0,30.93,Net Banking,Store,Varanasi
ORD102159,2026-03-02,C1097,P167,Desk Mat V2,Accessories,1,3170,2059,5.0,3170,158.5,3011.5,2059,952.5,31.63,Cash,Phone,Gurugram
ORD102160,2025-04-17,C1178,P168,Desk Mat V3,Accessories,2,2910,2229,0.0,5820,0.0,5820.0,4458,1362.0,23.4,UPI,Online,Varanasi
ORD102161,2025-03-23,C1071,P148,LED Bulb V1,Home,2,1590,982,5.0,3180,159.0,3021.0,1964,1057.0,34.99,UPI,Online,Noida
ORD102162,2024-09-16,C1321,P176,Tea V2,Grocery,3,920,750,5.0,2760,138.0,2622.0,2250,372.0,14.19,UPI,Store,Gurugram
ORD102163,2026-05-28,C1031,P115,Bluetooth Speaker V1,Electronics,2,6930,4749,10.0,13860,1386.0,12474.0,9498,2976.0,23.86,UPI,Store,Agra
ORD102164,2024-03-20,C1373,P143,Table Clock V2,Home,1,2900,2046,10.0,2900,290.0,2610.0,2046,564.0,21.61,UPI,Store,Gurugram
ORD102165,2026-06-11,C1336,P108,Headphones V3,Electronics,3,4890,3636,0.0,14670,0.0,14670.0,10908,3762.0,25.64,UPI,Phone,Kanpur
ORD102166,2025-11-20,C1113,P122,Office Chair V2,Office,1,4160,2937,5.0,4160,208.0,3952.0,2937,1015.0,25.68,Card,Online,Agra
ORD102167,2025-05-10,C1315,P179,Biscuits V2,Grocery,2,1150,889,10.0,2300,230.0,2070.0,1778,292.0,14.11,Card,Phone,Varanasi
ORD102168,2024-09-12,C1138,P177,Tea V3,Grocery,1,540,388,15.0,540,81.0,459.0,388,71.0,15.47,Net Banking,Online,Delhi
ORD102169,2024-06-01,C1455,P129,Printer Paper V3,Office,1,7700,4733,5.0,7700,385.0,7315.0,4733,2582.0,35.3,Card,Online,Jaipur
ORD102170,2025-05-22,C1161,P120,Notebook V3,Office,1,5080,3876,5.0,5080,254.0,4826.0,3876,950.0,19.69,Card,Online,Jaipur
ORD102171,2024-04-29,C1402,P100,Wireless Mouse V1,Electronics,1,3130,2246,10.0,3130,313.0,2817.0,2246,571.0,20.27,Cash,Store,Jaipur
ORD102172,2024-11-02,C1106,P114,Webcam V3,Electronics,3,3680,2607,10.0,11040,1104.0,9936.0,7821,2115.0,21.29,Cash,Online,Jaipur
ORD102173,2025-04-19,C1011,P156,Laptop Bag V3,Accessories,1,1980,1255,0.0,1980,0.0,1980.0,1255,725.0,36.62,UPI,Online,Agra
ORD102174,2026-03-30,C1055,P109,USB Hub V1,Electronics,3,1970,1209,10.0,5910,591.0,5319.0,3627,1692.0,31.81,Card,Online,Delhi
ORD102175,2025-09-15,C1192,P112,Webcam V1,Electronics,1,930,736,10.0,930,93.0,837.0,736,101.0,12.07,Card,Phone,Agra
ORD102176,2025-02-23,C1001,P121,Office Chair V1,Office,3,6460,4606,10.0,19380,1938.0,17442.0,13818,3624.0,20.78,Card,Online,Mumbai
ORD102177,2026-04-06,C1311,P109,USB Hub V1,Electronics,1,1970,1209,5.0,1970,98.5,1871.5,1209,662.5,35.4,UPI,Store,Mumbai
ORD102178,2025-08-17,C1275,P104,Keyboard V2,Electronics,4,820,576,15.0,3280,492.0,2788.0,2304,484.0,17.36,Card,Online,Gurugram
ORD102179,2024-05-16,C1321,P178,Biscuits V1,Grocery,1,1460,1162,0.0,1460,0.0,1460.0,1162,298.0,20.41,Card,Store,Gurugram
ORD102180,2024-10-19,C1261,P150,LED Bulb V3,Home,2,2960,2119,5.0,5920,296.0,5624.0,4238,1386.0,24.64,UPI,Phone,Kanpur
ORD102181,2024-05-30,C1318,P127,Printer Paper V1,Office,4,6100,4997,15.0,24400,3660.0,20740.0,19988,752.0,3.63,Net Banking,Phone,Gurugram
ORD102182,2025-06-04,C1206,P144,Table Clock V3,Home,1,2960,2357,5.0,2960,148.0,2812.0,2357,455.0,16.18,Cash,Store,Jaipur
ORD102183,2025-01-31,C1440,P159,Phone Case V3,Accessories,3,1360,849,5.0,4080,204.0,3876.0,2547,1329.0,34.29,UPI,Online,Delhi
ORD102184,2026-04-20,C1087,P118,Notebook V1,Office,1,2820,2304,5.0,2820,141.0,2679.0,2304,375.0,14.0,Card,Online,Lucknow
ORD102185,2026-02-04,C1111,P145,Cushion V1,Home,4,920,592,0.0,3680,0.0,3680.0,2368,1312.0,35.65,Cash,Store,Delhi
ORD102186,2025-09-24,C1104,P127,Printer Paper V1,Office,1,6100,4997,0.0,6100,0.0,6100.0,4997,1103.0,18.08,Net Banking,Store,Delhi
ORD102187,2026-05-06,C1064,P121,Office Chair V1,Office,2,6460,4606,5.0,12920,646.0,12274.0,9212,3062.0,24.95,UPI,Store,Mumbai
ORD102188,2025-05-01,C1479,P103,Keyboard V1,Electronics,1,4190,2634,5.0,4190,209.5,3980.5,2634,1346.5,33.83,UPI,Online,Varanasi
ORD102189,2024-03-04,C1024,P171,Travel Pouch V3,Accessories,2,1430,1156,5.0,2860,143.0,2717.0,2312,405.0,14.91,Card,Store,Mumbai
ORD102190,2026-05-26,C1277,P164,Power Bank V2,Accessories,1,1150,849,10.0,1150,115.0,1035.0,849,186.0,17.97,Net Banking,Store,Mumbai
ORD102191,2024-09-08,C1298,P145,Cushion V1,Home,4,920,592,5.0,3680,184.0,3496.0,2368,1128.0,32.27,Net Banking,Online,Agra
ORD102192,2024-03-02,C1173,P176,Tea V2,Grocery,4,920,750,5.0,3680,184.0,3496.0,3000,496.0,14.19,Card,Online,Delhi
ORD102193,2025-02-16,C1455,P107,Headphones V2,Electronics,2,3120,2535,0.0,6240,0.0,6240.0,5070,1170.0,18.75,Net Banking,Store,Jaipur
ORD102194,2025-06-25,C1242,P138,Water Bottle V3,Home,1,2890,1947,10.0,2890,289.0,2601.0,1947,654.0,25.14,Card,Online,Delhi
ORD102195,2026-03-07,C1170,P141,Storage Box V3,Home,4,2200,1823,5.0,8800,440.0,8360.0,7292,1068.0,12.78,Card,Store,Agra
ORD102196,2025-08-11,C1030,P138,Water Bottle V3,Home,1,2890,1947,10.0,2890,289.0,2601.0,1947,654.0,25.14,Card,Store,Varanasi
ORD102197,2024-02-20,C1488,P169,Travel Pouch V1,Accessories,2,2560,1733,5.0,5120,256.0,4864.0,3466,1398.0,28.74,Cash,Online,Lucknow
ORD102198,2025-03-10,C1492,P140,Storage Box V2,Home,2,1780,1191,5.0,3560,178.0,3382.0,2382,1000.0,29.57,UPI,Online,Agra
ORD102199,2025-03-16,C1008,P173,Coffee V2,Grocery,2,930,610,15.0,1860,279.0,1581.0,1220,361.0,22.83,Card,Store,Agra
ORD102200,2025-12-07,C1246,P125,Desk Lamp V2,Office,2,4970,3317,20.0,9940,1988.0,7952.0,6634,1318.0,16.57,Card,Online,Prayagraj
ORD102201,2025-05-23,C1104,P135,Stapler V3,Office,1,7170,4632,0.0,7170,0.0,7170.0,4632,2538.0,35.4,Card,Store,Delhi
ORD102202,2024-11-12,C1120,P142,Table Clock V1,Home,3,2610,1876,10.0,7830,783.0,7047.0,5628,1419.0,20.14,UPI,Store,Agra
ORD102203,2024-09-28,C1312,P124,Desk Lamp V1,Office,4,4350,2868,10.0,17400,1740.0,15660.0,11472,4188.0,26.74,UPI,Store,Lucknow
ORD102204,2024-08-27,C1291,P148,LED Bulb V1,Home,2,1590,982,0.0,3180,0.0,3180.0,1964,1216.0,38.24,UPI,Online,Noida
ORD102205,2026-02-14,C1437,P165,Power Bank V3,Accessories,2,1990,1688,5.0,3980,199.0,3781.0,3376,405.0,10.71,Net Banking,Online,Gurugram
ORD102206,2025-10-16,C1099,P100,Wireless Mouse V1,Electronics,5,3130,2246,15.0,15650,2347.5,13302.5,11230,2072.5,15.58,UPI,Online,Delhi
ORD102207,2026-05-21,C1346,P150,LED Bulb V3,Home,2,2960,2119,5.0,5920,296.0,5624.0,4238,1386.0,24.64,Cash,Online,Varanasi
ORD102208,2024-11-24,C1097,P149,LED Bulb V2,Home,5,1290,1029,0.0,6450,0.0,6450.0,5145,1305.0,20.23,Cash,Online,Gurugram
ORD102209,2025-01-22,C1302,P164,Power Bank V2,Accessories,2,1150,849,20.0,2300,460.0,1840.0,1698,142.0,7.72,Net Banking,Online,Noida
ORD102210,2024-02-02,C1411,P143,Table Clock V2,Home,2,2900,2046,20.0,5800,1160.0,4640.0,4092,548.0,11.81,UPI,Online,Prayagraj
ORD102211,2024-03-19,C1254,P116,Bluetooth Speaker V2,Electronics,3,4810,3714,5.0,14430,721.5,13708.5,11142,2566.5,18.72,UPI,Online,Prayagraj
ORD102212,2025-07-02,C1387,P136,Water Bottle V1,Home,2,1430,1182,0.0,2860,0.0,2860.0,2364,496.0,17.34,Cash,Online,Agra
ORD102213,2024-03-05,C1371,P157,Phone Case V1,Accessories,1,560,464,15.0,560,84.0,476.0,464,12.0,2.52,UPI,Online,Lucknow
ORD102214,2025-10-01,C1029,P159,Phone Case V3,Accessories,2,1360,849,15.0,2720,408.0,2312.0,1698,614.0,26.56,UPI,Online,Lucknow
ORD102215,2026-05-26,C1015,P106,Headphones V1,Electronics,1,4570,3663,10.0,4570,457.0,4113.0,3663,450.0,10.94,Net Banking,Store,Lucknow
ORD102216,2024-12-10,C1317,P129,Printer Paper V3,Office,2,7700,4733,5.0,15400,770.0,14630.0,9466,5164.0,35.3,UPI,Store,Delhi
ORD102217,2024-08-21,C1198,P179,Biscuits V2,Grocery,2,1150,889,20.0,2300,460.0,1840.0,1778,62.0,3.37,UPI,Online,Delhi
ORD102218,2025-05-08,C1107,P128,Printer Paper V2,Office,3,2840,2176,0.0,8520,0.0,8520.0,6528,1992.0,23.38,UPI,Online,Varanasi
ORD102219,2026-05-10,C1216,P104,Keyboard V2,Electronics,5,820,576,0.0,4100,0.0,4100.0,2880,1220.0,29.76,Net Banking,Phone,Mumbai
ORD102220,2026-05-10,C1494,P168,Desk Mat V3,Accessories,3,2910,2229,10.0,8730,873.0,7857.0,6687,1170.0,14.89,Card,Phone,Noida
ORD102221,2024-05-18,C1192,P109,USB Hub V1,Electronics,7,1970,1209,5.0,13790,689.5,13100.5,8463,4637.5,35.4,UPI,Store,Agra
ORD102222,2024-01-26,C1174,P100,Wireless Mouse V1,Electronics,3,3130,2246,10.0,9390,939.0,8451.0,6738,1713.0,20.27,Net Banking,Store,Varanasi
ORD102223,2025-04-01,C1354,P103,Keyboard V1,Electronics,3,4190,2634,10.0,12570,1257.0,11313.0,7902,3411.0,30.15,Card,Store,Agra
ORD102224,2026-02-11,C1100,P140,Storage Box V2,Home,2,1780,1191,15.0,3560,534.0,3026.0,2382,644.0,21.28,Cash,Online,Mumbai
ORD102225,2024-04-13,C1125,P133,Stapler V1,Office,2,6390,4143,10.0,12780,1278.0,11502.0,8286,3216.0,27.96,UPI,Store,Mumbai
ORD102226,2025-04-29,C1086,P116,Bluetooth Speaker V2,Electronics,3,4810,3714,10.0,14430,1443.0,12987.0,11142,1845.0,14.21,UPI,Store,Noida
ORD102227,2024-12-22,C1490,P163,Power Bank V1,Accessories,2,510,428,10.0,1020,102.0,918.0,856,62.0,6.75,UPI,Phone,Delhi
ORD102228,2024-04-14,C1129,P115,Bluetooth Speaker V1,Electronics,1,6930,4749,0.0,6930,0.0,6930.0,4749,2181.0,31.47,Card,Online,Prayagraj
ORD102229,2025-07-03,C1123,P163,Power Bank V1,Accessories,3,510,428,0.0,1530,0.0,1530.0,1284,246.0,16.08,Cash,Store,Mumbai
ORD102230,2026-03-05,C1389,P120,Notebook V3,Office,1,5080,3876,5.0,5080,254.0,4826.0,3876,950.0,19.69,Net Banking,Store,Noida
ORD102231,2025-10-08,C1034,P135,Stapler V3,Office,1,7170,4632,10.0,7170,717.0,6453.0,4632,1821.0,28.22,Cash,Online,Jaipur
ORD102232,2026-05-12,C1415,P171,Travel Pouch V3,Accessories,1,1430,1156,20.0,1430,286.0,1144.0,1156,-12.0,-1.05,UPI,Online,Gurugram
ORD102233,2026-01-29,C1164,P155,Laptop Bag V2,Accessories,2,2620,1779,10.0,5240,524.0,4716.0,3558,1158.0,24.55,Card,Online,Prayagraj
ORD102234,2026-06-29,C1374,P165,Power Bank V3,Accessories,4,1990,1688,5.0,7960,398.0,7562.0,6752,810.0,10.71,Net Banking,Online,Jaipur
ORD102235,2025-03-27,C1339,P163,Power Bank V1,Accessories,3,510,428,10.0,1530,153.0,1377.0,1284,93.0,6.75,UPI,Store,Gurugram
ORD102236,2025-07-05,C1468,P167,Desk Mat V2,Accessories,2,3170,2059,20.0,6340,1268.0,5072.0,4118,954.0,18.81,Card,Online,Noida
ORD102237,2024-04-15,C1100,P123,Office Chair V3,Office,2,4680,3454,20.0,9360,1872.0,7488.0,6908,580.0,7.75,Card,Store,Mumbai
ORD102238,2026-01-26,C1092,P149,LED Bulb V2,Home,1,1290,1029,5.0,1290,64.5,1225.5,1029,196.5,16.03,UPI,Phone,Noida
ORD102239,2025-06-22,C1491,P166,Desk Mat V1,Accessories,2,3330,2082,10.0,6660,666.0,5994.0,4164,1830.0,30.53,Card,Store,Noida
ORD102240,2024-03-23,C1041,P127,Printer Paper V1,Office,1,6100,4997,10.0,6100,610.0,5490.0,4997,493.0,8.98,Card,Online,Gurugram
ORD102241,2024-09-27,C1109,P172,Coffee V1,Grocery,1,660,526,20.0,660,132.0,528.0,526,2.0,0.38,UPI,Store,Varanasi
ORD102242,2026-05-01,C1154,P120,Notebook V3,Office,2,5080,3876,0.0,10160,0.0,10160.0,7752,2408.0,23.7,Cash,Store,Kanpur
ORD102243,2024-03-23,C1027,P109,USB Hub V1,Electronics,1,1970,1209,5.0,1970,98.5,1871.5,1209,662.5,35.4,UPI,Online,Jaipur
ORD102244,2024-11-14,C1325,P164,Power Bank V2,Accessories,2,1150,849,15.0,2300,345.0,1955.0,1698,257.0,13.15,Cash,Online,Prayagraj
ORD102245,2026-02-17,C1133,P150,LED Bulb V3,Home,1,2960,2119,0.0,2960,0.0,2960.0,2119,841.0,28.41,Card,Online,Kanpur
ORD102246,2025-01-27,C1423,P143,Table Clock V2,Home,1,2900,2046,5.0,2900,145.0,2755.0,2046,709.0,25.74,Card,Online,Noida
ORD102247,2024-11-22,C1211,P152,Cleaning Kit V2,Home,3,3090,2318,0.0,9270,0.0,9270.0,6954,2316.0,24.98,UPI,Online,Kanpur
ORD102248,2024-11-06,C1270,P114,Webcam V3,Electronics,2,3680,2607,5.0,7360,368.0,6992.0,5214,1778.0,25.43,Cash,Online,Kanpur
ORD102249,2025-10-18,C1488,P171,Travel Pouch V3,Accessories,2,1430,1156,20.0,2860,572.0,2288.0,2312,-24.0,-1.05,UPI,Store,Lucknow
ORD102250,2025-05-18,C1231,P160,Charging Cable V1,Accessories,5,3270,2329,15.0,16350,2452.5,13897.5,11645,2252.5,16.21,UPI,Store,Gurugram
ORD102251,2024-02-14,C1289,P176,Tea V2,Grocery,2,920,750,5.0,1840,92.0,1748.0,1500,248.0,14.19,Cash,Store,Kanpur
ORD102252,2024-03-11,C1269,P178,Biscuits V1,Grocery,1,1460,1162,0.0,1460,0.0,1460.0,1162,298.0,20.41,UPI,Store,Lucknow
ORD102253,2025-10-02,C1229,P133,Stapler V1,Office,2,6390,4143,5.0,12780,639.0,12141.0,8286,3855.0,31.75,Cash,Store,Delhi
ORD102254,2024-07-18,C1182,P125,Desk Lamp V2,Office,4,4970,3317,10.0,19880,1988.0,17892.0,13268,4624.0,25.84,Net Banking,Phone,Noida
ORD102255,2025-02-10,C1017,P173,Coffee V2,Grocery,1,930,610,10.0,930,93.0,837.0,610,227.0,27.12,UPI,Store,Lucknow
ORD102256,2024-07-24,C1356,P108,Headphones V3,Electronics,2,4890,3636,10.0,9780,978.0,8802.0,7272,1530.0,17.38,Card,Store,Gurugram
ORD102257,2025-09-17,C1273,P179,Biscuits V2,Grocery,2,1150,889,15.0,2300,345.0,1955.0,1778,177.0,9.05,Cash,Store,Kanpur
ORD102258,2026-03-19,C1454,P174,Coffee V3,Grocery,1,1420,1012,0.0,1420,0.0,1420.0,1012,408.0,28.73,UPI,Store,Prayagraj
ORD102259,2025-10-12,C1340,P179,Biscuits V2,Grocery,2,1150,889,10.0,2300,230.0,2070.0,1778,292.0,14.11,UPI,Store,Jaipur
ORD102260,2025-04-20,C1124,P110,USB Hub V2,Electronics,4,980,657,10.0,3920,392.0,3528.0,2628,900.0,25.51,Card,Phone,Kanpur
ORD102261,2025-07-24,C1257,P107,Headphones V2,Electronics,3,3120,2535,10.0,9360,936.0,8424.0,7605,819.0,9.72,UPI,Store,Lucknow
ORD102262,2024-11-26,C1236,P136,Water Bottle V1,Home,6,1430,1182,5.0,8580,429.0,8151.0,7092,1059.0,12.99,UPI,Online,Agra
ORD102263,2025-09-27,C1140,P179,Biscuits V2,Grocery,3,1150,889,5.0,3450,172.5,3277.5,2667,610.5,18.63,UPI,Online,Gurugram
ORD102264,2025-06-19,C1048,P131,File Folder V2,Office,1,5150,3339,10.0,5150,515.0,4635.0,3339,1296.0,27.96,UPI,Online,Delhi
ORD102265,2025-09-13,C1388,P135,Stapler V3,Office,1,7170,4632,10.0,7170,717.0,6453.0,4632,1821.0,28.22,Card,Phone,Lucknow
ORD102266,2026-06-24,C1354,P120,Notebook V3,Office,2,5080,3876,10.0,10160,1016.0,9144.0,7752,1392.0,15.22,UPI,Online,Agra
ORD102267,2026-06-28,C1397,P152,Cleaning Kit V2,Home,4,3090,2318,0.0,12360,0.0,12360.0,9272,3088.0,24.98,Net Banking,Store,Varanasi
ORD102268,2024-01-08,C1331,P115,Bluetooth Speaker V1,Electronics,2,6930,4749,10.0,13860,1386.0,12474.0,9498,2976.0,23.86,UPI,Online,Kanpur
ORD102269,2025-01-01,C1350,P115,Bluetooth Speaker V1,Electronics,2,6930,4749,10.0,13860,1386.0,12474.0,9498,2976.0,23.86,Card,Online,Noida
ORD102270,2024-11-15,C1013,P122,Office Chair V2,Office,1,4160,2937,10.0,4160,416.0,3744.0,2937,807.0,21.55,UPI,Store,Gurugram
ORD102271,2024-12-23,C1012,P132,File Folder V3,Office,2,4410,2825,0.0,8820,0.0,8820.0,5650,3170.0,35.94,UPI,Online,Kanpur
ORD102272,2025-08-24,C1002,P123,Office Chair V3,Office,2,4680,3454,5.0,9360,468.0,8892.0,6908,1984.0,22.31,Card,Online,Agra
ORD102273,2025-06-01,C1377,P156,Laptop Bag V3,Accessories,1,1980,1255,0.0,1980,0.0,1980.0,1255,725.0,36.62,UPI,Online,Agra
ORD102274,2025-03-05,C1056,P173,Coffee V2,Grocery,3,930,610,0.0,2790,0.0,2790.0,1830,960.0,34.41,UPI,Store,Gurugram
ORD102275,2025-11-08,C1038,P151,Cleaning Kit V1,Home,4,2890,1977,10.0,11560,1156.0,10404.0,7908,2496.0,23.99,Card,Online,Varanasi
ORD102276,2026-06-24,C1237,P120,Notebook V3,Office,3,5080,3876,10.0,15240,1524.0,13716.0,11628,2088.0,15.22,UPI,Online,Prayagraj
ORD102277,2024-08-09,C1412,P171,Travel Pouch V3,Accessories,4,1430,1156,20.0,5720,1144.0,4576.0,4624,-48.0,-1.05,UPI,Store,Prayagraj
ORD102278,2025-02-24,C1162,P158,Phone Case V2,Accessories,3,2660,1753,5.0,7980,399.0,7581.0,5259,2322.0,30.63,Net Banking,Online,Agra
ORD102279,2024-12-26,C1252,P153,Cleaning Kit V3,Home,1,2770,1726,5.0,2770,138.5,2631.5,1726,905.5,34.41,UPI,Online,Agra
ORD102280,2024-03-01,C1261,P119,Notebook V2,Office,1,3040,2028,10.0,3040,304.0,2736.0,2028,708.0,25.88,Net Banking,Online,Kanpur
ORD102281,2025-05-23,C1458,P165,Power Bank V3,Accessories,2,1990,1688,10.0,3980,398.0,3582.0,3376,206.0,5.75,UPI,Store,Delhi
ORD102282,2025-02-15,C1249,P115,Bluetooth Speaker V1,Electronics,1,6930,4749,15.0,6930,1039.5,5890.5,4749,1141.5,19.38,Net Banking,Store,Kanpur
ORD102283,2025-08-09,C1417,P155,Laptop Bag V2,Accessories,1,2620,1779,15.0,2620,393.0,2227.0,1779,448.0,20.12,Cash,Online,Prayagraj
ORD102284,2024-04-24,C1295,P114,Webcam V3,Electronics,1,3680,2607,0.0,3680,0.0,3680.0,2607,1073.0,29.16,Card,Store,Lucknow
ORD102285,2024-03-22,C1000,P138,Water Bottle V3,Home,3,2890,1947,0.0,8670,0.0,8670.0,5841,2829.0,32.63,Cash,Online,Varanasi
ORD102286,2025-05-20,C1075,P111,USB Hub V3,Electronics,1,1850,1273,0.0,1850,0.0,1850.0,1273,577.0,31.19,Net Banking,Store,Gurugram
ORD102287,2026-05-15,C1082,P177,Tea V3,Grocery,2,540,388,10.0,1080,108.0,972.0,776,196.0,20.16,Net Banking,Online,Noida
ORD102288,2025-01-14,C1020,P153,Cleaning Kit V3,Home,4,2770,1726,10.0,11080,1108.0,9972.0,6904,3068.0,30.77,Card,Online,Gurugram
ORD102289,2024-09-02,C1098,P114,Webcam V3,Electronics,2,3680,2607,5.0,7360,368.0,6992.0,5214,1778.0,25.43,UPI,Store,Lucknow
ORD102290,2024-12-22,C1490,P130,File Folder V1,Office,3,3130,2238,5.0,9390,469.5,8920.5,6714,2206.5,24.74,UPI,Online,Delhi
ORD102291,2026-06-16,C1418,P137,Water Bottle V2,Home,2,1800,1202,0.0,3600,0.0,3600.0,2404,1196.0,33.22,Cash,Online,Delhi
ORD102292,2025-09-22,C1120,P155,Laptop Bag V2,Accessories,1,2620,1779,15.0,2620,393.0,2227.0,1779,448.0,20.12,Net Banking,Online,Agra
ORD102293,2025-11-07,C1471,P107,Headphones V2,Electronics,1,3120,2535,10.0,3120,312.0,2808.0,2535,273.0,9.72,UPI,Store,Prayagraj
ORD102294,2025-03-29,C1370,P141,Storage Box V3,Home,1,2200,1823,0.0,2200,0.0,2200.0,1823,377.0,17.14,UPI,Phone,Delhi
ORD102295,2025-06-16,C1160,P101,Wireless Mouse V2,Electronics,4,2890,2270,10.0,11560,1156.0,10404.0,9080,1324.0,12.73,Cash,Store,Gurugram
ORD102296,2025-11-26,C1236,P140,Storage Box V2,Home,5,1780,1191,10.0,8900,890.0,8010.0,5955,2055.0,25.66,UPI,Online,Agra
ORD102297,2025-03-20,C1339,P126,Desk Lamp V3,Office,2,370,241,15.0,740,111.0,629.0,482,147.0,23.37,Card,Online,Gurugram
ORD102298,2024-04-27,C1410,P172,Coffee V1,Grocery,2,660,526,15.0,1320,198.0,1122.0,1052,70.0,6.24,UPI,Online,Prayagraj
ORD102299,2026-04-25,C1337,P116,Bluetooth Speaker V2,Electronics,4,4810,3714,0.0,19240,0.0,19240.0,14856,4384.0,22.79,Card,Phone,Mumbai
ORD102300,2026-01-30,C1097,P165,Power Bank V3,Accessories,3,1990,1688,10.0,5970,597.0,5373.0,5064,309.0,5.75,Cash,Online,Gurugram
ORD102301,2024-01-12,C1072,P121,Office Chair V1,Office,10,6460,4606,0.0,64600,0.0,64600.0,46060,18540.0,28.7,Card,Store,Kanpur
ORD102302,2024-03-06,C1143,P156,Laptop Bag V3,Accessories,3,1980,1255,15.0,5940,891.0,5049.0,3765,1284.0,25.43,UPI,Store,Gurugram
ORD102303,2025-04-15,C1131,P146,Cushion V2,Home,1,3320,2419,10.0,3320,332.0,2988.0,2419,569.0,19.04,Cash,Online,Prayagraj
ORD102304,2024-04-14,C1179,P175,Tea V1,Grocery,2,1390,900,15.0,2780,417.0,2363.0,1800,563.0,23.83,Net Banking,Store,Delhi
ORD102305,2024-03-14,C1343,P134,Stapler V2,Office,3,5250,3976,20.0,15750,3150.0,12600.0,11928,672.0,5.33,Card,Online,Gurugram
ORD102306,2024-05-21,C1255,P155,Laptop Bag V2,Accessories,3,2620,1779,0.0,7860,0.0,7860.0,5337,2523.0,32.1,Cash,Phone,Lucknow
ORD102307,2025-04-11,C1333,P135,Stapler V3,Office,3,7170,4632,10.0,21510,2151.0,19359.0,13896,5463.0,28.22,Cash,Online,Prayagraj
ORD102308,2024-08-09,C1399,P165,Power Bank V3,Accessories,2,1990,1688,10.0,3980,398.0,3582.0,3376,206.0,5.75,Card,Online,Agra
ORD102309,2024-02-12,C1073,P148,LED Bulb V1,Home,3,1590,982,5.0,4770,238.5,4531.5,2946,1585.5,34.99,Card,Store,Mumbai
ORD102310,2026-03-06,C1403,P162,Charging Cable V3,Accessories,1,3240,2132,5.0,3240,162.0,3078.0,2132,946.0,30.73,Cash,Store,Lucknow
ORD102311,2024-02-09,C1237,P129,Printer Paper V3,Office,1,7700,4733,0.0,7700,0.0,7700.0,4733,2967.0,38.53,UPI,Online,Prayagraj
ORD102312,2026-01-25,C1108,P178,Biscuits V1,Grocery,3,1460,1162,5.0,4380,219.0,4161.0,3486,675.0,16.22,UPI,Online,Lucknow
ORD102313,2025-12-01,C1259,P123,Office Chair V3,Office,3,4680,3454,20.0,14040,2808.0,11232.0,10362,870.0,7.75,UPI,Phone,Kanpur
ORD102314,2024-10-07,C1355,P135,Stapler V3,Office,3,7170,4632,10.0,21510,2151.0,19359.0,13896,5463.0,28.22,UPI,Online,Noida
ORD102315,2025-02-28,C1004,P163,Power Bank V1,Accessories,2,510,428,5.0,1020,51.0,969.0,856,113.0,11.66,Card,Online,Gurugram
ORD102316,2025-03-26,C1342,P139,Storage Box V1,Home,4,2100,1652,10.0,8400,840.0,7560.0,6608,952.0,12.59,UPI,Online,Kanpur
ORD102317,2024-03-18,C1018,P176,Tea V2,Grocery,2,920,750,5.0,1840,92.0,1748.0,1500,248.0,14.19,Card,Store,Prayagraj
ORD102318,2026-01-11,C1215,P108,Headphones V3,Electronics,1,4890,3636,5.0,4890,244.5,4645.5,3636,1009.5,21.73,Cash,Phone,Lucknow
ORD102319,2025-05-27,C1019,P135,Stapler V3,Office,3,7170,4632,20.0,21510,4302.0,17208.0,13896,3312.0,19.25,UPI,Store,Delhi
ORD102320,2024-04-11,C1337,P162,Charging Cable V3,Accessories,1,3240,2132,15.0,3240,486.0,2754.0,2132,622.0,22.59,UPI,Store,Mumbai
ORD102321,2025-11-23,C1054,P109,USB Hub V1,Electronics,1,1970,1209,10.0,1970,197.0,1773.0,1209,564.0,31.81,Card,Store,Mumbai
ORD102322,2024-01-01,C1147,P130,File Folder V1,Office,4,3130,2238,10.0,12520,1252.0,11268.0,8952,2316.0,20.55,UPI,Online,Lucknow
ORD102323,2024-04-14,C1465,P132,File Folder V3,Office,1,4410,2825,5.0,4410,220.5,4189.5,2825,1364.5,32.57,Net Banking,Phone,Lucknow
ORD102324,2025-11-05,C1496,P174,Coffee V3,Grocery,4,1420,1012,15.0,5680,852.0,4828.0,4048,780.0,16.16,Cash,Online,Prayagraj
ORD102325,2025-06-25,C1384,P147,Cushion V3,Home,2,2180,1724,15.0,4360,654.0,3706.0,3448,258.0,6.96,UPI,Store,Noida
ORD102326,2024-08-06,C1420,P162,Charging Cable V3,Accessories,5,3240,2132,0.0,16200,0.0,16200.0,10660,5540.0,34.2,UPI,Store,Agra
ORD102327,2025-10-21,C1230,P126,Desk Lamp V3,Office,4,370,241,5.0,1480,74.0,1406.0,964,442.0,31.44,UPI,Online,Lucknow
ORD102328,2026-02-04,C1445,P163,Power Bank V1,Accessories,1,510,428,5.0,510,25.5,484.5,428,56.5,11.66,Card,Online,Lucknow
ORD102329,2024-10-15,C1251,P151,Cleaning Kit V1,Home,2,2890,1977,5.0,5780,289.0,5491.0,3954,1537.0,27.99,Cash,Phone,Jaipur
ORD102330,2025-02-22,C1379,P179,Biscuits V2,Grocery,3,1150,889,10.0,3450,345.0,3105.0,2667,438.0,14.11,UPI,Store,Kanpur
ORD102331,2024-06-15,C1139,P152,Cleaning Kit V2,Home,1,3090,2318,0.0,3090,0.0,3090.0,2318,772.0,24.98,UPI,Store,Kanpur
ORD102332,2025-08-15,C1173,P143,Table Clock V2,Home,1,2900,2046,10.0,2900,290.0,2610.0,2046,564.0,21.61,Card,Online,Delhi
ORD102333,2024-02-13,C1369,P140,Storage Box V2,Home,4,1780,1191,5.0,7120,356.0,6764.0,4764,2000.0,29.57,Card,Online,Mumbai
ORD102334,2024-02-06,C1467,P169,Travel Pouch V1,Accessories,5,2560,1733,20.0,12800,2560.0,10240.0,8665,1575.0,15.38,Cash,Store,Kanpur
ORD102335,2024-02-01,C1410,P143,Table Clock V2,Home,1,2900,2046,5.0,2900,145.0,2755.0,2046,709.0,25.74,UPI,Phone,Prayagraj
ORD102336,2026-02-05,C1084,P134,Stapler V2,Office,1,5250,3976,10.0,5250,525.0,4725.0,3976,749.0,15.85,UPI,Store,Gurugram
ORD102337,2025-02-02,C1084,P175,Tea V1,Grocery,1,1390,900,0.0,1390,0.0,1390.0,900,490.0,35.25,Card,Online,Gurugram
ORD102338,2025-08-03,C1486,P174,Coffee V3,Grocery,3,1420,1012,5.0,4260,213.0,4047.0,3036,1011.0,24.98,Card,Store,Mumbai
ORD102339,2024-08-16,C1030,P134,Stapler V2,Office,1,5250,3976,10.0,5250,525.0,4725.0,3976,749.0,15.85,Card,Online,Varanasi
ORD102340,2025-07-14,C1040,P119,Notebook V2,Office,4,3040,2028,15.0,12160,1824.0,10336.0,8112,2224.0,21.52,Cash,Store,Lucknow
ORD102341,2025-04-26,C1205,P166,Desk Mat V1,Accessories,2,3330,2082,5.0,6660,333.0,6327.0,4164,2163.0,34.19,Card,Phone,Noida
ORD102342,2025-04-07,C1200,P104,Keyboard V2,Electronics,1,820,576,10.0,820,82.0,738.0,576,162.0,21.95,UPI,Store,Lucknow
ORD102343,2025-06-08,C1433,P146,Cushion V2,Home,2,3320,2419,0.0,6640,0.0,6640.0,4838,1802.0,27.14,Net Banking,Online,Noida
ORD102344,2024-06-08,C1343,P132,File Folder V3,Office,4,4410,2825,15.0,17640,2646.0,14994.0,11300,3694.0,24.64,Card,Store,Gurugram
ORD102345,2024-02-18,C1205,P149,LED Bulb V2,Home,1,1290,1029,10.0,1290,129.0,1161.0,1029,132.0,11.37,Net Banking,Store,Noida
ORD102346,2024-10-10,C1485,P119,Notebook V2,Office,2,3040,2028,10.0,6080,608.0,5472.0,4056,1416.0,25.88,UPI,Online,Delhi
ORD102347,2025-09-09,C1396,P173,Coffee V2,Grocery,2,930,610,20.0,1860,372.0,1488.0,1220,268.0,18.01,UPI,Online,Lucknow
ORD102348,2025-11-09,C1159,P113,Webcam V2,Electronics,4,2640,1889,5.0,10560,528.0,10032.0,7556,2476.0,24.68,Card,Store,Lucknow
ORD102349,2025-02-06,C1350,P138,Water Bottle V3,Home,1,2890,1947,5.0,2890,144.5,2745.5,1947,798.5,29.08,Card,Store,Noida
ORD102350,2026-05-25,C1014,P161,Charging Cable V2,Accessories,1,2440,1541,10.0,2440,244.0,2196.0,1541,655.0,29.83,Net Banking,Store,Agra
ORD102351,2026-04-07,C1062,P150,LED Bulb V3,Home,6,2960,2119,5.0,17760,888.0,16872.0,12714,4158.0,24.64,Cash,Store,Kanpur
ORD102352,2025-11-12,C1256,P122,Office Chair V2,Office,4,4160,2937,10.0,16640,1664.0,14976.0,11748,3228.0,21.55,UPI,Online,Lucknow
ORD102353,2024-09-15,C1357,P119,Notebook V2,Office,2,3040,2028,10.0,6080,608.0,5472.0,4056,1416.0,25.88,Net Banking,Store,Kanpur
ORD102354,2024-03-10,C1441,P162,Charging Cable V3,Accessories,2,3240,2132,0.0,6480,0.0,6480.0,4264,2216.0,34.2,Net Banking,Store,Agra
ORD102355,2026-04-11,C1065,P156,Laptop Bag V3,Accessories,4,1980,1255,0.0,7920,0.0,7920.0,5020,2900.0,36.62,UPI,Store,Noida
ORD102356,2025-01-14,C1442,P170,Travel Pouch V2,Accessories,2,1850,1364,15.0,3700,555.0,3145.0,2728,417.0,13.26,Card,Online,Delhi
ORD102357,2025-04-14,C1379,P116,Bluetooth Speaker V2,Electronics,1,4810,3714,0.0,4810,0.0,4810.0,3714,1096.0,22.79,Card,Phone,Kanpur
ORD102358,2026-06-21,C1444,P151,Cleaning Kit V1,Home,2,2890,1977,15.0,5780,867.0,4913.0,3954,959.0,19.52,UPI,Online,Jaipur
ORD102359,2025-05-12,C1124,P175,Tea V1,Grocery,1,1390,900,15.0,1390,208.5,1181.5,900,281.5,23.83,Net Banking,Store,Kanpur
ORD102360,2024-02-24,C1291,P150,LED Bulb V3,Home,2,2960,2119,10.0,5920,592.0,5328.0,4238,1090.0,20.46,Net Banking,Online,Noida
ORD102361,2024-08-12,C1468,P179,Biscuits V2,Grocery,3,1150,889,15.0,3450,517.5,2932.5,2667,265.5,9.05,Card,Store,Noida
ORD102362,2024-01-13,C1498,P160,Charging Cable V1,Accessories,2,3270,2329,5.0,6540,327.0,6213.0,4658,1555.0,25.03,UPI,Online,Delhi
ORD102363,2024-06-06,C1184,P129,Printer Paper V3,Office,1,7700,4733,10.0,7700,770.0,6930.0,4733,2197.0,31.7,UPI,Store,Gurugram
ORD102364,2024-08-11,C1100,P175,Tea V1,Grocery,2,1390,900,15.0,2780,417.0,2363.0,1800,563.0,23.83,Card,Phone,Mumbai
ORD102365,2024-10-26,C1464,P148,LED Bulb V1,Home,1,1590,982,20.0,1590,318.0,1272.0,982,290.0,22.8,Cash,Store,Lucknow
ORD102366,2025-06-22,C1136,P135,Stapler V3,Office,1,7170,4632,5.0,7170,358.5,6811.5,4632,2179.5,32.0,UPI,Online,Delhi
ORD102367,2024-04-19,C1072,P129,Printer Paper V3,Office,2,7700,4733,0.0,15400,0.0,15400.0,9466,5934.0,38.53,Card,Online,Kanpur
ORD102368,2025-04-24,C1110,P139,Storage Box V1,Home,1,2100,1652,15.0,2100,315.0,1785.0,1652,133.0,7.45,UPI,Phone,Prayagraj
ORD102369,2025-07-22,C1385,P137,Water Bottle V2,Home,2,1800,1202,10.0,3600,360.0,3240.0,2404,836.0,25.8,UPI,Phone,Gurugram
ORD102370,2025-10-21,C1388,P123,Office Chair V3,Office,4,4680,3454,5.0,18720,936.0,17784.0,13816,3968.0,22.31,Card,Online,Lucknow
ORD102371,2026-04-23,C1309,P128,Printer Paper V2,Office,1,2840,2176,5.0,2840,142.0,2698.0,2176,522.0,19.35,Card,Phone,Prayagraj
ORD102372,2025-01-21,C1135,P169,Travel Pouch V1,Accessories,1,2560,1733,0.0,2560,0.0,2560.0,1733,827.0,32.3,Card,Store,Agra
ORD102373,2025-04-02,C1127,P122,Office Chair V2,Office,3,4160,2937,5.0,12480,624.0,11856.0,8811,3045.0,25.68,Cash,Store,Gurugram
ORD102374,2025-02-11,C1486,P115,Bluetooth Speaker V1,Electronics,1,6930,4749,10.0,6930,693.0,6237.0,4749,1488.0,23.86,UPI,Online,Mumbai
ORD102375,2024-05-31,C1012,P174,Coffee V3,Grocery,1,1420,1012,10.0,1420,142.0,1278.0,1012,266.0,20.81,UPI,Online,Kanpur
ORD102376,2025-12-21,C1472,P129,Printer Paper V3,Office,2,7700,4733,10.0,15400,1540.0,13860.0,9466,4394.0,31.7,UPI,Store,Noida
ORD102377,2026-02-25,C1027,P106,Headphones V1,Electronics,3,4570,3663,10.0,13710,1371.0,12339.0,10989,1350.0,10.94,UPI,Online,Jaipur
ORD102378,2025-02-23,C1440,P132,File Folder V3,Office,1,4410,2825,10.0,4410,441.0,3969.0,2825,1144.0,28.82,Net Banking,Store,Delhi
ORD102379,2025-12-17,C1115,P116,Bluetooth Speaker V2,Electronics,2,4810,3714,15.0,9620,1443.0,8177.0,7428,749.0,9.16,Cash,Online,Delhi
ORD102380,2024-10-02,C1364,P149,LED Bulb V2,Home,1,1290,1029,5.0,1290,64.5,1225.5,1029,196.5,16.03,Cash,Online,Agra
ORD102381,2025-03-06,C1020,P114,Webcam V3,Electronics,1,3680,2607,10.0,3680,368.0,3312.0,2607,705.0,21.29,Cash,Online,Gurugram
ORD102382,2025-01-28,C1406,P117,Bluetooth Speaker V3,Electronics,3,1400,967,10.0,4200,420.0,3780.0,2901,879.0,23.25,Cash,Store,Delhi
ORD102383,2024-04-05,C1272,P166,Desk Mat V1,Accessories,3,3330,2082,0.0,9990,0.0,9990.0,6246,3744.0,37.48,UPI,Store,Lucknow
ORD102384,2025-04-15,C1463,P161,Charging Cable V2,Accessories,3,2440,1541,10.0,7320,732.0,6588.0,4623,1965.0,29.83,UPI,Store,Varanasi
ORD102385,2026-04-11,C1207,P148,LED Bulb V1,Home,1,1590,982,15.0,1590,238.5,1351.5,982,369.5,27.34,Card,Store,Agra
ORD102386,2024-10-27,C1107,P145,Cushion V1,Home,2,920,592,10.0,1840,184.0,1656.0,1184,472.0,28.5,Cash,Phone,Varanasi
ORD102387,2025-08-07,C1418,P132,File Folder V3,Office,6,4410,2825,0.0,26460,0.0,26460.0,16950,9510.0,35.94,Card,Store,Delhi
ORD102388,2026-04-04,C1266,P125,Desk Lamp V2,Office,3,4970,3317,0.0,14910,0.0,14910.0,9951,4959.0,33.26,UPI,Phone,Delhi
ORD102389,2025-11-08,C1066,P169,Travel Pouch V1,Accessories,1,2560,1733,0.0,2560,0.0,2560.0,1733,827.0,32.3,UPI,Store,Noida
ORD102390,2025-11-18,C1112,P152,Cleaning Kit V2,Home,4,3090,2318,5.0,12360,618.0,11742.0,9272,2470.0,21.04,Cash,Online,Varanasi
ORD102391,2024-11-26,C1209,P162,Charging Cable V3,Accessories,1,3240,2132,10.0,3240,324.0,2916.0,2132,784.0,26.89,UPI,Store,Jaipur
ORD102392,2024-02-06,C1092,P174,Coffee V3,Grocery,1,1420,1012,15.0,1420,213.0,1207.0,1012,195.0,16.16,UPI,Store,Noida
ORD102393,2024-11-28,C1489,P132,File Folder V3,Office,2,4410,2825,5.0,8820,441.0,8379.0,5650,2729.0,32.57,UPI,Store,Lucknow
ORD102394,2025-11-10,C1031,P177,Tea V3,Grocery,2,540,388,10.0,1080,108.0,972.0,776,196.0,20.16,Net Banking,Online,Agra
ORD102395,2024-07-13,C1021,P157,Phone Case V1,Accessories,1,560,464,15.0,560,84.0,476.0,464,12.0,2.52,Net Banking,Store,Varanasi
ORD102396,2024-06-25,C1425,P139,Storage Box V1,Home,1,2100,1652,5.0,2100,105.0,1995.0,1652,343.0,17.19,Card,Online,Lucknow
ORD102397,2024-11-25,C1224,P108,Headphones V3,Electronics,6,4890,3636,15.0,29340,4401.0,24939.0,21816,3123.0,12.52,UPI,Store,Noida
ORD102398,2024-06-24,C1244,P117,Bluetooth Speaker V3,Electronics,3,1400,967,0.0,4200,0.0,4200.0,2901,1299.0,30.93,Cash,Store,Jaipur
ORD102399,2024-02-16,C1307,P178,Biscuits V1,Grocery,2,1460,1162,0.0,2920,0.0,2920.0,2324,596.0,20.41,UPI,Store,Mumbai
ORD102400,2025-05-29,C1283,P100,Wireless Mouse V1,Electronics,1,3130,2246,0.0,3130,0.0,3130.0,2246,884.0,28.24,Cash,Online,Lucknow
ORD102401,2024-07-13,C1338,P164,Power Bank V2,Accessories,1,1150,849,20.0,1150,230.0,920.0,849,71.0,7.72,UPI,Store,Lucknow
ORD102402,2025-12-20,C1488,P171,Travel Pouch V3,Accessories,2,1430,1156,0.0,2860,0.0,2860.0,2312,548.0,19.16,Card,Store,Lucknow
ORD102403,2025-03-25,C1376,P162,Charging Cable V3,Accessories,1,3240,2132,15.0,3240,486.0,2754.0,2132,622.0,22.59,Net Banking,Store,Varanasi
ORD102404,2024-11-05,C1382,P128,Printer Paper V2,Office,2,2840,2176,5.0,5680,284.0,5396.0,4352,1044.0,19.35,UPI,Online,Delhi
ORD102405,2024-11-23,C1340,P129,Printer Paper V3,Office,6,7700,4733,5.0,46200,2310.0,43890.0,28398,15492.0,35.3,UPI,Online,Jaipur
ORD102406,2025-03-22,C1167,P140,Storage Box V2,Home,2,1780,1191,10.0,3560,356.0,3204.0,2382,822.0,25.66,Card,Store,Noida
ORD102407,2025-11-27,C1192,P151,Cleaning Kit V1,Home,1,2890,1977,5.0,2890,144.5,2745.5,1977,768.5,27.99,UPI,Store,Agra
ORD102408,2024-04-08,C1147,P157,Phone Case V1,Accessories,3,560,464,10.0,1680,168.0,1512.0,1392,120.0,7.94,Net Banking,Online,Lucknow
ORD102409,2025-11-25,C1118,P172,Coffee V1,Grocery,2,660,526,10.0,1320,132.0,1188.0,1052,136.0,11.45,UPI,Online,Lucknow
ORD102410,2024-09-01,C1276,P178,Biscuits V1,Grocery,1,1460,1162,10.0,1460,146.0,1314.0,1162,152.0,11.57,Net Banking,Online,Agra
ORD102411,2024-03-30,C1232,P150,LED Bulb V3,Home,1,2960,2119,5.0,2960,148.0,2812.0,2119,693.0,24.64,UPI,Store,Prayagraj
ORD102412,2026-05-27,C1070,P137,Water Bottle V2,Home,5,1800,1202,5.0,9000,450.0,8550.0,6010,2540.0,29.71,Cash,Phone,Agra
ORD102413,2024-04-26,C1237,P117,Bluetooth Speaker V3,Electronics,3,1400,967,5.0,4200,210.0,3990.0,2901,1089.0,27.29,Cash,Online,Prayagraj
ORD102414,2025-06-02,C1342,P161,Charging Cable V2,Accessories,3,2440,1541,10.0,7320,732.0,6588.0,4623,1965.0,29.83,UPI,Online,Kanpur
ORD102415,2024-08-05,C1329,P157,Phone Case V1,Accessories,5,560,464,0.0,2800,0.0,2800.0,2320,480.0,17.14,Card,Store,Prayagraj
ORD102416,2026-04-20,C1049,P144,Table Clock V3,Home,1,2960,2357,0.0,2960,0.0,2960.0,2357,603.0,20.37,UPI,Online,Lucknow
ORD102417,2024-12-18,C1004,P177,Tea V3,Grocery,5,540,388,20.0,2700,540.0,2160.0,1940,220.0,10.19,UPI,Phone,Gurugram
ORD102418,2024-01-30,C1110,P115,Bluetooth Speaker V1,Electronics,1,6930,4749,15.0,6930,1039.5,5890.5,4749,1141.5,19.38,Cash,Store,Prayagraj
ORD102419,2024-08-31,C1220,P127,Printer Paper V1,Office,2,6100,4997,5.0,12200,610.0,11590.0,9994,1596.0,13.77,Card,Store,Agra
ORD102420,2026-01-11,C1098,P102,Wireless Mouse V3,Electronics,1,3210,2684,10.0,3210,321.0,2889.0,2684,205.0,7.1,Card,Online,Lucknow
ORD102421,2024-12-22,C1127,P135,Stapler V3,Office,4,7170,4632,0.0,28680,0.0,28680.0,18528,10152.0,35.4,UPI,Online,Gurugram
ORD102422,2025-05-02,C1266,P130,File Folder V1,Office,1,3130,2238,15.0,3130,469.5,2660.5,2238,422.5,15.88,Cash,Phone,Delhi
ORD102423,2025-08-01,C1127,P115,Bluetooth Speaker V1,Electronics,1,6930,4749,10.0,6930,693.0,6237.0,4749,1488.0,23.86,Card,Store,Gurugram
ORD102424,2025-11-12,C1034,P174,Coffee V3,Grocery,4,1420,1012,0.0,5680,0.0,5680.0,4048,1632.0,28.73,UPI,Store,Jaipur
ORD102425,2025-09-09,C1215,P117,Bluetooth Speaker V3,Electronics,4,1400,967,10.0,5600,560.0,5040.0,3868,1172.0,23.25,Net Banking,Store,Lucknow
ORD102426,2024-07-27,C1012,P124,Desk Lamp V1,Office,1,4350,2868,0.0,4350,0.0,4350.0,2868,1482.0,34.07,Card,Online,Kanpur
ORD102427,2025-01-04,C1361,P136,Water Bottle V1,Home,3,1430,1182,5.0,4290,214.5,4075.5,3546,529.5,12.99,Card,Store,Mumbai
ORD102428,2024-12-09,C1039,P105,Keyboard V3,Electronics,1,4190,3534,10.0,4190,419.0,3771.0,3534,237.0,6.28,UPI,Store,Jaipur
ORD102429,2024-08-04,C1224,P110,USB Hub V2,Electronics,2,980,657,10.0,1960,196.0,1764.0,1314,450.0,25.51,Cash,Online,Noida
ORD102430,2025-01-13,C1431,P112,Webcam V1,Electronics,3,930,736,10.0,2790,279.0,2511.0,2208,303.0,12.07,UPI,Store,Noida
ORD102431,2024-09-17,C1479,P112,Webcam V1,Electronics,2,930,736,5.0,1860,93.0,1767.0,1472,295.0,16.69,Cash,Store,Varanasi
ORD102432,2025-10-04,C1338,P163,Power Bank V1,Accessories,2,510,428,0.0,1020,0.0,1020.0,856,164.0,16.08,UPI,Online,Lucknow
ORD102433,2024-09-15,C1379,P134,Stapler V2,Office,3,5250,3976,15.0,15750,2362.5,13387.5,11928,1459.5,10.9,UPI,Online,Kanpur
ORD102434,2025-12-06,C1191,P166,Desk Mat V1,Accessories,2,3330,2082,10.0,6660,666.0,5994.0,4164,1830.0,30.53,UPI,Store,Prayagraj
ORD102435,2026-06-28,C1346,P148,LED Bulb V1,Home,2,1590,982,15.0,3180,477.0,2703.0,1964,739.0,27.34,UPI,Online,Varanasi
ORD102436,2026-06-13,C1241,P123,Office Chair V3,Office,6,4680,3454,10.0,28080,2808.0,25272.0,20724,4548.0,18.0,Cash,Online,Jaipur
ORD102437,2024-12-11,C1335,P126,Desk Lamp V3,Office,2,370,241,10.0,740,74.0,666.0,482,184.0,27.63,Net Banking,Store,Prayagraj
ORD102438,2026-01-13,C1398,P158,Phone Case V2,Accessories,2,2660,1753,0.0,5320,0.0,5320.0,3506,1814.0,34.1,Card,Store,Prayagraj
ORD102439,2025-12-15,C1181,P158,Phone Case V2,Accessories,1,2660,1753,0.0,2660,0.0,2660.0,1753,907.0,34.1,UPI,Online,Jaipur
ORD102440,2024-02-23,C1144,P121,Office Chair V1,Office,2,6460,4606,0.0,12920,0.0,12920.0,9212,3708.0,28.7,UPI,Store,Noida
ORD102441,2025-01-11,C1172,P131,File Folder V2,Office,4,5150,3339,10.0,20600,2060.0,18540.0,13356,5184.0,27.96,Card,Store,Lucknow
ORD102442,2025-05-17,C1172,P109,USB Hub V1,Electronics,4,1970,1209,0.0,7880,0.0,7880.0,4836,3044.0,38.63,UPI,Online,Lucknow
ORD102443,2024-05-03,C1475,P121,Office Chair V1,Office,6,6460,4606,10.0,38760,3876.0,34884.0,27636,7248.0,20.78,UPI,Phone,Noida
ORD102444,2025-11-02,C1254,P122,Office Chair V2,Office,2,4160,2937,10.0,8320,832.0,7488.0,5874,1614.0,21.55,Card,Store,Prayagraj
ORD102445,2024-10-04,C1031,P146,Cushion V2,Home,3,3320,2419,15.0,9960,1494.0,8466.0,7257,1209.0,14.28,Cash,Online,Agra
ORD102446,2025-03-13,C1252,P114,Webcam V3,Electronics,3,3680,2607,15.0,11040,1656.0,9384.0,7821,1563.0,16.66,UPI,Online,Agra
ORD102447,2026-06-13,C1261,P179,Biscuits V2,Grocery,6,1150,889,5.0,6900,345.0,6555.0,5334,1221.0,18.63,Net Banking,Store,Kanpur
ORD102448,2025-07-14,C1020,P107,Headphones V2,Electronics,1,3120,2535,0.0,3120,0.0,3120.0,2535,585.0,18.75,Card,Store,Gurugram
ORD102449,2026-04-07,C1172,P108,Headphones V3,Electronics,3,4890,3636,5.0,14670,733.5,13936.5,10908,3028.5,21.73,UPI,Store,Lucknow
ORD102450,2025-10-24,C1154,P136,Water Bottle V1,Home,3,1430,1182,10.0,4290,429.0,3861.0,3546,315.0,8.16,UPI,Phone,Kanpur
ORD102451,2025-10-06,C1124,P155,Laptop Bag V2,Accessories,4,2620,1779,10.0,10480,1048.0,9432.0,7116,2316.0,24.55,UPI,Store,Kanpur
ORD102452,2024-07-19,C1365,P178,Biscuits V1,Grocery,2,1460,1162,10.0,2920,292.0,2628.0,2324,304.0,11.57,UPI,Online,Jaipur
ORD102453,2026-04-21,C1354,P108,Headphones V3,Electronics,5,4890,3636,15.0,24450,3667.5,20782.5,18180,2602.5,12.52,UPI,Online,Agra
ORD102454,2025-09-21,C1381,P119,Notebook V2,Office,1,3040,2028,5.0,3040,152.0,2888.0,2028,860.0,29.78,UPI,Store,Mumbai
ORD102455,2025-12-23,C1073,P120,Notebook V3,Office,2,5080,3876,5.0,10160,508.0,9652.0,7752,1900.0,19.69,UPI,Online,Mumbai
ORD102456,2024-09-27,C1200,P111,USB Hub V3,Electronics,1,1850,1273,10.0,1850,185.0,1665.0,1273,392.0,23.54,Card,Store,Lucknow
ORD102457,2024-06-30,C1354,P126,Desk Lamp V3,Office,4,370,241,5.0,1480,74.0,1406.0,964,442.0,31.44,UPI,Online,Agra
ORD102458,2025-09-28,C1291,P154,Laptop Bag V1,Accessories,7,3580,2326,0.0,25060,0.0,25060.0,16282,8778.0,35.03,Card,Store,Noida
ORD102459,2025-08-06,C1333,P133,Stapler V1,Office,5,6390,4143,0.0,31950,0.0,31950.0,20715,11235.0,35.16,Net Banking,Store,Prayagraj
ORD102460,2024-04-06,C1358,P132,File Folder V3,Office,1,4410,2825,10.0,4410,441.0,3969.0,2825,1144.0,28.82,Card,Store,Prayagraj
ORD102461,2025-11-17,C1140,P175,Tea V1,Grocery,1,1390,900,5.0,1390,69.5,1320.5,900,420.5,31.84,UPI,Store,Gurugram
ORD102462,2026-06-03,C1133,P108,Headphones V3,Electronics,6,4890,3636,5.0,29340,1467.0,27873.0,21816,6057.0,21.73,UPI,Online,Kanpur
ORD102463,2026-04-26,C1188,P152,Cleaning Kit V2,Home,2,3090,2318,10.0,6180,618.0,5562.0,4636,926.0,16.65,UPI,Store,Prayagraj
ORD102464,2025-08-05,C1081,P126,Desk Lamp V3,Office,2,370,241,0.0,740,0.0,740.0,482,258.0,34.86,UPI,Online,Noida
ORD102465,2024-05-31,C1343,P156,Laptop Bag V3,Accessories,3,1980,1255,5.0,5940,297.0,5643.0,3765,1878.0,33.28,UPI,Store,Gurugram
ORD102466,2024-06-23,C1264,P108,Headphones V3,Electronics,1,4890,3636,5.0,4890,244.5,4645.5,3636,1009.5,21.73,UPI,Online,Gurugram
ORD102467,2024-02-07,C1394,P124,Desk Lamp V1,Office,4,4350,2868,0.0,17400,0.0,17400.0,11472,5928.0,34.07,Card,Store,Prayagraj
ORD102468,2026-01-03,C1363,P120,Notebook V3,Office,2,5080,3876,10.0,10160,1016.0,9144.0,7752,1392.0,15.22,Net Banking,Store,Mumbai
ORD102469,2026-01-26,C1264,P168,Desk Mat V3,Accessories,1,2910,2229,10.0,2910,291.0,2619.0,2229,390.0,14.89,UPI,Store,Gurugram
ORD102470,2026-01-18,C1306,P178,Biscuits V1,Grocery,1,1460,1162,5.0,1460,73.0,1387.0,1162,225.0,16.22,UPI,Store,Lucknow
ORD102471,2026-06-07,C1161,P159,Phone Case V3,Accessories,1,1360,849,0.0,1360,0.0,1360.0,849,511.0,37.57,UPI,Online,Jaipur
ORD102472,2026-01-21,C1437,P153,Cleaning Kit V3,Home,2,2770,1726,5.0,5540,277.0,5263.0,3452,1811.0,34.41,Card,Store,Gurugram
ORD102473,2024-08-27,C1347,P112,Webcam V1,Electronics,1,930,736,10.0,930,93.0,837.0,736,101.0,12.07,UPI,Store,Jaipur
ORD102474,2024-05-16,C1115,P132,File Folder V3,Office,1,4410,2825,10.0,4410,441.0,3969.0,2825,1144.0,28.82,UPI,Online,Delhi
ORD102475,2024-11-30,C1133,P113,Webcam V2,Electronics,2,2640,1889,5.0,5280,264.0,5016.0,3778,1238.0,24.68,UPI,Online,Kanpur
ORD102476,2026-05-30,C1167,P114,Webcam V3,Electronics,1,3680,2607,0.0,3680,0.0,3680.0,2607,1073.0,29.16,UPI,Online,Noida
ORD102477,2025-03-18,C1098,P153,Cleaning Kit V3,Home,1,2770,1726,5.0,2770,138.5,2631.5,1726,905.5,34.41,UPI,Online,Lucknow
ORD102478,2025-11-09,C1006,P122,Office Chair V2,Office,1,4160,2937,5.0,4160,208.0,3952.0,2937,1015.0,25.68,UPI,Store,Kanpur
ORD102479,2024-10-26,C1357,P144,Table Clock V3,Home,5,2960,2357,10.0,14800,1480.0,13320.0,11785,1535.0,11.52,UPI,Store,Kanpur
ORD102480,2025-06-05,C1471,P115,Bluetooth Speaker V1,Electronics,4,6930,4749,5.0,27720,1386.0,26334.0,18996,7338.0,27.87,UPI,Store,Prayagraj
ORD102481,2024-12-30,C1492,P114,Webcam V3,Electronics,1,3680,2607,15.0,3680,552.0,3128.0,2607,521.0,16.66,Card,Online,Agra
ORD102482,2024-06-22,C1133,P123,Office Chair V3,Office,3,4680,3454,10.0,14040,1404.0,12636.0,10362,2274.0,18.0,Card,Store,Kanpur
ORD102483,2025-05-23,C1394,P104,Keyboard V2,Electronics,1,820,576,5.0,820,41.0,779.0,576,203.0,26.06,UPI,Store,Prayagraj
ORD102484,2025-10-03,C1217,P101,Wireless Mouse V2,Electronics,3,2890,2270,5.0,8670,433.5,8236.5,6810,1426.5,17.32,UPI,Phone,Agra
ORD102485,2025-10-05,C1202,P123,Office Chair V3,Office,4,4680,3454,10.0,18720,1872.0,16848.0,13816,3032.0,18.0,UPI,Online,Prayagraj
ORD102486,2025-03-06,C1279,P159,Phone Case V3,Accessories,3,1360,849,0.0,4080,0.0,4080.0,2547,1533.0,37.57,Cash,Store,Gurugram
ORD102487,2025-05-07,C1404,P123,Office Chair V3,Office,2,4680,3454,10.0,9360,936.0,8424.0,6908,1516.0,18.0,UPI,Store,Jaipur
ORD102488,2025-05-12,C1116,P114,Webcam V3,Electronics,2,3680,2607,15.0,7360,1104.0,6256.0,5214,1042.0,16.66,UPI,Online,Agra
ORD102489,2025-04-07,C1184,P136,Water Bottle V1,Home,2,1430,1182,10.0,2860,286.0,2574.0,2364,210.0,8.16,Net Banking,Store,Gurugram
ORD102490,2026-01-23,C1113,P138,Water Bottle V3,Home,4,2890,1947,0.0,11560,0.0,11560.0,7788,3772.0,32.63,Net Banking,Online,Agra
ORD102491,2025-12-01,C1185,P159,Phone Case V3,Accessories,4,1360,849,10.0,5440,544.0,4896.0,3396,1500.0,30.64,UPI,Online,Jaipur
ORD102492,2025-01-03,C1361,P152,Cleaning Kit V2,Home,5,3090,2318,15.0,15450,2317.5,13132.5,11590,1542.5,11.75,Card,Online,Mumbai
ORD102493,2025-12-19,C1438,P171,Travel Pouch V3,Accessories,5,1430,1156,10.0,7150,715.0,6435.0,5780,655.0,10.18,Card,Online,Kanpur
ORD102494,2024-10-18,C1028,P110,USB Hub V2,Electronics,5,980,657,5.0,4900,245.0,4655.0,3285,1370.0,29.43,UPI,Online,Lucknow
ORD102495,2026-05-24,C1199,P133,Stapler V1,Office,1,6390,4143,0.0,6390,0.0,6390.0,4143,2247.0,35.16,Card,Online,Kanpur
ORD102496,2025-07-06,C1163,P101,Wireless Mouse V2,Electronics,1,2890,2270,5.0,2890,144.5,2745.5,2270,475.5,17.32,UPI,Online,Gurugram
ORD102497,2024-11-05,C1242,P150,LED Bulb V3,Home,4,2960,2119,0.0,11840,0.0,11840.0,8476,3364.0,28.41,Card,Online,Delhi
ORD102498,2025-01-11,C1055,P107,Headphones V2,Electronics,1,3120,2535,0.0,3120,0.0,3120.0,2535,585.0,18.75,UPI,Store,Delhi
ORD102499,2026-06-19,C1130,P108,Headphones V3,Electronics,1,4890,3636,0.0,4890,0.0,4890.0,3636,1254.0,25.64,Net Banking,Online,Prayagraj
ORD102500,2025-12-03,C1462,P125,Desk Lamp V2,Office,1,4970,3317,10.0,4970,497.0,4473.0,3317,1156.0,25.84,Card,Online,Lucknow
ORD102501,2026-03-27,C1433,P114,Webcam V3,Electronics,5,3680,2607,15.0,18400,2760.0,15640.0,13035,2605.0,16.66,UPI,Phone,Noida
ORD102502,2026-06-10,C1243,P142,Table Clock V1,Home,2,2610,1876,15.0,5220,783.0,4437.0,3752,685.0,15.44,Net Banking,Online,Jaipur
ORD102503,2025-06-16,C1376,P138,Water Bottle V3,Home,2,2890,1947,15.0,5780,867.0,4913.0,3894,1019.0,20.74,UPI,Phone,Varanasi
ORD102504,2024-01-27,C1115,P133,Stapler V1,Office,1,6390,4143,5.0,6390,319.5,6070.5,4143,1927.5,31.75,Card,Online,Delhi
ORD102505,2025-10-20,C1215,P164,Power Bank V2,Accessories,5,1150,849,10.0,5750,575.0,5175.0,4245,930.0,17.97,Net Banking,Store,Lucknow
ORD102506,2025-10-16,C1352,P138,Water Bottle V3,Home,3,2890,1947,20.0,8670,1734.0,6936.0,5841,1095.0,15.79,Net Banking,Online,Jaipur
ORD102507,2025-09-11,C1050,P145,Cushion V1,Home,3,920,592,10.0,2760,276.0,2484.0,1776,708.0,28.5,UPI,Online,Gurugram
ORD102508,2025-03-27,C1398,P157,Phone Case V1,Accessories,1,560,464,5.0,560,28.0,532.0,464,68.0,12.78,UPI,Online,Prayagraj
ORD102509,2024-10-16,C1443,P102,Wireless Mouse V3,Electronics,6,3210,2684,5.0,19260,963.0,18297.0,16104,2193.0,11.99,UPI,Store,Varanasi
ORD102510,2024-11-15,C1359,P112,Webcam V1,Electronics,5,930,736,5.0,4650,232.5,4417.5,3680,737.5,16.69,Card,Online,Lucknow
ORD102511,2024-01-21,C1147,P100,Wireless Mouse V1,Electronics,4,3130,2246,10.0,12520,1252.0,11268.0,8984,2284.0,20.27,Card,Store,Lucknow
ORD102512,2026-05-17,C1152,P150,LED Bulb V3,Home,3,2960,2119,0.0,8880,0.0,8880.0,6357,2523.0,28.41,Net Banking,Store,Prayagraj
ORD102513,2025-06-07,C1138,P126,Desk Lamp V3,Office,1,370,241,0.0,370,0.0,370.0,241,129.0,34.86,Card,Online,Delhi
ORD102514,2024-07-16,C1169,P128,Printer Paper V2,Office,1,2840,2176,0.0,2840,0.0,2840.0,2176,664.0,23.38,UPI,Store,Agra
ORD102515,2024-02-05,C1462,P169,Travel Pouch V1,Accessories,1,2560,1733,10.0,2560,256.0,2304.0,1733,571.0,24.78,UPI,Store,Lucknow
ORD102516,2026-03-31,C1035,P104,Keyboard V2,Electronics,2,820,576,0.0,1640,0.0,1640.0,1152,488.0,29.76,UPI,Store,Lucknow
ORD102517,2026-06-15,C1198,P133,Stapler V1,Office,2,6390,4143,15.0,12780,1917.0,10863.0,8286,2577.0,23.72,UPI,Phone,Delhi
ORD102518,2026-01-08,C1314,P123,Office Chair V3,Office,4,4680,3454,0.0,18720,0.0,18720.0,13816,4904.0,26.2,Card,Phone,Lucknow
ORD102519,2024-05-17,C1139,P139,Storage Box V1,Home,4,2100,1652,10.0,8400,840.0,7560.0,6608,952.0,12.59,Cash,Store,Kanpur
ORD102520,2026-03-12,C1449,P123,Office Chair V3,Office,4,4680,3454,10.0,18720,1872.0,16848.0,13816,3032.0,18.0,UPI,Store,Kanpur
ORD102521,2024-09-07,C1369,P104,Keyboard V2,Electronics,5,820,576,20.0,4100,820.0,3280.0,2880,400.0,12.2,Card,Online,Mumbai
ORD102522,2024-03-14,C1238,P100,Wireless Mouse V1,Electronics,1,3130,2246,5.0,3130,156.5,2973.5,2246,727.5,24.47,Cash,Online,Noida
ORD102523,2026-06-21,C1008,P168,Desk Mat V3,Accessories,5,2910,2229,5.0,14550,727.5,13822.5,11145,2677.5,19.37,Cash,Store,Agra
ORD102524,2024-02-25,C1109,P148,LED Bulb V1,Home,7,1590,982,5.0,11130,556.5,10573.5,6874,3699.5,34.99,UPI,Store,Varanasi
ORD102525,2025-01-28,C1296,P158,Phone Case V2,Accessories,5,2660,1753,10.0,13300,1330.0,11970.0,8765,3205.0,26.78,UPI,Store,Lucknow
ORD102526,2026-06-17,C1279,P140,Storage Box V2,Home,1,1780,1191,10.0,1780,178.0,1602.0,1191,411.0,25.66,UPI,Store,Gurugram
ORD102527,2024-09-03,C1263,P177,Tea V3,Grocery,4,540,388,15.0,2160,324.0,1836.0,1552,284.0,15.47,UPI,Online,Gurugram
ORD102528,2026-06-26,C1146,P121,Office Chair V1,Office,1,6460,4606,10.0,6460,646.0,5814.0,4606,1208.0,20.78,Net Banking,Store,Delhi
ORD102529,2025-06-08,C1230,P127,Printer Paper V1,Office,2,6100,4997,10.0,12200,1220.0,10980.0,9994,986.0,8.98,UPI,Store,Lucknow
ORD102530,2025-01-18,C1479,P148,LED Bulb V1,Home,2,1590,982,10.0,3180,318.0,2862.0,1964,898.0,31.38,Cash,Store,Varanasi
ORD102531,2025-06-07,C1216,P178,Biscuits V1,Grocery,3,1460,1162,0.0,4380,0.0,4380.0,3486,894.0,20.41,Card,Phone,Mumbai
ORD102532,2026-05-15,C1496,P174,Coffee V3,Grocery,5,1420,1012,5.0,7100,355.0,6745.0,5060,1685.0,24.98,Card,Phone,Prayagraj
ORD102533,2024-05-04,C1482,P103,Keyboard V1,Electronics,3,4190,2634,10.0,12570,1257.0,11313.0,7902,3411.0,30.15,Net Banking,Phone,Agra
ORD102534,2026-03-04,C1176,P130,File Folder V1,Office,1,3130,2238,20.0,3130,626.0,2504.0,2238,266.0,10.62,Net Banking,Online,Kanpur
ORD102535,2025-03-19,C1019,P143,Table Clock V2,Home,1,2900,2046,10.0,2900,290.0,2610.0,2046,564.0,21.61,Card,Store,Delhi
ORD102536,2026-06-23,C1398,P147,Cushion V3,Home,2,2180,1724,10.0,4360,436.0,3924.0,3448,476.0,12.13,UPI,Online,Prayagraj
ORD102537,2024-08-09,C1118,P153,Cleaning Kit V3,Home,2,2770,1726,0.0,5540,0.0,5540.0,3452,2088.0,37.69,Card,Store,Lucknow
ORD102538,2024-10-15,C1361,P156,Laptop Bag V3,Accessories,1,1980,1255,5.0,1980,99.0,1881.0,1255,626.0,33.28,Cash,Online,Mumbai
ORD102539,2025-11-13,C1490,P165,Power Bank V3,Accessories,2,1990,1688,10.0,3980,398.0,3582.0,3376,206.0,5.75,UPI,Phone,Delhi
ORD102540,2024-01-12,C1121,P134,Stapler V2,Office,3,5250,3976,10.0,15750,1575.0,14175.0,11928,2247.0,15.85,UPI,Store,Lucknow
ORD102541,2025-09-17,C1300,P171,Travel Pouch V3,Accessories,2,1430,1156,5.0,2860,143.0,2717.0,2312,405.0,14.91,Cash,Phone,Noida
ORD102542,2026-05-10,C1229,P143,Table Clock V2,Home,2,2900,2046,10.0,5800,580.0,5220.0,4092,1128.0,21.61,UPI,Store,Delhi
ORD102543,2024-06-13,C1343,P135,Stapler V3,Office,2,7170,4632,15.0,14340,2151.0,12189.0,9264,2925.0,24.0,Card,Online,Gurugram
ORD102544,2025-06-25,C1100,P166,Desk Mat V1,Accessories,1,3330,2082,0.0,3330,0.0,3330.0,2082,1248.0,37.48,UPI,Online,Mumbai
ORD102545,2025-07-28,C1079,P100,Wireless Mouse V1,Electronics,1,3130,2246,15.0,3130,469.5,2660.5,2246,414.5,15.58,Cash,Online,Gurugram
ORD102546,2024-04-27,C1341,P122,Office Chair V2,Office,1,4160,2937,10.0,4160,416.0,3744.0,2937,807.0,21.55,Card,Store,Jaipur
ORD102547,2024-11-18,C1107,P143,Table Clock V2,Home,2,2900,2046,10.0,5800,580.0,5220.0,4092,1128.0,21.61,UPI,Phone,Varanasi
ORD102548,2025-08-17,C1291,P136,Water Bottle V1,Home,1,1430,1182,0.0,1430,0.0,1430.0,1182,248.0,17.34,UPI,Online,Noida
ORD102549,2024-07-18,C1118,P131,File Folder V2,Office,1,5150,3339,10.0,5150,515.0,4635.0,3339,1296.0,27.96,UPI,Phone,Lucknow
ORD102550,2024-08-02,C1220,P101,Wireless Mouse V2,Electronics,2,2890,2270,10.0,5780,578.0,5202.0,4540,662.0,12.73,Cash,Store,Agra
ORD102551,2025-06-20,C1052,P124,Desk Lamp V1,Office,2,4350,2868,10.0,8700,870.0,7830.0,5736,2094.0,26.74,Card,Phone,Kanpur
ORD102552,2024-09-25,C1170,P115,Bluetooth Speaker V1,Electronics,3,6930,4749,5.0,20790,1039.5,19750.5,14247,5503.5,27.87,UPI,Store,Agra
ORD102553,2024-07-30,C1421,P143,Table Clock V2,Home,1,2900,2046,15.0,2900,435.0,2465.0,2046,419.0,17.0,Net Banking,Online,Varanasi
ORD102554,2024-12-17,C1012,P168,Desk Mat V3,Accessories,2,2910,2229,0.0,5820,0.0,5820.0,4458,1362.0,23.4,UPI,Online,Kanpur
ORD102555,2024-09-30,C1348,P178,Biscuits V1,Grocery,2,1460,1162,15.0,2920,438.0,2482.0,2324,158.0,6.37,Net Banking,Online,Varanasi
ORD102556,2025-09-09,C1021,P100,Wireless Mouse V1,Electronics,2,3130,2246,15.0,6260,939.0,5321.0,4492,829.0,15.58,Net Banking,Online,Varanasi
ORD102557,2024-08-28,C1444,P156,Laptop Bag V3,Accessories,1,1980,1255,0.0,1980,0.0,1980.0,1255,725.0,36.62,Net Banking,Online,Jaipur
ORD102558,2025-03-05,C1010,P163,Power Bank V1,Accessories,4,510,428,0.0,2040,0.0,2040.0,1712,328.0,16.08,UPI,Store,Kanpur
ORD102559,2025-01-05,C1468,P158,Phone Case V2,Accessories,1,2660,1753,5.0,2660,133.0,2527.0,1753,774.0,30.63,UPI,Online,Noida
ORD102560,2026-04-15,C1220,P146,Cushion V2,Home,3,3320,2419,10.0,9960,996.0,8964.0,7257,1707.0,19.04,Cash,Store,Agra
ORD102561,2025-03-20,C1264,P152,Cleaning Kit V2,Home,3,3090,2318,5.0,9270,463.5,8806.5,6954,1852.5,21.04,UPI,Online,Gurugram
ORD102562,2026-05-16,C1188,P104,Keyboard V2,Electronics,4,820,576,0.0,3280,0.0,3280.0,2304,976.0,29.76,Card,Online,Prayagraj
ORD102563,2024-09-17,C1198,P101,Wireless Mouse V2,Electronics,1,2890,2270,0.0,2890,0.0,2890.0,2270,620.0,21.45,Net Banking,Online,Delhi
ORD102564,2025-01-10,C1428,P161,Charging Cable V2,Accessories,3,2440,1541,0.0,7320,0.0,7320.0,4623,2697.0,36.84,Card,Online,Delhi
ORD102565,2024-01-30,C1396,P139,Storage Box V1,Home,2,2100,1652,10.0,4200,420.0,3780.0,3304,476.0,12.59,Card,Online,Lucknow
ORD102566,2025-11-13,C1442,P115,Bluetooth Speaker V1,Electronics,7,6930,4749,10.0,48510,4851.0,43659.0,33243,10416.0,23.86,UPI,Online,Delhi
ORD102567,2024-10-21,C1066,P172,Coffee V1,Grocery,3,660,526,5.0,1980,99.0,1881.0,1578,303.0,16.11,Card,Store,Noida
ORD102568,2025-05-03,C1199,P101,Wireless Mouse V2,Electronics,1,2890,2270,15.0,2890,433.5,2456.5,2270,186.5,7.59,UPI,Online,Kanpur
ORD102569,2025-10-15,C1398,P105,Keyboard V3,Electronics,4,4190,3534,15.0,16760,2514.0,14246.0,14136,110.0,0.77,UPI,Online,Prayagraj
ORD102570,2024-09-14,C1019,P108,Headphones V3,Electronics,1,4890,3636,0.0,4890,0.0,4890.0,3636,1254.0,25.64,Card,Store,Delhi
ORD102571,2024-10-20,C1089,P174,Coffee V3,Grocery,4,1420,1012,5.0,5680,284.0,5396.0,4048,1348.0,24.98,UPI,Online,Kanpur
ORD102572,2024-10-11,C1310,P151,Cleaning Kit V1,Home,2,2890,1977,5.0,5780,289.0,5491.0,3954,1537.0,27.99,Net Banking,Store,Varanasi
ORD102573,2024-09-15,C1162,P151,Cleaning Kit V1,Home,2,2890,1977,10.0,5780,578.0,5202.0,3954,1248.0,23.99,UPI,Store,Agra
ORD102574,2024-08-04,C1334,P146,Cushion V2,Home,1,3320,2419,10.0,3320,332.0,2988.0,2419,569.0,19.04,UPI,Store,Lucknow
ORD102575,2026-03-01,C1421,P140,Storage Box V2,Home,1,1780,1191,10.0,1780,178.0,1602.0,1191,411.0,25.66,UPI,Store,Varanasi
ORD102576,2025-05-12,C1394,P159,Phone Case V3,Accessories,1,1360,849,10.0,1360,136.0,1224.0,849,375.0,30.64,UPI,Store,Prayagraj
ORD102577,2024-04-03,C1423,P143,Table Clock V2,Home,3,2900,2046,10.0,8700,870.0,7830.0,6138,1692.0,21.61,Card,Store,Noida
ORD102578,2026-04-07,C1482,P160,Charging Cable V1,Accessories,1,3270,2329,10.0,3270,327.0,2943.0,2329,614.0,20.86,UPI,Online,Agra
ORD102579,2024-01-21,C1386,P147,Cushion V3,Home,3,2180,1724,0.0,6540,0.0,6540.0,5172,1368.0,20.92,Card,Online,Delhi
ORD102580,2024-12-11,C1351,P128,Printer Paper V2,Office,3,2840,2176,5.0,8520,426.0,8094.0,6528,1566.0,19.35,UPI,Online,Noida
ORD102581,2024-11-29,C1482,P129,Printer Paper V3,Office,2,7700,4733,10.0,15400,1540.0,13860.0,9466,4394.0,31.7,Net Banking,Online,Agra
ORD102582,2024-02-25,C1053,P108,Headphones V3,Electronics,1,4890,3636,5.0,4890,244.5,4645.5,3636,1009.5,21.73,Card,Online,Varanasi
ORD102583,2026-01-27,C1396,P137,Water Bottle V2,Home,1,1800,1202,5.0,1800,90.0,1710.0,1202,508.0,29.71,Card,Store,Lucknow
ORD102584,2025-11-23,C1478,P125,Desk Lamp V2,Office,4,4970,3317,5.0,19880,994.0,18886.0,13268,5618.0,29.75,UPI,Store,Mumbai
ORD102585,2024-11-17,C1036,P113,Webcam V2,Electronics,3,2640,1889,10.0,7920,792.0,7128.0,5667,1461.0,20.5,UPI,Phone,Delhi
ORD102586,2024-07-06,C1223,P102,Wireless Mouse V3,Electronics,7,3210,2684,5.0,22470,1123.5,21346.5,18788,2558.5,11.99,Card,Store,Prayagraj
ORD102587,2024-06-23,C1297,P122,Office Chair V2,Office,5,4160,2937,5.0,20800,1040.0,19760.0,14685,5075.0,25.68,Cash,Online,Lucknow
ORD102588,2025-02-23,C1313,P119,Notebook V2,Office,3,3040,2028,5.0,9120,456.0,8664.0,6084,2580.0,29.78,UPI,Store,Jaipur
ORD102589,2026-03-05,C1391,P169,Travel Pouch V1,Accessories,2,2560,1733,15.0,5120,768.0,4352.0,3466,886.0,20.36,Card,Store,Gurugram
ORD102590,2024-04-19,C1173,P177,Tea V3,Grocery,1,540,388,10.0,540,54.0,486.0,388,98.0,20.16,Cash,Store,Delhi
ORD102591,2026-04-23,C1319,P154,Laptop Bag V1,Accessories,2,3580,2326,15.0,7160,1074.0,6086.0,4652,1434.0,23.56,UPI,Online,Mumbai
ORD102592,2025-08-05,C1372,P101,Wireless Mouse V2,Electronics,3,2890,2270,15.0,8670,1300.5,7369.5,6810,559.5,7.59,UPI,Store,Agra
ORD102593,2024-01-21,C1096,P146,Cushion V2,Home,1,3320,2419,5.0,3320,166.0,3154.0,2419,735.0,23.3,UPI,Store,Mumbai
ORD102594,2025-08-21,C1031,P102,Wireless Mouse V3,Electronics,1,3210,2684,10.0,3210,321.0,2889.0,2684,205.0,7.1,UPI,Online,Agra
ORD102595,2026-04-17,C1048,P129,Printer Paper V3,Office,3,7700,4733,5.0,23100,1155.0,21945.0,14199,7746.0,35.3,Card,Online,Delhi
ORD102596,2025-09-27,C1008,P139,Storage Box V1,Home,2,2100,1652,5.0,4200,210.0,3990.0,3304,686.0,17.19,Card,Online,Agra
ORD102597,2026-06-08,C1264,P131,File Folder V2,Office,2,5150,3339,15.0,10300,1545.0,8755.0,6678,2077.0,23.72,Net Banking,Online,Gurugram
ORD102598,2024-04-23,C1058,P137,Water Bottle V2,Home,1,1800,1202,10.0,1800,180.0,1620.0,1202,418.0,25.8,UPI,Online,Noida
ORD102599,2024-04-27,C1420,P128,Printer Paper V2,Office,2,2840,2176,5.0,5680,284.0,5396.0,4352,1044.0,19.35,UPI,Store,Agra
ORD102600,2025-11-01,C1010,P107,Headphones V2,Electronics,4,3120,2535,10.0,12480,1248.0,11232.0,10140,1092.0,9.72,UPI,Online,Kanpur
ORD102601,2024-07-27,C1266,P115,Bluetooth Speaker V1,Electronics,1,6930,4749,10.0,6930,693.0,6237.0,4749,1488.0,23.86,Cash,Online,Delhi
ORD102602,2024-05-16,C1418,P166,Desk Mat V1,Accessories,1,3330,2082,0.0,3330,0.0,3330.0,2082,1248.0,37.48,Card,Online,Delhi
ORD102603,2026-05-11,C1220,P140,Storage Box V2,Home,1,1780,1191,5.0,1780,89.0,1691.0,1191,500.0,29.57,UPI,Phone,Agra
ORD102604,2024-03-17,C1037,P166,Desk Mat V1,Accessories,2,3330,2082,15.0,6660,999.0,5661.0,4164,1497.0,26.44,Card,Store,Lucknow
ORD102605,2024-05-20,C1026,P158,Phone Case V2,Accessories,3,2660,1753,0.0,7980,0.0,7980.0,5259,2721.0,34.1,Card,Store,Lucknow
ORD102606,2024-03-07,C1175,P164,Power Bank V2,Accessories,3,1150,849,10.0,3450,345.0,3105.0,2547,558.0,17.97,UPI,Store,Prayagraj
ORD102607,2025-08-28,C1051,P150,LED Bulb V3,Home,1,2960,2119,0.0,2960,0.0,2960.0,2119,841.0,28.41,Net Banking,Store,Agra
ORD102608,2025-04-10,C1120,P128,Printer Paper V2,Office,1,2840,2176,10.0,2840,284.0,2556.0,2176,380.0,14.87,Card,Store,Agra
ORD102609,2024-03-12,C1090,P136,Water Bottle V1,Home,1,1430,1182,10.0,1430,143.0,1287.0,1182,105.0,8.16,UPI,Phone,Varanasi
ORD102610,2024-04-19,C1150,P146,Cushion V2,Home,1,3320,2419,5.0,3320,166.0,3154.0,2419,735.0,23.3,Card,Store,Jaipur
ORD102611,2025-12-04,C1126,P145,Cushion V1,Home,3,920,592,0.0,2760,0.0,2760.0,1776,984.0,35.65,Card,Online,Gurugram
ORD102612,2024-11-09,C1018,P131,File Folder V2,Office,5,5150,3339,0.0,25750,0.0,25750.0,16695,9055.0,35.17,Card,Online,Prayagraj
ORD102613,2025-12-06,C1483,P164,Power Bank V2,Accessories,4,1150,849,10.0,4600,460.0,4140.0,3396,744.0,17.97,Cash,Online,Kanpur
ORD102614,2025-05-11,C1339,P107,Headphones V2,Electronics,2,3120,2535,15.0,6240,936.0,5304.0,5070,234.0,4.41,Net Banking,Store,Gurugram
ORD102615,2024-02-12,C1410,P126,Desk Lamp V3,Office,4,370,241,5.0,1480,74.0,1406.0,964,442.0,31.44,UPI,Online,Prayagraj
ORD102616,2026-01-30,C1058,P116,Bluetooth Speaker V2,Electronics,1,4810,3714,15.0,4810,721.5,4088.5,3714,374.5,9.16,UPI,Store,Noida
ORD102617,2024-06-18,C1455,P131,File Folder V2,Office,1,5150,3339,20.0,5150,1030.0,4120.0,3339,781.0,18.96,Card,Online,Jaipur
ORD102618,2025-05-21,C1233,P158,Phone Case V2,Accessories,3,2660,1753,10.0,7980,798.0,7182.0,5259,1923.0,26.78,Card,Online,Varanasi
ORD102619,2024-03-16,C1085,P162,Charging Cable V3,Accessories,3,3240,2132,5.0,9720,486.0,9234.0,6396,2838.0,30.73,UPI,Online,Agra
ORD102620,2025-10-16,C1366,P141,Storage Box V3,Home,5,2200,1823,15.0,11000,1650.0,9350.0,9115,235.0,2.51,UPI,Online,Mumbai
ORD102621,2024-01-06,C1280,P127,Printer Paper V1,Office,2,6100,4997,0.0,12200,0.0,12200.0,9994,2206.0,18.08,UPI,Online,Noida
ORD102622,2026-03-26,C1433,P162,Charging Cable V3,Accessories,5,3240,2132,5.0,16200,810.0,15390.0,10660,4730.0,30.73,UPI,Online,Noida
ORD102623,2025-03-18,C1439,P121,Office Chair V1,Office,3,6460,4606,10.0,19380,1938.0,17442.0,13818,3624.0,20.78,UPI,Phone,Agra
ORD102624,2026-05-01,C1417,P175,Tea V1,Grocery,1,1390,900,10.0,1390,139.0,1251.0,900,351.0,28.06,Card,Store,Prayagraj
ORD102625,2025-05-27,C1225,P142,Table Clock V1,Home,2,2610,1876,15.0,5220,783.0,4437.0,3752,685.0,15.44,Net Banking,Online,Delhi
ORD102626,2024-01-23,C1096,P138,Water Bottle V3,Home,2,2890,1947,5.0,5780,289.0,5491.0,3894,1597.0,29.08,UPI,Online,Mumbai
ORD102627,2024-08-01,C1159,P123,Office Chair V3,Office,1,4680,3454,5.0,4680,234.0,4446.0,3454,992.0,22.31,UPI,Online,Lucknow
ORD102628,2025-12-04,C1155,P139,Storage Box V1,Home,2,2100,1652,0.0,4200,0.0,4200.0,3304,896.0,21.33,Cash,Online,Noida
ORD102629,2024-05-04,C1063,P177,Tea V3,Grocery,4,540,388,10.0,2160,216.0,1944.0,1552,392.0,20.16,Card,Online,Noida
ORD102630,2025-02-18,C1452,P120,Notebook V3,Office,3,5080,3876,10.0,15240,1524.0,13716.0,11628,2088.0,15.22,UPI,Online,Varanasi
ORD102631,2024-06-09,C1003,P117,Bluetooth Speaker V3,Electronics,2,1400,967,10.0,2800,280.0,2520.0,1934,586.0,23.25,Cash,Store,Prayagraj
ORD102632,2025-08-11,C1219,P133,Stapler V1,Office,1,6390,4143,0.0,6390,0.0,6390.0,4143,2247.0,35.16,Card,Store,Mumbai
ORD102633,2024-01-09,C1298,P103,Keyboard V1,Electronics,4,4190,2634,10.0,16760,1676.0,15084.0,10536,4548.0,30.15,UPI,Online,Agra
ORD102634,2026-02-11,C1284,P103,Keyboard V1,Electronics,3,4190,2634,5.0,12570,628.5,11941.5,7902,4039.5,33.83,Card,Store,Kanpur
ORD102635,2025-02-25,C1388,P160,Charging Cable V1,Accessories,3,3270,2329,15.0,9810,1471.5,8338.5,6987,1351.5,16.21,Card,Online,Lucknow
ORD102636,2024-02-17,C1186,P103,Keyboard V1,Electronics,1,4190,2634,5.0,4190,209.5,3980.5,2634,1346.5,33.83,Card,Online,Prayagraj
ORD102637,2026-03-04,C1073,P161,Charging Cable V2,Accessories,2,2440,1541,10.0,4880,488.0,4392.0,3082,1310.0,29.83,UPI,Store,Mumbai
ORD102638,2026-06-12,C1396,P169,Travel Pouch V1,Accessories,1,2560,1733,10.0,2560,256.0,2304.0,1733,571.0,24.78,UPI,Store,Lucknow
ORD102639,2025-03-09,C1208,P172,Coffee V1,Grocery,5,660,526,0.0,3300,0.0,3300.0,2630,670.0,20.3,Cash,Online,Agra
ORD102640,2026-04-05,C1462,P129,Printer Paper V3,Office,9,7700,4733,5.0,69300,3465.0,65835.0,42597,23238.0,35.3,UPI,Online,Lucknow
ORD102641,2026-05-19,C1342,P171,Travel Pouch V3,Accessories,1,1430,1156,0.0,1430,0.0,1430.0,1156,274.0,19.16,UPI,Online,Kanpur
ORD102642,2026-05-22,C1025,P106,Headphones V1,Electronics,3,4570,3663,10.0,13710,1371.0,12339.0,10989,1350.0,10.94,Cash,Online,Gurugram
ORD102643,2025-03-29,C1286,P179,Biscuits V2,Grocery,2,1150,889,15.0,2300,345.0,1955.0,1778,177.0,9.05,Net Banking,Online,Jaipur
ORD102644,2025-05-11,C1355,P139,Storage Box V1,Home,3,2100,1652,15.0,6300,945.0,5355.0,4956,399.0,7.45,UPI,Store,Noida
ORD102645,2025-08-25,C1427,P148,LED Bulb V1,Home,1,1590,982,5.0,1590,79.5,1510.5,982,528.5,34.99,Card,Online,Lucknow
ORD102646,2025-11-27,C1052,P132,File Folder V3,Office,2,4410,2825,0.0,8820,0.0,8820.0,5650,3170.0,35.94,UPI,Online,Kanpur
ORD102647,2026-02-27,C1033,P113,Webcam V2,Electronics,1,2640,1889,5.0,2640,132.0,2508.0,1889,619.0,24.68,UPI,Store,Jaipur
ORD102648,2024-05-16,C1232,P132,File Folder V3,Office,1,4410,2825,10.0,4410,441.0,3969.0,2825,1144.0,28.82,UPI,Online,Prayagraj
ORD102649,2024-01-26,C1069,P136,Water Bottle V1,Home,4,1430,1182,15.0,5720,858.0,4862.0,4728,134.0,2.76,UPI,Store,Agra
ORD102650,2025-03-12,C1340,P104,Keyboard V2,Electronics,3,820,576,5.0,2460,123.0,2337.0,1728,609.0,26.06,UPI,Online,Jaipur
ORD102651,2024-02-01,C1042,P114,Webcam V3,Electronics,2,3680,2607,5.0,7360,368.0,6992.0,5214,1778.0,25.43,Net Banking,Store,Gurugram
ORD102652,2024-04-29,C1025,P121,Office Chair V1,Office,3,6460,4606,0.0,19380,0.0,19380.0,13818,5562.0,28.7,UPI,Online,Gurugram
ORD102653,2026-03-27,C1200,P166,Desk Mat V1,Accessories,1,3330,2082,10.0,3330,333.0,2997.0,2082,915.0,30.53,UPI,Online,Lucknow
ORD102654,2026-04-02,C1465,P110,USB Hub V2,Electronics,2,980,657,15.0,1960,294.0,1666.0,1314,352.0,21.13,Card,Store,Lucknow
ORD102655,2025-07-29,C1306,P175,Tea V1,Grocery,5,1390,900,10.0,6950,695.0,6255.0,4500,1755.0,28.06,Card,Online,Lucknow
ORD102656,2026-02-14,C1258,P152,Cleaning Kit V2,Home,4,3090,2318,0.0,12360,0.0,12360.0,9272,3088.0,24.98,Card,Phone,Kanpur
ORD102657,2024-10-05,C1045,P177,Tea V3,Grocery,4,540,388,0.0,2160,0.0,2160.0,1552,608.0,28.15,Card,Online,Delhi
ORD102658,2026-06-23,C1139,P123,Office Chair V3,Office,5,4680,3454,10.0,23400,2340.0,21060.0,17270,3790.0,18.0,UPI,Online,Kanpur
ORD102659,2024-11-30,C1010,P123,Office Chair V3,Office,1,4680,3454,0.0,4680,0.0,4680.0,3454,1226.0,26.2,Cash,Online,Kanpur
ORD102660,2026-01-05,C1121,P173,Coffee V2,Grocery,4,930,610,5.0,3720,186.0,3534.0,2440,1094.0,30.96,Net Banking,Phone,Lucknow
ORD102661,2024-07-24,C1079,P136,Water Bottle V1,Home,1,1430,1182,10.0,1430,143.0,1287.0,1182,105.0,8.16,Card,Store,Gurugram
ORD102662,2025-10-24,C1139,P157,Phone Case V1,Accessories,3,560,464,0.0,1680,0.0,1680.0,1392,288.0,17.14,UPI,Online,Kanpur
ORD102663,2024-05-19,C1022,P104,Keyboard V2,Electronics,1,820,576,10.0,820,82.0,738.0,576,162.0,21.95,UPI,Store,Jaipur
ORD102664,2025-08-29,C1071,P147,Cushion V3,Home,3,2180,1724,10.0,6540,654.0,5886.0,5172,714.0,12.13,UPI,Online,Noida
ORD102665,2026-05-10,C1218,P136,Water Bottle V1,Home,3,1430,1182,10.0,4290,429.0,3861.0,3546,315.0,8.16,Card,Phone,Jaipur
ORD102666,2024-10-23,C1433,P143,Table Clock V2,Home,3,2900,2046,0.0,8700,0.0,8700.0,6138,2562.0,29.45,UPI,Online,Noida
ORD102667,2026-02-13,C1081,P115,Bluetooth Speaker V1,Electronics,4,6930,4749,10.0,27720,2772.0,24948.0,18996,5952.0,23.86,Net Banking,Store,Noida
ORD102668,2025-08-17,C1356,P144,Table Clock V3,Home,2,2960,2357,5.0,5920,296.0,5624.0,4714,910.0,16.18,UPI,Online,Gurugram
ORD102669,2025-10-31,C1252,P147,Cushion V3,Home,2,2180,1724,10.0,4360,436.0,3924.0,3448,476.0,12.13,UPI,Phone,Agra
ORD102670,2026-05-14,C1165,P162,Charging Cable V3,Accessories,1,3240,2132,10.0,3240,324.0,2916.0,2132,784.0,26.89,UPI,Online,Delhi
ORD102671,2025-06-20,C1464,P160,Charging Cable V1,Accessories,2,3270,2329,10.0,6540,654.0,5886.0,4658,1228.0,20.86,Cash,Online,Lucknow
ORD102672,2025-10-31,C1117,P165,Power Bank V3,Accessories,5,1990,1688,10.0,9950,995.0,8955.0,8440,515.0,5.75,UPI,Store,Kanpur
ORD102673,2025-10-15,C1391,P123,Office Chair V3,Office,2,4680,3454,15.0,9360,1404.0,7956.0,6908,1048.0,13.17,Card,Store,Gurugram
ORD102674,2025-07-23,C1269,P172,Coffee V1,Grocery,5,660,526,0.0,3300,0.0,3300.0,2630,670.0,20.3,Card,Online,Lucknow
ORD102675,2024-09-08,C1327,P120,Notebook V3,Office,3,5080,3876,0.0,15240,0.0,15240.0,11628,3612.0,23.7,UPI,Store,Agra
ORD102676,2025-01-26,C1442,P124,Desk Lamp V1,Office,5,4350,2868,10.0,21750,2175.0,19575.0,14340,5235.0,26.74,Card,Online,Delhi
ORD102677,2024-04-29,C1337,P155,Laptop Bag V2,Accessories,3,2620,1779,10.0,7860,786.0,7074.0,5337,1737.0,24.55,UPI,Online,Mumbai
ORD102678,2025-01-19,C1367,P171,Travel Pouch V3,Accessories,2,1430,1156,5.0,2860,143.0,2717.0,2312,405.0,14.91,Card,Online,Noida
ORD102679,2024-10-17,C1421,P152,Cleaning Kit V2,Home,3,3090,2318,5.0,9270,463.5,8806.5,6954,1852.5,21.04,UPI,Store,Varanasi
ORD102680,2024-05-19,C1465,P169,Travel Pouch V1,Accessories,1,2560,1733,0.0,2560,0.0,2560.0,1733,827.0,32.3,Card,Store,Lucknow
ORD102681,2025-08-03,C1447,P103,Keyboard V1,Electronics,1,4190,2634,5.0,4190,209.5,3980.5,2634,1346.5,33.83,Card,Store,Jaipur
ORD102682,2026-02-08,C1093,P136,Water Bottle V1,Home,1,1430,1182,15.0,1430,214.5,1215.5,1182,33.5,2.76,UPI,Store,Delhi
ORD102683,2024-03-20,C1353,P130,File Folder V1,Office,2,3130,2238,0.0,6260,0.0,6260.0,4476,1784.0,28.5,Net Banking,Online,Varanasi
ORD102684,2026-01-09,C1424,P147,Cushion V3,Home,2,2180,1724,15.0,4360,654.0,3706.0,3448,258.0,6.96,Card,Online,Prayagraj
ORD102685,2026-03-31,C1020,P118,Notebook V1,Office,2,2820,2304,10.0,5640,564.0,5076.0,4608,468.0,9.22,Cash,Store,Gurugram
ORD102686,2026-06-02,C1057,P161,Charging Cable V2,Accessories,3,2440,1541,10.0,7320,732.0,6588.0,4623,1965.0,29.83,UPI,Online,Prayagraj
ORD102687,2024-08-10,C1477,P161,Charging Cable V2,Accessories,2,2440,1541,5.0,4880,244.0,4636.0,3082,1554.0,33.52,Card,Online,Delhi
ORD102688,2024-12-15,C1452,P173,Coffee V2,Grocery,2,930,610,0.0,1860,0.0,1860.0,1220,640.0,34.41,Cash,Store,Varanasi
ORD102689,2025-07-23,C1426,P109,USB Hub V1,Electronics,3,1970,1209,5.0,5910,295.5,5614.5,3627,1987.5,35.4,UPI,Store,Mumbai
ORD102690,2024-07-06,C1223,P158,Phone Case V2,Accessories,2,2660,1753,15.0,5320,798.0,4522.0,3506,1016.0,22.47,Card,Store,Prayagraj
ORD102691,2025-09-12,C1479,P169,Travel Pouch V1,Accessories,5,2560,1733,10.0,12800,1280.0,11520.0,8665,2855.0,24.78,UPI,Online,Varanasi
ORD102692,2024-07-15,C1388,P104,Keyboard V2,Electronics,2,820,576,5.0,1640,82.0,1558.0,1152,406.0,26.06,Card,Online,Lucknow
ORD102693,2024-04-21,C1263,P129,Printer Paper V3,Office,3,7700,4733,0.0,23100,0.0,23100.0,14199,8901.0,38.53,Card,Store,Gurugram
ORD102694,2024-03-13,C1461,P136,Water Bottle V1,Home,4,1430,1182,15.0,5720,858.0,4862.0,4728,134.0,2.76,Cash,Store,Mumbai
ORD102695,2025-11-26,C1136,P134,Stapler V2,Office,1,5250,3976,5.0,5250,262.5,4987.5,3976,1011.5,20.28,UPI,Store,Delhi
ORD102696,2025-06-29,C1376,P138,Water Bottle V3,Home,2,2890,1947,10.0,5780,578.0,5202.0,3894,1308.0,25.14,UPI,Phone,Varanasi
ORD102697,2025-01-01,C1343,P139,Storage Box V1,Home,1,2100,1652,5.0,2100,105.0,1995.0,1652,343.0,17.19,UPI,Online,Gurugram
ORD102698,2024-05-10,C1381,P114,Webcam V3,Electronics,1,3680,2607,10.0,3680,368.0,3312.0,2607,705.0,21.29,UPI,Online,Mumbai
ORD102699,2024-07-03,C1435,P163,Power Bank V1,Accessories,3,510,428,10.0,1530,153.0,1377.0,1284,93.0,6.75,Card,Online,Prayagraj
ORD102700,2026-05-25,C1471,P176,Tea V2,Grocery,2,920,750,5.0,1840,92.0,1748.0,1500,248.0,14.19,Card,Store,Prayagraj
ORD102701,2025-04-24,C1400,P157,Phone Case V1,Accessories,1,560,464,0.0,560,0.0,560.0,464,96.0,17.14,Cash,Store,Delhi
ORD102702,2024-04-14,C1088,P105,Keyboard V3,Electronics,1,4190,3534,10.0,4190,419.0,3771.0,3534,237.0,6.28,Card,Phone,Prayagraj
ORD102703,2024-07-02,C1402,P168,Desk Mat V3,Accessories,3,2910,2229,0.0,8730,0.0,8730.0,6687,2043.0,23.4,UPI,Online,Jaipur
ORD102704,2026-01-15,C1281,P178,Biscuits V1,Grocery,1,1460,1162,10.0,1460,146.0,1314.0,1162,152.0,11.57,Card,Online,Kanpur
ORD102705,2025-11-09,C1175,P124,Desk Lamp V1,Office,3,4350,2868,5.0,13050,652.5,12397.5,8604,3793.5,30.6,Card,Store,Prayagraj
ORD102706,2025-12-30,C1421,P133,Stapler V1,Office,1,6390,4143,10.0,6390,639.0,5751.0,4143,1608.0,27.96,UPI,Phone,Varanasi
ORD102707,2024-04-04,C1393,P136,Water Bottle V1,Home,1,1430,1182,5.0,1430,71.5,1358.5,1182,176.5,12.99,Cash,Phone,Gurugram
ORD102708,2024-02-17,C1300,P132,File Folder V3,Office,4,4410,2825,0.0,17640,0.0,17640.0,11300,6340.0,35.94,Card,Store,Noida
ORD102709,2025-05-05,C1248,P143,Table Clock V2,Home,1,2900,2046,5.0,2900,145.0,2755.0,2046,709.0,25.74,UPI,Online,Agra
ORD102710,2025-10-02,C1459,P152,Cleaning Kit V2,Home,1,3090,2318,0.0,3090,0.0,3090.0,2318,772.0,24.98,Card,Online,Agra
ORD102711,2025-09-18,C1179,P127,Printer Paper V1,Office,2,6100,4997,10.0,12200,1220.0,10980.0,9994,986.0,8.98,Cash,Online,Delhi
ORD102712,2025-06-08,C1111,P152,Cleaning Kit V2,Home,2,3090,2318,10.0,6180,618.0,5562.0,4636,926.0,16.65,Card,Online,Delhi
ORD102713,2024-11-29,C1239,P178,Biscuits V1,Grocery,1,1460,1162,0.0,1460,0.0,1460.0,1162,298.0,20.41,UPI,Store,Prayagraj
ORD102714,2025-06-21,C1127,P116,Bluetooth Speaker V2,Electronics,3,4810,3714,0.0,14430,0.0,14430.0,11142,3288.0,22.79,UPI,Online,Gurugram
ORD102715,2026-05-15,C1031,P173,Coffee V2,Grocery,2,930,610,0.0,1860,0.0,1860.0,1220,640.0,34.41,Cash,Store,Agra
ORD102716,2024-06-30,C1258,P141,Storage Box V3,Home,1,2200,1823,0.0,2200,0.0,2200.0,1823,377.0,17.14,UPI,Store,Kanpur
ORD102717,2025-02-13,C1041,P161,Charging Cable V2,Accessories,1,2440,1541,0.0,2440,0.0,2440.0,1541,899.0,36.84,Cash,Online,Gurugram
ORD102718,2025-12-14,C1267,P126,Desk Lamp V3,Office,3,370,241,0.0,1110,0.0,1110.0,723,387.0,34.86,Net Banking,Online,Lucknow
ORD102719,2026-06-04,C1125,P172,Coffee V1,Grocery,2,660,526,0.0,1320,0.0,1320.0,1052,268.0,20.3,UPI,Online,Mumbai
ORD102720,2024-11-11,C1167,P107,Headphones V2,Electronics,1,3120,2535,10.0,3120,312.0,2808.0,2535,273.0,9.72,Cash,Online,Noida
ORD102721,2024-03-24,C1020,P146,Cushion V2,Home,1,3320,2419,10.0,3320,332.0,2988.0,2419,569.0,19.04,UPI,Store,Gurugram
ORD102722,2025-07-05,C1460,P123,Office Chair V3,Office,4,4680,3454,5.0,18720,936.0,17784.0,13816,3968.0,22.31,UPI,Online,Prayagraj
ORD102723,2024-01-14,C1044,P137,Water Bottle V2,Home,3,1800,1202,20.0,5400,1080.0,4320.0,3606,714.0,16.53,UPI,Online,Delhi
ORD102724,2024-08-15,C1482,P146,Cushion V2,Home,1,3320,2419,0.0,3320,0.0,3320.0,2419,901.0,27.14,UPI,Phone,Agra
ORD102725,2024-08-12,C1266,P134,Stapler V2,Office,4,5250,3976,0.0,21000,0.0,21000.0,15904,5096.0,24.27,UPI,Online,Delhi
ORD102726,2026-03-02,C1184,P154,Laptop Bag V1,Accessories,2,3580,2326,15.0,7160,1074.0,6086.0,4652,1434.0,23.56,UPI,Store,Gurugram
ORD102727,2025-01-05,C1215,P148,LED Bulb V1,Home,3,1590,982,5.0,4770,238.5,4531.5,2946,1585.5,34.99,Card,Store,Lucknow
ORD102728,2024-06-24,C1292,P129,Printer Paper V3,Office,1,7700,4733,5.0,7700,385.0,7315.0,4733,2582.0,35.3,UPI,Store,Gurugram
ORD102729,2025-07-15,C1036,P152,Cleaning Kit V2,Home,1,3090,2318,5.0,3090,154.5,2935.5,2318,617.5,21.04,Cash,Store,Delhi
ORD102730,2025-07-23,C1235,P152,Cleaning Kit V2,Home,1,3090,2318,5.0,3090,154.5,2935.5,2318,617.5,21.04,Card,Phone,Kanpur
ORD102731,2025-01-19,C1042,P158,Phone Case V2,Accessories,4,2660,1753,10.0,10640,1064.0,9576.0,7012,2564.0,26.78,Cash,Store,Gurugram
ORD102732,2024-09-23,C1123,P124,Desk Lamp V1,Office,2,4350,2868,5.0,8700,435.0,8265.0,5736,2529.0,30.6,Card,Store,Mumbai
ORD102733,2025-03-15,C1093,P174,Coffee V3,Grocery,4,1420,1012,15.0,5680,852.0,4828.0,4048,780.0,16.16,UPI,Store,Delhi
ORD102734,2024-04-07,C1328,P140,Storage Box V2,Home,4,1780,1191,0.0,7120,0.0,7120.0,4764,2356.0,33.09,Cash,Store,Agra
ORD102735,2024-03-23,C1026,P176,Tea V2,Grocery,5,920,750,10.0,4600,460.0,4140.0,3750,390.0,9.42,Card,Store,Lucknow
ORD102736,2025-11-22,C1467,P162,Charging Cable V3,Accessories,3,3240,2132,10.0,9720,972.0,8748.0,6396,2352.0,26.89,Card,Online,Kanpur
ORD102737,2026-01-06,C1094,P154,Laptop Bag V1,Accessories,2,3580,2326,0.0,7160,0.0,7160.0,4652,2508.0,35.03,Cash,Online,Lucknow
ORD102738,2025-04-19,C1392,P116,Bluetooth Speaker V2,Electronics,2,4810,3714,0.0,9620,0.0,9620.0,7428,2192.0,22.79,Net Banking,Online,Prayagraj
ORD102739,2024-09-16,C1307,P118,Notebook V1,Office,2,2820,2304,5.0,5640,282.0,5358.0,4608,750.0,14.0,UPI,Store,Mumbai
ORD102740,2024-02-15,C1209,P108,Headphones V3,Electronics,4,4890,3636,15.0,19560,2934.0,16626.0,14544,2082.0,12.52,Net Banking,Store,Jaipur
ORD102741,2025-06-08,C1369,P119,Notebook V2,Office,3,3040,2028,0.0,9120,0.0,9120.0,6084,3036.0,33.29,Net Banking,Online,Mumbai
ORD102742,2024-04-24,C1209,P169,Travel Pouch V1,Accessories,2,2560,1733,10.0,5120,512.0,4608.0,3466,1142.0,24.78,Card,Store,Jaipur
ORD102743,2024-05-04,C1037,P112,Webcam V1,Electronics,1,930,736,0.0,930,0.0,930.0,736,194.0,20.86,Card,Online,Lucknow
ORD102744,2025-09-27,C1284,P169,Travel Pouch V1,Accessories,4,2560,1733,15.0,10240,1536.0,8704.0,6932,1772.0,20.36,Cash,Store,Kanpur
ORD102745,2026-05-21,C1299,P123,Office Chair V3,Office,2,4680,3454,10.0,9360,936.0,8424.0,6908,1516.0,18.0,UPI,Store,Kanpur
ORD102746,2026-01-30,C1174,P114,Webcam V3,Electronics,1,3680,2607,5.0,3680,184.0,3496.0,2607,889.0,25.43,UPI,Online,Varanasi
ORD102747,2025-09-15,C1081,P147,Cushion V3,Home,3,2180,1724,10.0,6540,654.0,5886.0,5172,714.0,12.13,UPI,Store,Noida
ORD102748,2025-06-08,C1000,P121,Office Chair V1,Office,1,6460,4606,0.0,6460,0.0,6460.0,4606,1854.0,28.7,Cash,Store,Varanasi
ORD102749,2024-01-12,C1089,P103,Keyboard V1,Electronics,1,4190,2634,20.0,4190,838.0,3352.0,2634,718.0,21.42,UPI,Store,Kanpur
ORD102750,2025-04-01,C1486,P171,Travel Pouch V3,Accessories,1,1430,1156,10.0,1430,143.0,1287.0,1156,131.0,10.18,Card,Store,Mumbai
ORD102751,2025-11-17,C1055,P112,Webcam V1,Electronics,3,930,736,5.0,2790,139.5,2650.5,2208,442.5,16.69,Cash,Store,Delhi
ORD102752,2024-06-24,C1105,P179,Biscuits V2,Grocery,1,1150,889,10.0,1150,115.0,1035.0,889,146.0,14.11,UPI,Store,Lucknow
ORD102753,2026-05-10,C1126,P155,Laptop Bag V2,Accessories,2,2620,1779,5.0,5240,262.0,4978.0,3558,1420.0,28.53,UPI,Online,Gurugram
ORD102754,2024-12-21,C1256,P126,Desk Lamp V3,Office,1,370,241,5.0,370,18.5,351.5,241,110.5,31.44,Card,Online,Lucknow
ORD102755,2025-07-21,C1299,P164,Power Bank V2,Accessories,5,1150,849,5.0,5750,287.5,5462.5,4245,1217.5,22.29,Card,Store,Kanpur
ORD102756,2026-05-28,C1114,P139,Storage Box V1,Home,1,2100,1652,10.0,2100,210.0,1890.0,1652,238.0,12.59,UPI,Online,Kanpur
ORD102757,2025-02-24,C1224,P121,Office Chair V1,Office,1,6460,4606,10.0,6460,646.0,5814.0,4606,1208.0,20.78,UPI,Online,Noida
ORD102758,2024-11-28,C1343,P137,Water Bottle V2,Home,2,1800,1202,5.0,3600,180.0,3420.0,2404,1016.0,29.71,UPI,Store,Gurugram
ORD102759,2024-08-03,C1112,P115,Bluetooth Speaker V1,Electronics,4,6930,4749,0.0,27720,0.0,27720.0,18996,8724.0,31.47,UPI,Store,Varanasi
ORD102760,2025-08-18,C1207,P145,Cushion V1,Home,1,920,592,20.0,920,184.0,736.0,592,144.0,19.57,Cash,Store,Agra
ORD102761,2024-10-05,C1462,P112,Webcam V1,Electronics,1,930,736,5.0,930,46.5,883.5,736,147.5,16.69,UPI,Store,Lucknow
ORD102762,2024-11-01,C1357,P128,Printer Paper V2,Office,4,2840,2176,5.0,11360,568.0,10792.0,8704,2088.0,19.35,Net Banking,Online,Kanpur
ORD102763,2024-09-01,C1476,P151,Cleaning Kit V1,Home,6,2890,1977,10.0,17340,1734.0,15606.0,11862,3744.0,23.99,UPI,Online,Noida
ORD102764,2026-04-10,C1021,P178,Biscuits V1,Grocery,1,1460,1162,0.0,1460,0.0,1460.0,1162,298.0,20.41,Cash,Online,Varanasi
ORD102765,2024-10-01,C1380,P119,Notebook V2,Office,4,3040,2028,20.0,12160,2432.0,9728.0,8112,1616.0,16.61,UPI,Store,Kanpur
ORD102766,2024-04-27,C1389,P155,Laptop Bag V2,Accessories,1,2620,1779,0.0,2620,0.0,2620.0,1779,841.0,32.1,Card,Online,Noida
ORD102767,2025-04-14,C1471,P173,Coffee V2,Grocery,1,930,610,10.0,930,93.0,837.0,610,227.0,27.12,Cash,Store,Prayagraj
ORD102768,2025-09-10,C1378,P168,Desk Mat V3,Accessories,1,2910,2229,10.0,2910,291.0,2619.0,2229,390.0,14.89,UPI,Online,Delhi
ORD102769,2024-12-18,C1397,P169,Travel Pouch V1,Accessories,4,2560,1733,5.0,10240,512.0,9728.0,6932,2796.0,28.74,Card,Store,Varanasi
ORD102770,2025-11-12,C1043,P142,Table Clock V1,Home,2,2610,1876,15.0,5220,783.0,4437.0,3752,685.0,15.44,UPI,Store,Jaipur
ORD102771,2025-06-06,C1079,P176,Tea V2,Grocery,1,920,750,5.0,920,46.0,874.0,750,124.0,14.19,Cash,Store,Gurugram
ORD102772,2025-11-28,C1029,P100,Wireless Mouse V1,Electronics,3,3130,2246,0.0,9390,0.0,9390.0,6738,2652.0,28.24,UPI,Store,Lucknow
ORD102773,2024-07-30,C1232,P151,Cleaning Kit V1,Home,2,2890,1977,0.0,5780,0.0,5780.0,3954,1826.0,31.59,UPI,Online,Prayagraj
ORD102774,2026-01-01,C1403,P149,LED Bulb V2,Home,2,1290,1029,15.0,2580,387.0,2193.0,2058,135.0,6.16,UPI,Online,Lucknow
ORD102775,2024-10-07,C1487,P152,Cleaning Kit V2,Home,2,3090,2318,10.0,6180,618.0,5562.0,4636,926.0,16.65,UPI,Store,Kanpur
ORD102776,2025-03-11,C1010,P109,USB Hub V1,Electronics,3,1970,1209,10.0,5910,591.0,5319.0,3627,1692.0,31.81,Card,Online,Kanpur
ORD102777,2024-02-01,C1282,P167,Desk Mat V2,Accessories,1,3170,2059,15.0,3170,475.5,2694.5,2059,635.5,23.59,UPI,Store,Varanasi
ORD102778,2024-06-14,C1102,P164,Power Bank V2,Accessories,4,1150,849,0.0,4600,0.0,4600.0,3396,1204.0,26.17,UPI,Online,Lucknow
ORD102779,2025-10-09,C1285,P163,Power Bank V1,Accessories,2,510,428,10.0,1020,102.0,918.0,856,62.0,6.75,Card,Online,Kanpur
ORD102780,2024-11-26,C1004,P103,Keyboard V1,Electronics,2,4190,2634,0.0,8380,0.0,8380.0,5268,3112.0,37.14,UPI,Store,Gurugram
ORD102781,2025-05-30,C1127,P158,Phone Case V2,Accessories,2,2660,1753,0.0,5320,0.0,5320.0,3506,1814.0,34.1,Net Banking,Online,Gurugram
ORD102782,2026-05-28,C1257,P105,Keyboard V3,Electronics,2,4190,3534,5.0,8380,419.0,7961.0,7068,893.0,11.22,UPI,Store,Lucknow
ORD102783,2024-06-23,C1213,P126,Desk Lamp V3,Office,3,370,241,0.0,1110,0.0,1110.0,723,387.0,34.86,UPI,Online,Jaipur
ORD102784,2025-12-10,C1238,P170,Travel Pouch V2,Accessories,6,1850,1364,15.0,11100,1665.0,9435.0,8184,1251.0,13.26,UPI,Online,Noida
ORD102785,2024-12-01,C1003,P133,Stapler V1,Office,1,6390,4143,20.0,6390,1278.0,5112.0,4143,969.0,18.96,Cash,Online,Prayagraj
ORD102786,2025-04-05,C1235,P133,Stapler V1,Office,2,6390,4143,5.0,12780,639.0,12141.0,8286,3855.0,31.75,UPI,Store,Kanpur
ORD102787,2024-08-01,C1415,P177,Tea V3,Grocery,5,540,388,15.0,2700,405.0,2295.0,1940,355.0,15.47,UPI,Online,Gurugram
ORD102788,2026-05-08,C1043,P161,Charging Cable V2,Accessories,3,2440,1541,15.0,7320,1098.0,6222.0,4623,1599.0,25.7,Cash,Store,Jaipur
ORD102789,2024-08-02,C1011,P101,Wireless Mouse V2,Electronics,2,2890,2270,5.0,5780,289.0,5491.0,4540,951.0,17.32,UPI,Online,Agra
ORD102790,2025-04-13,C1251,P175,Tea V1,Grocery,2,1390,900,0.0,2780,0.0,2780.0,1800,980.0,35.25,Cash,Online,Jaipur
ORD102791,2025-07-26,C1099,P170,Travel Pouch V2,Accessories,3,1850,1364,0.0,5550,0.0,5550.0,4092,1458.0,26.27,UPI,Store,Delhi
ORD102792,2025-02-14,C1051,P106,Headphones V1,Electronics,1,4570,3663,0.0,4570,0.0,4570.0,3663,907.0,19.85,UPI,Online,Agra
ORD102793,2025-04-13,C1407,P106,Headphones V1,Electronics,1,4570,3663,0.0,4570,0.0,4570.0,3663,907.0,19.85,Card,Online,Gurugram
ORD102794,2025-01-04,C1075,P102,Wireless Mouse V3,Electronics,1,3210,2684,15.0,3210,481.5,2728.5,2684,44.5,1.63,Cash,Store,Gurugram
ORD102795,2024-10-20,C1480,P105,Keyboard V3,Electronics,3,4190,3534,10.0,12570,1257.0,11313.0,10602,711.0,6.28,Card,Online,Delhi
ORD102796,2026-06-27,C1061,P164,Power Bank V2,Accessories,4,1150,849,15.0,4600,690.0,3910.0,3396,514.0,13.15,Cash,Online,Mumbai
ORD102797,2024-01-20,C1411,P136,Water Bottle V1,Home,3,1430,1182,5.0,4290,214.5,4075.5,3546,529.5,12.99,UPI,Store,Prayagraj
ORD102798,2024-08-05,C1039,P102,Wireless Mouse V3,Electronics,2,3210,2684,5.0,6420,321.0,6099.0,5368,731.0,11.99,Card,Store,Jaipur
ORD102799,2025-01-01,C1376,P160,Charging Cable V1,Accessories,4,3270,2329,20.0,13080,2616.0,10464.0,9316,1148.0,10.97,Card,Online,Varanasi
ORD102800,2026-02-27,C1042,P110,USB Hub V2,Electronics,3,980,657,0.0,2940,0.0,2940.0,1971,969.0,32.96,UPI,Online,Gurugram
ORD102801,2025-10-31,C1349,P162,Charging Cable V3,Accessories,2,3240,2132,15.0,6480,972.0,5508.0,4264,1244.0,22.59,Cash,Store,Varanasi
ORD102802,2024-06-20,C1062,P103,Keyboard V1,Electronics,1,4190,2634,0.0,4190,0.0,4190.0,2634,1556.0,37.14,UPI,Online,Kanpur
ORD102803,2026-03-23,C1386,P116,Bluetooth Speaker V2,Electronics,1,4810,3714,5.0,4810,240.5,4569.5,3714,855.5,18.72,UPI,Store,Delhi
ORD102804,2025-06-16,C1450,P167,Desk Mat V2,Accessories,2,3170,2059,5.0,6340,317.0,6023.0,4118,1905.0,31.63,Cash,Store,Delhi
ORD102805,2024-04-26,C1471,P164,Power Bank V2,Accessories,2,1150,849,0.0,2300,0.0,2300.0,1698,602.0,26.17,UPI,Store,Prayagraj
ORD102806,2025-04-17,C1043,P169,Travel Pouch V1,Accessories,3,2560,1733,10.0,7680,768.0,6912.0,5199,1713.0,24.78,Cash,Online,Jaipur
ORD102807,2025-07-19,C1396,P118,Notebook V1,Office,1,2820,2304,10.0,2820,282.0,2538.0,2304,234.0,9.22,UPI,Phone,Lucknow
ORD102808,2025-11-08,C1231,P177,Tea V3,Grocery,3,540,388,5.0,1620,81.0,1539.0,1164,375.0,24.37,Card,Store,Gurugram
ORD102809,2024-04-16,C1218,P138,Water Bottle V3,Home,1,2890,1947,15.0,2890,433.5,2456.5,1947,509.5,20.74,Card,Online,Jaipur
ORD102810,2025-11-29,C1123,P129,Printer Paper V3,Office,1,7700,4733,15.0,7700,1155.0,6545.0,4733,1812.0,27.69,Cash,Online,Mumbai
ORD102811,2025-05-16,C1361,P176,Tea V2,Grocery,1,920,750,5.0,920,46.0,874.0,750,124.0,14.19,Cash,Phone,Mumbai
ORD102812,2024-10-24,C1324,P123,Office Chair V3,Office,3,4680,3454,10.0,14040,1404.0,12636.0,10362,2274.0,18.0,UPI,Online,Prayagraj
ORD102813,2026-04-20,C1285,P160,Charging Cable V1,Accessories,4,3270,2329,5.0,13080,654.0,12426.0,9316,3110.0,25.03,UPI,Store,Kanpur
ORD102814,2025-02-22,C1428,P173,Coffee V2,Grocery,3,930,610,10.0,2790,279.0,2511.0,1830,681.0,27.12,Cash,Online,Delhi
ORD102815,2025-01-01,C1497,P126,Desk Lamp V3,Office,4,370,241,10.0,1480,148.0,1332.0,964,368.0,27.63,UPI,Store,Lucknow
ORD102816,2025-09-11,C1201,P173,Coffee V2,Grocery,3,930,610,15.0,2790,418.5,2371.5,1830,541.5,22.83,Net Banking,Store,Agra
ORD102817,2025-07-11,C1094,P170,Travel Pouch V2,Accessories,4,1850,1364,0.0,7400,0.0,7400.0,5456,1944.0,26.27,UPI,Store,Lucknow
ORD102818,2025-01-28,C1185,P124,Desk Lamp V1,Office,2,4350,2868,5.0,8700,435.0,8265.0,5736,2529.0,30.6,Net Banking,Online,Jaipur
ORD102819,2026-05-10,C1300,P152,Cleaning Kit V2,Home,2,3090,2318,0.0,6180,0.0,6180.0,4636,1544.0,24.98,Cash,Online,Noida
ORD102820,2024-07-14,C1210,P121,Office Chair V1,Office,2,6460,4606,20.0,12920,2584.0,10336.0,9212,1124.0,10.87,UPI,Store,Mumbai
ORD102821,2025-02-21,C1158,P145,Cushion V1,Home,1,920,592,15.0,920,138.0,782.0,592,190.0,24.3,Cash,Phone,Jaipur
ORD102822,2026-01-19,C1327,P119,Notebook V2,Office,1,3040,2028,10.0,3040,304.0,2736.0,2028,708.0,25.88,Card,Online,Agra
ORD102823,2026-06-07,C1163,P157,Phone Case V1,Accessories,2,560,464,10.0,1120,112.0,1008.0,928,80.0,7.94,UPI,Store,Gurugram
ORD102824,2024-08-12,C1104,P177,Tea V3,Grocery,1,540,388,0.0,540,0.0,540.0,388,152.0,28.15,UPI,Online,Delhi
ORD102825,2025-12-09,C1330,P131,File Folder V2,Office,1,5150,3339,15.0,5150,772.5,4377.5,3339,1038.5,23.72,Cash,Online,Prayagraj
ORD102826,2026-04-25,C1407,P134,Stapler V2,Office,5,5250,3976,0.0,26250,0.0,26250.0,19880,6370.0,24.27,UPI,Store,Gurugram
ORD102827,2025-06-17,C1421,P161,Charging Cable V2,Accessories,1,2440,1541,15.0,2440,366.0,2074.0,1541,533.0,25.7,UPI,Store,Varanasi
ORD102828,2025-10-19,C1335,P100,Wireless Mouse V1,Electronics,3,3130,2246,10.0,9390,939.0,8451.0,6738,1713.0,20.27,Card,Store,Prayagraj
ORD102829,2024-03-16,C1268,P117,Bluetooth Speaker V3,Electronics,7,1400,967,0.0,9800,0.0,9800.0,6769,3031.0,30.93,Card,Phone,Noida
ORD102830,2025-07-12,C1344,P159,Phone Case V3,Accessories,2,1360,849,5.0,2720,136.0,2584.0,1698,886.0,34.29,UPI,Online,Gurugram
ORD102831,2026-04-15,C1334,P126,Desk Lamp V3,Office,5,370,241,0.0,1850,0.0,1850.0,1205,645.0,34.86,UPI,Phone,Lucknow
ORD102832,2025-11-22,C1420,P151,Cleaning Kit V1,Home,5,2890,1977,0.0,14450,0.0,14450.0,9885,4565.0,31.59,UPI,Store,Agra
ORD102833,2024-03-05,C1299,P129,Printer Paper V3,Office,3,7700,4733,20.0,23100,4620.0,18480.0,14199,4281.0,23.17,Card,Phone,Kanpur
ORD102834,2026-05-10,C1437,P108,Headphones V3,Electronics,4,4890,3636,0.0,19560,0.0,19560.0,14544,5016.0,25.64,Net Banking,Store,Gurugram
ORD102835,2026-05-15,C1251,P124,Desk Lamp V1,Office,3,4350,2868,0.0,13050,0.0,13050.0,8604,4446.0,34.07,UPI,Online,Jaipur
ORD102836,2024-04-04,C1408,P157,Phone Case V1,Accessories,1,560,464,10.0,560,56.0,504.0,464,40.0,7.94,UPI,Online,Gurugram
ORD102837,2024-04-07,C1157,P109,USB Hub V1,Electronics,1,1970,1209,10.0,1970,197.0,1773.0,1209,564.0,31.81,Card,Online,Agra
ORD102838,2024-07-28,C1407,P104,Keyboard V2,Electronics,5,820,576,5.0,4100,205.0,3895.0,2880,1015.0,26.06,UPI,Online,Gurugram
ORD102839,2026-05-17,C1154,P173,Coffee V2,Grocery,4,930,610,5.0,3720,186.0,3534.0,2440,1094.0,30.96,UPI,Store,Kanpur
ORD102840,2025-03-08,C1293,P170,Travel Pouch V2,Accessories,1,1850,1364,5.0,1850,92.5,1757.5,1364,393.5,22.39,Net Banking,Store,Gurugram
ORD102841,2025-10-02,C1323,P148,LED Bulb V1,Home,4,1590,982,10.0,6360,636.0,5724.0,3928,1796.0,31.38,UPI,Online,Mumbai
ORD102842,2024-07-26,C1436,P173,Coffee V2,Grocery,2,930,610,20.0,1860,372.0,1488.0,1220,268.0,18.01,UPI,Online,Jaipur
ORD102843,2024-07-04,C1215,P177,Tea V3,Grocery,4,540,388,10.0,2160,216.0,1944.0,1552,392.0,20.16,Card,Store,Lucknow
ORD102844,2025-09-30,C1392,P145,Cushion V1,Home,3,920,592,5.0,2760,138.0,2622.0,1776,846.0,32.27,Cash,Online,Prayagraj
ORD102845,2025-01-04,C1028,P110,USB Hub V2,Electronics,1,980,657,0.0,980,0.0,980.0,657,323.0,32.96,Card,Store,Lucknow
ORD102846,2024-06-03,C1379,P171,Travel Pouch V3,Accessories,2,1430,1156,10.0,2860,286.0,2574.0,2312,262.0,10.18,UPI,Store,Kanpur
ORD102847,2026-01-02,C1022,P160,Charging Cable V1,Accessories,4,3270,2329,5.0,13080,654.0,12426.0,9316,3110.0,25.03,Card,Store,Jaipur
ORD102848,2026-06-13,C1498,P123,Office Chair V3,Office,1,4680,3454,0.0,4680,0.0,4680.0,3454,1226.0,26.2,Card,Online,Delhi
ORD102849,2025-05-13,C1177,P168,Desk Mat V3,Accessories,3,2910,2229,0.0,8730,0.0,8730.0,6687,2043.0,23.4,UPI,Online,Jaipur
ORD102850,2025-08-01,C1068,P154,Laptop Bag V1,Accessories,3,3580,2326,0.0,10740,0.0,10740.0,6978,3762.0,35.03,Net Banking,Store,Mumbai
ORD102851,2024-11-06,C1307,P136,Water Bottle V1,Home,4,1430,1182,0.0,5720,0.0,5720.0,4728,992.0,17.34,Card,Online,Mumbai
ORD102852,2024-01-30,C1070,P119,Notebook V2,Office,1,3040,2028,5.0,3040,152.0,2888.0,2028,860.0,29.78,Cash,Online,Agra
ORD102853,2025-09-17,C1101,P178,Biscuits V1,Grocery,1,1460,1162,5.0,1460,73.0,1387.0,1162,225.0,16.22,Net Banking,Store,Prayagraj
ORD102854,2024-10-10,C1337,P116,Bluetooth Speaker V2,Electronics,1,4810,3714,0.0,4810,0.0,4810.0,3714,1096.0,22.79,UPI,Store,Mumbai
ORD102855,2024-07-07,C1102,P135,Stapler V3,Office,2,7170,4632,5.0,14340,717.0,13623.0,9264,4359.0,32.0,UPI,Online,Lucknow
ORD102856,2025-07-02,C1212,P104,Keyboard V2,Electronics,2,820,576,0.0,1640,0.0,1640.0,1152,488.0,29.76,Card,Online,Noida
ORD102857,2026-03-16,C1365,P153,Cleaning Kit V3,Home,2,2770,1726,0.0,5540,0.0,5540.0,3452,2088.0,37.69,Net Banking,Online,Jaipur
ORD102858,2024-05-24,C1394,P138,Water Bottle V3,Home,9,2890,1947,5.0,26010,1300.5,24709.5,17523,7186.5,29.08,UPI,Online,Prayagraj
ORD102859,2025-07-14,C1410,P111,USB Hub V3,Electronics,1,1850,1273,15.0,1850,277.5,1572.5,1273,299.5,19.05,Cash,Phone,Prayagraj
ORD102860,2026-05-25,C1203,P125,Desk Lamp V2,Office,2,4970,3317,0.0,9940,0.0,9940.0,6634,3306.0,33.26,Card,Phone,Mumbai
ORD102861,2025-12-23,C1384,P162,Charging Cable V3,Accessories,1,3240,2132,10.0,3240,324.0,2916.0,2132,784.0,26.89,UPI,Online,Noida
ORD102862,2024-05-17,C1366,P125,Desk Lamp V2,Office,2,4970,3317,10.0,9940,994.0,8946.0,6634,2312.0,25.84,Card,Store,Mumbai
ORD102863,2025-02-14,C1007,P146,Cushion V2,Home,1,3320,2419,15.0,3320,498.0,2822.0,2419,403.0,14.28,Cash,Store,Mumbai
ORD102864,2026-05-31,C1117,P168,Desk Mat V3,Accessories,1,2910,2229,10.0,2910,291.0,2619.0,2229,390.0,14.89,UPI,Store,Kanpur
ORD102865,2026-03-08,C1211,P153,Cleaning Kit V3,Home,1,2770,1726,10.0,2770,277.0,2493.0,1726,767.0,30.77,UPI,Online,Kanpur
ORD102866,2024-02-04,C1188,P178,Biscuits V1,Grocery,1,1460,1162,5.0,1460,73.0,1387.0,1162,225.0,16.22,Card,Online,Prayagraj
ORD102867,2025-07-08,C1381,P149,LED Bulb V2,Home,5,1290,1029,5.0,6450,322.5,6127.5,5145,982.5,16.03,UPI,Store,Mumbai
ORD102868,2025-07-20,C1105,P103,Keyboard V1,Electronics,2,4190,2634,10.0,8380,838.0,7542.0,5268,2274.0,30.15,Cash,Online,Lucknow
ORD102869,2024-09-19,C1150,P163,Power Bank V1,Accessories,2,510,428,20.0,1020,204.0,816.0,856,-40.0,-4.9,Card,Store,Jaipur
ORD102870,2026-03-12,C1255,P135,Stapler V3,Office,3,7170,4632,0.0,21510,0.0,21510.0,13896,7614.0,35.4,Card,Store,Lucknow
ORD102871,2024-09-05,C1350,P157,Phone Case V1,Accessories,4,560,464,10.0,2240,224.0,2016.0,1856,160.0,7.94,Card,Store,Noida
ORD102872,2024-07-31,C1326,P163,Power Bank V1,Accessories,3,510,428,5.0,1530,76.5,1453.5,1284,169.5,11.66,UPI,Online,Mumbai
ORD102873,2024-05-17,C1353,P103,Keyboard V1,Electronics,2,4190,2634,10.0,8380,838.0,7542.0,5268,2274.0,30.15,UPI,Phone,Varanasi
ORD102874,2026-04-24,C1145,P128,Printer Paper V2,Office,4,2840,2176,10.0,11360,1136.0,10224.0,8704,1520.0,14.87,Cash,Online,Mumbai
ORD102875,2024-11-02,C1092,P170,Travel Pouch V2,Accessories,2,1850,1364,0.0,3700,0.0,3700.0,2728,972.0,26.27,UPI,Store,Noida
ORD102876,2026-03-15,C1157,P111,USB Hub V3,Electronics,3,1850,1273,10.0,5550,555.0,4995.0,3819,1176.0,23.54,UPI,Store,Agra
ORD102877,2024-06-28,C1231,P114,Webcam V3,Electronics,1,3680,2607,0.0,3680,0.0,3680.0,2607,1073.0,29.16,Net Banking,Online,Gurugram
ORD102878,2025-04-03,C1477,P135,Stapler V3,Office,5,7170,4632,10.0,35850,3585.0,32265.0,23160,9105.0,28.22,Card,Store,Delhi
ORD102879,2025-11-08,C1246,P123,Office Chair V3,Office,3,4680,3454,15.0,14040,2106.0,11934.0,10362,1572.0,13.17,UPI,Store,Prayagraj
ORD102880,2024-11-08,C1431,P129,Printer Paper V3,Office,2,7700,4733,10.0,15400,1540.0,13860.0,9466,4394.0,31.7,Card,Online,Noida
ORD102881,2026-03-21,C1492,P142,Table Clock V1,Home,2,2610,1876,0.0,5220,0.0,5220.0,3752,1468.0,28.12,Card,Store,Agra
ORD102882,2025-08-17,C1432,P159,Phone Case V3,Accessories,2,1360,849,0.0,2720,0.0,2720.0,1698,1022.0,37.57,Card,Online,Mumbai
ORD102883,2024-03-10,C1386,P111,USB Hub V3,Electronics,3,1850,1273,10.0,5550,555.0,4995.0,3819,1176.0,23.54,Card,Store,Delhi
ORD102884,2024-06-03,C1205,P155,Laptop Bag V2,Accessories,1,2620,1779,0.0,2620,0.0,2620.0,1779,841.0,32.1,UPI,Online,Noida
ORD102885,2025-07-10,C1154,P160,Charging Cable V1,Accessories,3,3270,2329,20.0,9810,1962.0,7848.0,6987,861.0,10.97,UPI,Online,Kanpur
ORD102886,2024-04-20,C1222,P101,Wireless Mouse V2,Electronics,2,2890,2270,0.0,5780,0.0,5780.0,4540,1240.0,21.45,UPI,Online,Delhi
ORD102887,2024-12-15,C1071,P139,Storage Box V1,Home,4,2100,1652,5.0,8400,420.0,7980.0,6608,1372.0,17.19,UPI,Online,Noida
ORD102888,2026-05-30,C1021,P177,Tea V3,Grocery,3,540,388,10.0,1620,162.0,1458.0,1164,294.0,20.16,Card,Online,Varanasi
ORD102889,2025-07-09,C1296,P151,Cleaning Kit V1,Home,2,2890,1977,10.0,5780,578.0,5202.0,3954,1248.0,23.99,Cash,Online,Lucknow
ORD102890,2024-10-11,C1148,P128,Printer Paper V2,Office,3,2840,2176,10.0,8520,852.0,7668.0,6528,1140.0,14.87,UPI,Store,Delhi
ORD102891,2025-03-16,C1004,P119,Notebook V2,Office,2,3040,2028,10.0,6080,608.0,5472.0,4056,1416.0,25.88,Card,Online,Gurugram
ORD102892,2025-05-19,C1405,P113,Webcam V2,Electronics,2,2640,1889,5.0,5280,264.0,5016.0,3778,1238.0,24.68,UPI,Online,Agra
ORD102893,2024-08-31,C1051,P157,Phone Case V1,Accessories,2,560,464,15.0,1120,168.0,952.0,928,24.0,2.52,Card,Online,Agra
ORD102894,2024-12-03,C1395,P149,LED Bulb V2,Home,2,1290,1029,10.0,2580,258.0,2322.0,2058,264.0,11.37,UPI,Online,Delhi
ORD102895,2026-05-21,C1337,P129,Printer Paper V3,Office,3,7700,4733,10.0,23100,2310.0,20790.0,14199,6591.0,31.7,Card,Store,Mumbai
ORD102896,2024-02-24,C1248,P179,Biscuits V2,Grocery,2,1150,889,10.0,2300,230.0,2070.0,1778,292.0,14.11,Card,Online,Agra
ORD102897,2025-11-10,C1232,P104,Keyboard V2,Electronics,1,820,576,0.0,820,0.0,820.0,576,244.0,29.76,Card,Online,Prayagraj
ORD102898,2024-09-12,C1065,P144,Table Clock V3,Home,3,2960,2357,5.0,8880,444.0,8436.0,7071,1365.0,16.18,UPI,Online,Noida
ORD102899,2026-02-28,C1016,P158,Phone Case V2,Accessories,2,2660,1753,0.0,5320,0.0,5320.0,3506,1814.0,34.1,Net Banking,Store,Varanasi
ORD102900,2026-01-24,C1433,P134,Stapler V2,Office,1,5250,3976,0.0,5250,0.0,5250.0,3976,1274.0,24.27,Card,Phone,Noida
ORD102901,2024-04-04,C1063,P132,File Folder V3,Office,2,4410,2825,5.0,8820,441.0,8379.0,5650,2729.0,32.57,Card,Store,Noida
ORD102902,2025-12-11,C1461,P128,Printer Paper V2,Office,3,2840,2176,10.0,8520,852.0,7668.0,6528,1140.0,14.87,UPI,Store,Mumbai
ORD102903,2025-08-24,C1087,P119,Notebook V2,Office,2,3040,2028,10.0,6080,608.0,5472.0,4056,1416.0,25.88,Cash,Store,Lucknow
ORD102904,2025-10-22,C1388,P174,Coffee V3,Grocery,2,1420,1012,15.0,2840,426.0,2414.0,2024,390.0,16.16,Cash,Online,Lucknow
ORD102905,2024-01-16,C1492,P155,Laptop Bag V2,Accessories,2,2620,1779,0.0,5240,0.0,5240.0,3558,1682.0,32.1,Cash,Online,Agra
ORD102906,2025-03-06,C1029,P159,Phone Case V3,Accessories,2,1360,849,10.0,2720,272.0,2448.0,1698,750.0,30.64,Card,Online,Lucknow
ORD102907,2025-03-28,C1265,P127,Printer Paper V1,Office,2,6100,4997,10.0,12200,1220.0,10980.0,9994,986.0,8.98,Card,Store,Kanpur
ORD102908,2024-02-16,C1437,P127,Printer Paper V1,Office,3,6100,4997,0.0,18300,0.0,18300.0,14991,3309.0,18.08,Card,Online,Gurugram
ORD102909,2024-09-28,C1143,P150,LED Bulb V3,Home,1,2960,2119,5.0,2960,148.0,2812.0,2119,693.0,24.64,Cash,Online,Gurugram
ORD102910,2025-02-11,C1052,P163,Power Bank V1,Accessories,2,510,428,10.0,1020,102.0,918.0,856,62.0,6.75,UPI,Online,Kanpur
ORD102911,2025-07-03,C1420,P174,Coffee V3,Grocery,4,1420,1012,10.0,5680,568.0,5112.0,4048,1064.0,20.81,Cash,Store,Agra
ORD102912,2024-05-11,C1151,P109,USB Hub V1,Electronics,3,1970,1209,0.0,5910,0.0,5910.0,3627,2283.0,38.63,UPI,Online,Jaipur
ORD102913,2026-05-28,C1081,P102,Wireless Mouse V3,Electronics,4,3210,2684,5.0,12840,642.0,12198.0,10736,1462.0,11.99,Card,Store,Noida
ORD102914,2024-01-06,C1083,P148,LED Bulb V1,Home,4,1590,982,5.0,6360,318.0,6042.0,3928,2114.0,34.99,Card,Phone,Delhi
ORD102915,2025-03-04,C1459,P178,Biscuits V1,Grocery,3,1460,1162,10.0,4380,438.0,3942.0,3486,456.0,11.57,Cash,Store,Agra
ORD102916,2025-08-27,C1132,P138,Water Bottle V3,Home,3,2890,1947,10.0,8670,867.0,7803.0,5841,1962.0,25.14,UPI,Phone,Varanasi
ORD102917,2026-03-03,C1107,P165,Power Bank V3,Accessories,3,1990,1688,0.0,5970,0.0,5970.0,5064,906.0,15.18,Cash,Online,Varanasi
ORD102918,2024-01-21,C1027,P173,Coffee V2,Grocery,2,930,610,10.0,1860,186.0,1674.0,1220,454.0,27.12,Card,Online,Jaipur
ORD102919,2024-01-06,C1022,P141,Storage Box V3,Home,2,2200,1823,10.0,4400,440.0,3960.0,3646,314.0,7.93,UPI,Online,Jaipur
ORD102920,2026-05-30,C1120,P133,Stapler V1,Office,1,6390,4143,0.0,6390,0.0,6390.0,4143,2247.0,35.16,UPI,Online,Agra
ORD102921,2024-06-30,C1357,P169,Travel Pouch V1,Accessories,2,2560,1733,0.0,5120,0.0,5120.0,3466,1654.0,32.3,Net Banking,Online,Kanpur
ORD102922,2025-12-22,C1260,P111,USB Hub V3,Electronics,3,1850,1273,15.0,5550,832.5,4717.5,3819,898.5,19.05,Card,Store,Prayagraj
ORD102923,2024-01-23,C1268,P122,Office Chair V2,Office,3,4160,2937,0.0,12480,0.0,12480.0,8811,3669.0,29.4,Card,Store,Noida
ORD102924,2024-11-25,C1021,P107,Headphones V2,Electronics,2,3120,2535,10.0,6240,624.0,5616.0,5070,546.0,9.72,Net Banking,Store,Varanasi
ORD102925,2026-04-11,C1414,P122,Office Chair V2,Office,5,4160,2937,5.0,20800,1040.0,19760.0,14685,5075.0,25.68,Card,Store,Jaipur
ORD102926,2024-07-30,C1034,P118,Notebook V1,Office,3,2820,2304,5.0,8460,423.0,8037.0,6912,1125.0,14.0,Card,Store,Jaipur
ORD102927,2024-08-10,C1103,P170,Travel Pouch V2,Accessories,4,1850,1364,10.0,7400,740.0,6660.0,5456,1204.0,18.08,Card,Store,Varanasi
ORD102928,2024-06-01,C1338,P167,Desk Mat V2,Accessories,3,3170,2059,0.0,9510,0.0,9510.0,6177,3333.0,35.05,UPI,Online,Lucknow
ORD102929,2026-04-22,C1041,P110,USB Hub V2,Electronics,2,980,657,0.0,1960,0.0,1960.0,1314,646.0,32.96,Cash,Store,Gurugram
ORD102930,2024-02-20,C1037,P102,Wireless Mouse V3,Electronics,3,3210,2684,10.0,9630,963.0,8667.0,8052,615.0,7.1,UPI,Store,Lucknow
ORD102931,2025-05-10,C1244,P143,Table Clock V2,Home,1,2900,2046,15.0,2900,435.0,2465.0,2046,419.0,17.0,UPI,Online,Jaipur
ORD102932,2025-01-12,C1384,P138,Water Bottle V3,Home,1,2890,1947,10.0,2890,289.0,2601.0,1947,654.0,25.14,UPI,Online,Noida
ORD102933,2025-12-09,C1275,P101,Wireless Mouse V2,Electronics,5,2890,2270,15.0,14450,2167.5,12282.5,11350,932.5,7.59,UPI,Phone,Gurugram
ORD102934,2025-12-26,C1400,P104,Keyboard V2,Electronics,3,820,576,0.0,2460,0.0,2460.0,1728,732.0,29.76,UPI,Store,Delhi
ORD102935,2026-01-03,C1105,P137,Water Bottle V2,Home,1,1800,1202,10.0,1800,180.0,1620.0,1202,418.0,25.8,Card,Online,Lucknow
ORD102936,2026-04-26,C1066,P168,Desk Mat V3,Accessories,1,2910,2229,0.0,2910,0.0,2910.0,2229,681.0,23.4,Net Banking,Online,Noida
ORD102937,2024-07-15,C1400,P161,Charging Cable V2,Accessories,6,2440,1541,20.0,14640,2928.0,11712.0,9246,2466.0,21.06,UPI,Phone,Delhi
ORD102938,2024-08-17,C1095,P154,Laptop Bag V1,Accessories,4,3580,2326,0.0,14320,0.0,14320.0,9304,5016.0,35.03,UPI,Online,Agra
ORD102939,2025-12-13,C1022,P139,Storage Box V1,Home,5,2100,1652,0.0,10500,0.0,10500.0,8260,2240.0,21.33,Card,Online,Jaipur
ORD102940,2025-12-22,C1013,P124,Desk Lamp V1,Office,1,4350,2868,15.0,4350,652.5,3697.5,2868,829.5,22.43,Card,Store,Gurugram
ORD102941,2025-12-11,C1401,P149,LED Bulb V2,Home,3,1290,1029,10.0,3870,387.0,3483.0,3087,396.0,11.37,Cash,Online,Gurugram
ORD102942,2025-12-30,C1421,P113,Webcam V2,Electronics,3,2640,1889,0.0,7920,0.0,7920.0,5667,2253.0,28.45,UPI,Store,Varanasi
ORD102943,2025-05-12,C1065,P122,Office Chair V2,Office,4,4160,2937,20.0,16640,3328.0,13312.0,11748,1564.0,11.75,Net Banking,Store,Noida
ORD102944,2024-03-22,C1093,P164,Power Bank V2,Accessories,2,1150,849,10.0,2300,230.0,2070.0,1698,372.0,17.97,Card,Store,Delhi
ORD102945,2026-01-28,C1065,P167,Desk Mat V2,Accessories,2,3170,2059,5.0,6340,317.0,6023.0,4118,1905.0,31.63,Cash,Online,Noida
ORD102946,2026-03-06,C1034,P167,Desk Mat V2,Accessories,5,3170,2059,15.0,15850,2377.5,13472.5,10295,3177.5,23.59,Card,Online,Jaipur
ORD102947,2025-04-07,C1047,P150,LED Bulb V3,Home,1,2960,2119,10.0,2960,296.0,2664.0,2119,545.0,20.46,UPI,Online,Lucknow
ORD102948,2025-12-13,C1102,P133,Stapler V1,Office,3,6390,4143,10.0,19170,1917.0,17253.0,12429,4824.0,27.96,Net Banking,Online,Lucknow
ORD102949,2025-05-10,C1021,P167,Desk Mat V2,Accessories,3,3170,2059,0.0,9510,0.0,9510.0,6177,3333.0,35.05,Cash,Online,Varanasi
ORD102950,2024-06-26,C1422,P134,Stapler V2,Office,1,5250,3976,0.0,5250,0.0,5250.0,3976,1274.0,24.27,UPI,Online,Agra
ORD102951,2025-08-08,C1170,P154,Laptop Bag V1,Accessories,1,3580,2326,15.0,3580,537.0,3043.0,2326,717.0,23.56,Card,Store,Agra
ORD102952,2024-01-06,C1330,P152,Cleaning Kit V2,Home,1,3090,2318,15.0,3090,463.5,2626.5,2318,308.5,11.75,Cash,Store,Prayagraj
ORD102953,2024-08-26,C1417,P119,Notebook V2,Office,2,3040,2028,15.0,6080,912.0,5168.0,4056,1112.0,21.52,Cash,Online,Prayagraj
ORD102954,2026-06-04,C1251,P162,Charging Cable V3,Accessories,5,3240,2132,5.0,16200,810.0,15390.0,10660,4730.0,30.73,Card,Online,Jaipur
ORD102955,2025-04-18,C1024,P149,LED Bulb V2,Home,3,1290,1029,0.0,3870,0.0,3870.0,3087,783.0,20.23,Net Banking,Store,Mumbai
ORD102956,2026-06-19,C1337,P166,Desk Mat V1,Accessories,1,3330,2082,5.0,3330,166.5,3163.5,2082,1081.5,34.19,UPI,Store,Mumbai
ORD102957,2024-12-11,C1310,P168,Desk Mat V3,Accessories,3,2910,2229,15.0,8730,1309.5,7420.5,6687,733.5,9.88,Net Banking,Store,Varanasi
ORD102958,2024-12-09,C1308,P103,Keyboard V1,Electronics,5,4190,2634,5.0,20950,1047.5,19902.5,13170,6732.5,33.83,Net Banking,Store,Mumbai
ORD102959,2025-02-28,C1093,P110,USB Hub V2,Electronics,1,980,657,0.0,980,0.0,980.0,657,323.0,32.96,Cash,Phone,Delhi
ORD102960,2025-03-31,C1111,P133,Stapler V1,Office,2,6390,4143,5.0,12780,639.0,12141.0,8286,3855.0,31.75,UPI,Store,Delhi
ORD102961,2024-05-15,C1408,P125,Desk Lamp V2,Office,1,4970,3317,20.0,4970,994.0,3976.0,3317,659.0,16.57,UPI,Online,Gurugram
ORD102962,2024-09-17,C1177,P155,Laptop Bag V2,Accessories,2,2620,1779,5.0,5240,262.0,4978.0,3558,1420.0,28.53,Net Banking,Store,Jaipur
ORD102963,2025-01-24,C1247,P175,Tea V1,Grocery,1,1390,900,10.0,1390,139.0,1251.0,900,351.0,28.06,UPI,Online,Kanpur
ORD102964,2025-02-06,C1372,P131,File Folder V2,Office,2,5150,3339,10.0,10300,1030.0,9270.0,6678,2592.0,27.96,UPI,Online,Agra
ORD102965,2026-05-04,C1218,P158,Phone Case V2,Accessories,4,2660,1753,15.0,10640,1596.0,9044.0,7012,2032.0,22.47,UPI,Store,Jaipur
ORD102966,2024-10-27,C1304,P117,Bluetooth Speaker V3,Electronics,1,1400,967,0.0,1400,0.0,1400.0,967,433.0,30.93,UPI,Store,Prayagraj
ORD102967,2024-08-30,C1105,P120,Notebook V3,Office,1,5080,3876,0.0,5080,0.0,5080.0,3876,1204.0,23.7,UPI,Store,Lucknow
ORD102968,2025-01-27,C1351,P173,Coffee V2,Grocery,4,930,610,10.0,3720,372.0,3348.0,2440,908.0,27.12,UPI,Online,Noida
ORD102969,2024-02-01,C1399,P138,Water Bottle V3,Home,1,2890,1947,15.0,2890,433.5,2456.5,1947,509.5,20.74,Card,Phone,Agra
ORD102970,2025-12-22,C1425,P171,Travel Pouch V3,Accessories,8,1430,1156,15.0,11440,1716.0,9724.0,9248,476.0,4.9,Net Banking,Phone,Lucknow
ORD102971,2025-10-17,C1488,P150,LED Bulb V3,Home,2,2960,2119,0.0,5920,0.0,5920.0,4238,1682.0,28.41,Card,Phone,Lucknow
ORD102972,2024-11-29,C1447,P179,Biscuits V2,Grocery,4,1150,889,0.0,4600,0.0,4600.0,3556,1044.0,22.7,Card,Online,Jaipur
ORD102973,2024-11-08,C1308,P145,Cushion V1,Home,2,920,592,5.0,1840,92.0,1748.0,1184,564.0,32.27,Card,Online,Mumbai
ORD102974,2025-03-20,C1373,P129,Printer Paper V3,Office,1,7700,4733,10.0,7700,770.0,6930.0,4733,2197.0,31.7,UPI,Online,Gurugram
ORD102975,2024-05-27,C1439,P131,File Folder V2,Office,3,5150,3339,15.0,15450,2317.5,13132.5,10017,3115.5,23.72,UPI,Phone,Agra
ORD102976,2025-10-01,C1340,P114,Webcam V3,Electronics,4,3680,2607,10.0,14720,1472.0,13248.0,10428,2820.0,21.29,Card,Online,Jaipur
ORD102977,2025-03-07,C1351,P111,USB Hub V3,Electronics,1,1850,1273,0.0,1850,0.0,1850.0,1273,577.0,31.19,Card,Store,Noida
ORD102978,2026-04-28,C1300,P159,Phone Case V3,Accessories,3,1360,849,10.0,4080,408.0,3672.0,2547,1125.0,30.64,Card,Online,Noida
ORD102979,2025-08-23,C1251,P172,Coffee V1,Grocery,1,660,526,5.0,660,33.0,627.0,526,101.0,16.11,Net Banking,Store,Jaipur
ORD102980,2026-06-09,C1030,P102,Wireless Mouse V3,Electronics,3,3210,2684,5.0,9630,481.5,9148.5,8052,1096.5,11.99,UPI,Store,Varanasi
ORD102981,2026-02-05,C1169,P102,Wireless Mouse V3,Electronics,1,3210,2684,5.0,3210,160.5,3049.5,2684,365.5,11.99,Card,Store,Agra
ORD102982,2025-07-18,C1299,P145,Cushion V1,Home,1,920,592,0.0,920,0.0,920.0,592,328.0,35.65,Cash,Online,Kanpur
ORD102983,2024-04-02,C1172,P163,Power Bank V1,Accessories,6,510,428,10.0,3060,306.0,2754.0,2568,186.0,6.75,Cash,Store,Lucknow
ORD102984,2026-06-02,C1042,P117,Bluetooth Speaker V3,Electronics,1,1400,967,15.0,1400,210.0,1190.0,967,223.0,18.74,UPI,Phone,Gurugram
ORD102985,2025-07-09,C1187,P101,Wireless Mouse V2,Electronics,4,2890,2270,15.0,11560,1734.0,9826.0,9080,746.0,7.59,Cash,Store,Kanpur
ORD102986,2025-02-15,C1061,P124,Desk Lamp V1,Office,2,4350,2868,20.0,8700,1740.0,6960.0,5736,1224.0,17.59,UPI,Online,Mumbai
ORD102987,2024-04-12,C1159,P100,Wireless Mouse V1,Electronics,3,3130,2246,15.0,9390,1408.5,7981.5,6738,1243.5,15.58,Card,Online,Lucknow
ORD102988,2025-11-28,C1230,P172,Coffee V1,Grocery,2,660,526,10.0,1320,132.0,1188.0,1052,136.0,11.45,UPI,Store,Lucknow
ORD102989,2025-05-04,C1143,P124,Desk Lamp V1,Office,1,4350,2868,15.0,4350,652.5,3697.5,2868,829.5,22.43,Net Banking,Store,Gurugram
ORD102990,2026-03-01,C1406,P116,Bluetooth Speaker V2,Electronics,1,4810,3714,5.0,4810,240.5,4569.5,3714,855.5,18.72,UPI,Online,Delhi
ORD102991,2024-05-21,C1266,P139,Storage Box V1,Home,6,2100,1652,0.0,12600,0.0,12600.0,9912,2688.0,21.33,Cash,Online,Delhi
ORD102992,2026-05-19,C1296,P150,LED Bulb V3,Home,4,2960,2119,10.0,11840,1184.0,10656.0,8476,2180.0,20.46,Card,Store,Lucknow
ORD102993,2025-06-06,C1046,P109,USB Hub V1,Electronics,1,1970,1209,10.0,1970,197.0,1773.0,1209,564.0,31.81,Card,Phone,Lucknow
ORD102994,2025-04-17,C1278,P135,Stapler V3,Office,5,7170,4632,0.0,35850,0.0,35850.0,23160,12690.0,35.4,UPI,Online,Gurugram
ORD102995,2025-12-05,C1008,P120,Notebook V3,Office,3,5080,3876,20.0,15240,3048.0,12192.0,11628,564.0,4.63,Cash,Phone,Agra
ORD102996,2024-03-26,C1083,P157,Phone Case V1,Accessories,3,560,464,20.0,1680,336.0,1344.0,1392,-48.0,-3.57,Card,Online,Delhi
ORD102997,2025-05-22,C1303,P129,Printer Paper V3,Office,2,7700,4733,15.0,15400,2310.0,13090.0,9466,3624.0,27.69,Net Banking,Phone,Gurugram
ORD102998,2024-05-21,C1133,P115,Bluetooth Speaker V1,Electronics,1,6930,4749,15.0,6930,1039.5,5890.5,4749,1141.5,19.38,Card,Store,Kanpur
ORD102999,2025-03-24,C1265,P158,Phone Case V2,Accessories,1,2660,1753,5.0,2660,133.0,2527.0,1753,774.0,30.63,Net Banking,Online,Kanpur
ORD103000,2024-05-23,C1119,P147,Cushion V3,Home,1,2180,1724,0.0,2180,0.0,2180.0,1724,456.0,20.92,UPI,Store,Mumbai
ORD103001,2025-08-15,C1054,P150,LED Bulb V3,Home,1,2960,2119,15.0,2960,444.0,2516.0,2119,397.0,15.78,Card,Online,Mumbai
ORD103002,2024-10-20,C1392,P136,Water Bottle V1,Home,3,1430,1182,5.0,4290,214.5,4075.5,3546,529.5,12.99,UPI,Online,Prayagraj
ORD103003,2026-04-11,C1248,P116,Bluetooth Speaker V2,Electronics,1,4810,3714,0.0,4810,0.0,4810.0,3714,1096.0,22.79,Net Banking,Online,Agra
ORD103004,2025-02-11,C1287,P102,Wireless Mouse V3,Electronics,1,3210,2684,10.0,3210,321.0,2889.0,2684,205.0,7.1,UPI,Store,Varanasi
ORD103005,2024-06-08,C1403,P166,Desk Mat V1,Accessories,1,3330,2082,5.0,3330,166.5,3163.5,2082,1081.5,34.19,Card,Online,Lucknow
ORD103006,2025-12-04,C1021,P165,Power Bank V3,Accessories,1,1990,1688,15.0,1990,298.5,1691.5,1688,3.5,0.21,UPI,Online,Varanasi
ORD103007,2025-06-15,C1004,P124,Desk Lamp V1,Office,2,4350,2868,0.0,8700,0.0,8700.0,5736,2964.0,34.07,UPI,Online,Gurugram
ORD103008,2024-09-15,C1023,P107,Headphones V2,Electronics,2,3120,2535,10.0,6240,624.0,5616.0,5070,546.0,9.72,Cash,Store,Mumbai
ORD103009,2026-02-21,C1305,P119,Notebook V2,Office,2,3040,2028,10.0,6080,608.0,5472.0,4056,1416.0,25.88,Card,Store,Delhi
ORD103010,2026-06-07,C1231,P117,Bluetooth Speaker V3,Electronics,2,1400,967,15.0,2800,420.0,2380.0,1934,446.0,18.74,UPI,Online,Gurugram
ORD103011,2025-04-26,C1337,P126,Desk Lamp V3,Office,2,370,241,0.0,740,0.0,740.0,482,258.0,34.86,Cash,Online,Mumbai
ORD103012,2024-07-26,C1201,P173,Coffee V2,Grocery,3,930,610,0.0,2790,0.0,2790.0,1830,960.0,34.41,UPI,Store,Agra
ORD103013,2024-02-22,C1264,P168,Desk Mat V3,Accessories,1,2910,2229,5.0,2910,145.5,2764.5,2229,535.5,19.37,Card,Store,Gurugram
ORD103014,2024-11-24,C1097,P132,File Folder V3,Office,4,4410,2825,0.0,17640,0.0,17640.0,11300,6340.0,35.94,Card,Online,Gurugram
ORD103015,2024-11-28,C1494,P176,Tea V2,Grocery,2,920,750,5.0,1840,92.0,1748.0,1500,248.0,14.19,Net Banking,Store,Noida
ORD103016,2025-04-17,C1102,P107,Headphones V2,Electronics,1,3120,2535,10.0,3120,312.0,2808.0,2535,273.0,9.72,UPI,Online,Lucknow
ORD103017,2025-03-13,C1412,P118,Notebook V1,Office,1,2820,2304,5.0,2820,141.0,2679.0,2304,375.0,14.0,Cash,Store,Prayagraj
ORD103018,2024-04-27,C1004,P132,File Folder V3,Office,1,4410,2825,0.0,4410,0.0,4410.0,2825,1585.0,35.94,Card,Online,Gurugram
ORD103019,2025-10-23,C1294,P179,Biscuits V2,Grocery,1,1150,889,15.0,1150,172.5,977.5,889,88.5,9.05,UPI,Online,Prayagraj
ORD103020,2026-06-08,C1401,P121,Office Chair V1,Office,1,6460,4606,15.0,6460,969.0,5491.0,4606,885.0,16.12,UPI,Online,Gurugram
ORD103021,2024-06-11,C1292,P149,LED Bulb V2,Home,1,1290,1029,10.0,1290,129.0,1161.0,1029,132.0,11.37,UPI,Store,Gurugram
ORD103022,2025-05-29,C1023,P122,Office Chair V2,Office,2,4160,2937,10.0,8320,832.0,7488.0,5874,1614.0,21.55,UPI,Store,Mumbai
ORD103023,2024-02-28,C1052,P163,Power Bank V1,Accessories,2,510,428,10.0,1020,102.0,918.0,856,62.0,6.75,Net Banking,Online,Kanpur
ORD103024,2024-01-18,C1067,P121,Office Chair V1,Office,2,6460,4606,10.0,12920,1292.0,11628.0,9212,2416.0,20.78,UPI,Phone,Prayagraj
ORD103025,2025-05-13,C1275,P163,Power Bank V1,Accessories,3,510,428,10.0,1530,153.0,1377.0,1284,93.0,6.75,Card,Store,Gurugram
ORD103026,2024-11-08,C1086,P162,Charging Cable V3,Accessories,2,3240,2132,10.0,6480,648.0,5832.0,4264,1568.0,26.89,Card,Store,Noida
ORD103027,2024-11-13,C1224,P132,File Folder V3,Office,2,4410,2825,5.0,8820,441.0,8379.0,5650,2729.0,32.57,Card,Store,Noida
ORD103028,2026-04-09,C1293,P170,Travel Pouch V2,Accessories,2,1850,1364,0.0,3700,0.0,3700.0,2728,972.0,26.27,Net Banking,Online,Gurugram
ORD103029,2026-04-04,C1377,P148,LED Bulb V1,Home,3,1590,982,0.0,4770,0.0,4770.0,2946,1824.0,38.24,Card,Online,Agra
ORD103030,2025-12-16,C1208,P108,Headphones V3,Electronics,2,4890,3636,15.0,9780,1467.0,8313.0,7272,1041.0,12.52,UPI,Store,Agra
ORD103031,2025-02-15,C1393,P127,Printer Paper V1,Office,6,6100,4997,5.0,36600,1830.0,34770.0,29982,4788.0,13.77,Card,Store,Gurugram
ORD103032,2024-04-21,C1462,P151,Cleaning Kit V1,Home,1,2890,1977,20.0,2890,578.0,2312.0,1977,335.0,14.49,Card,Online,Lucknow
ORD103033,2026-05-16,C1306,P129,Printer Paper V3,Office,2,7700,4733,15.0,15400,2310.0,13090.0,9466,3624.0,27.69,Cash,Store,Lucknow
ORD103034,2025-09-20,C1190,P147,Cushion V3,Home,2,2180,1724,0.0,4360,0.0,4360.0,3448,912.0,20.92,UPI,Online,Lucknow
ORD103035,2024-11-14,C1110,P149,LED Bulb V2,Home,4,1290,1029,10.0,5160,516.0,4644.0,4116,528.0,11.37,Net Banking,Online,Prayagraj
ORD103036,2025-06-24,C1398,P103,Keyboard V1,Electronics,1,4190,2634,0.0,4190,0.0,4190.0,2634,1556.0,37.14,UPI,Phone,Prayagraj
ORD103037,2026-02-16,C1010,P127,Printer Paper V1,Office,2,6100,4997,10.0,12200,1220.0,10980.0,9994,986.0,8.98,UPI,Online,Kanpur
ORD103038,2025-08-15,C1240,P167,Desk Mat V2,Accessories,1,3170,2059,5.0,3170,158.5,3011.5,2059,952.5,31.63,Card,Online,Kanpur
ORD103039,2025-05-02,C1099,P158,Phone Case V2,Accessories,2,2660,1753,15.0,5320,798.0,4522.0,3506,1016.0,22.47,UPI,Store,Delhi
ORD103040,2025-02-05,C1307,P142,Table Clock V1,Home,2,2610,1876,5.0,5220,261.0,4959.0,3752,1207.0,24.34,Cash,Store,Mumbai
ORD103041,2025-01-12,C1164,P127,Printer Paper V1,Office,1,6100,4997,0.0,6100,0.0,6100.0,4997,1103.0,18.08,Cash,Store,Prayagraj
ORD103042,2024-06-17,C1069,P123,Office Chair V3,Office,2,4680,3454,5.0,9360,468.0,8892.0,6908,1984.0,22.31,UPI,Store,Agra
ORD103043,2024-12-10,C1130,P120,Notebook V3,Office,3,5080,3876,0.0,15240,0.0,15240.0,11628,3612.0,23.7,UPI,Store,Prayagraj
ORD103044,2024-06-10,C1154,P114,Webcam V3,Electronics,3,3680,2607,5.0,11040,552.0,10488.0,7821,2667.0,25.43,Net Banking,Online,Kanpur
ORD103045,2025-11-02,C1040,P125,Desk Lamp V2,Office,3,4970,3317,10.0,14910,1491.0,13419.0,9951,3468.0,25.84,UPI,Online,Lucknow
ORD103046,2024-05-31,C1258,P161,Charging Cable V2,Accessories,2,2440,1541,10.0,4880,488.0,4392.0,3082,1310.0,29.83,UPI,Store,Kanpur
ORD103047,2025-09-26,C1357,P114,Webcam V3,Electronics,4,3680,2607,20.0,14720,2944.0,11776.0,10428,1348.0,11.45,Cash,Store,Kanpur
ORD103048,2024-11-15,C1444,P157,Phone Case V1,Accessories,1,560,464,0.0,560,0.0,560.0,464,96.0,17.14,UPI,Online,Jaipur
ORD103049,2025-11-30,C1444,P169,Travel Pouch V1,Accessories,2,2560,1733,15.0,5120,768.0,4352.0,3466,886.0,20.36,UPI,Store,Jaipur
ORD103050,2024-02-26,C1481,P109,USB Hub V1,Electronics,4,1970,1209,0.0,7880,0.0,7880.0,4836,3044.0,38.63,Cash,Online,Lucknow
ORD103051,2024-12-05,C1362,P122,Office Chair V2,Office,2,4160,2937,0.0,8320,0.0,8320.0,5874,2446.0,29.4,UPI,Online,Varanasi
ORD103052,2024-05-17,C1098,P159,Phone Case V3,Accessories,3,1360,849,5.0,4080,204.0,3876.0,2547,1329.0,34.29,Cash,Online,Lucknow
ORD103053,2024-01-17,C1343,P111,USB Hub V3,Electronics,4,1850,1273,20.0,7400,1480.0,5920.0,5092,828.0,13.99,Card,Online,Gurugram
ORD103054,2024-11-04,C1477,P128,Printer Paper V2,Office,6,2840,2176,5.0,17040,852.0,16188.0,13056,3132.0,19.35,UPI,Online,Delhi
ORD103055,2026-04-06,C1205,P117,Bluetooth Speaker V3,Electronics,1,1400,967,5.0,1400,70.0,1330.0,967,363.0,27.29,Card,Online,Noida
ORD103056,2025-03-28,C1412,P117,Bluetooth Speaker V3,Electronics,3,1400,967,10.0,4200,420.0,3780.0,2901,879.0,23.25,UPI,Online,Prayagraj
ORD103057,2025-12-20,C1479,P111,USB Hub V3,Electronics,4,1850,1273,15.0,7400,1110.0,6290.0,5092,1198.0,19.05,Cash,Online,Varanasi
ORD103058,2024-01-05,C1268,P165,Power Bank V3,Accessories,1,1990,1688,10.0,1990,199.0,1791.0,1688,103.0,5.75,Cash,Store,Noida
ORD103059,2026-01-20,C1480,P150,LED Bulb V3,Home,2,2960,2119,15.0,5920,888.0,5032.0,4238,794.0,15.78,Card,Phone,Delhi
ORD103060,2024-06-21,C1128,P102,Wireless Mouse V3,Electronics,1,3210,2684,0.0,3210,0.0,3210.0,2684,526.0,16.39,Net Banking,Online,Agra
ORD103061,2026-02-09,C1238,P146,Cushion V2,Home,1,3320,2419,5.0,3320,166.0,3154.0,2419,735.0,23.3,UPI,Store,Noida
ORD103062,2026-04-08,C1042,P155,Laptop Bag V2,Accessories,2,2620,1779,10.0,5240,524.0,4716.0,3558,1158.0,24.55,UPI,Online,Gurugram
ORD103063,2025-08-25,C1441,P154,Laptop Bag V1,Accessories,6,3580,2326,10.0,21480,2148.0,19332.0,13956,5376.0,27.81,UPI,Store,Agra
ORD103064,2026-01-07,C1333,P170,Travel Pouch V2,Accessories,4,1850,1364,15.0,7400,1110.0,6290.0,5456,834.0,13.26,UPI,Online,Prayagraj
ORD103065,2024-07-12,C1263,P163,Power Bank V1,Accessories,3,510,428,20.0,1530,306.0,1224.0,1284,-60.0,-4.9,UPI,Store,Gurugram
ORD103066,2025-04-10,C1171,P104,Keyboard V2,Electronics,2,820,576,0.0,1640,0.0,1640.0,1152,488.0,29.76,UPI,Online,Kanpur
ORD103067,2026-03-10,C1108,P142,Table Clock V1,Home,1,2610,1876,5.0,2610,130.5,2479.5,1876,603.5,24.34,UPI,Online,Lucknow
ORD103068,2026-05-19,C1025,P131,File Folder V2,Office,4,5150,3339,10.0,20600,2060.0,18540.0,13356,5184.0,27.96,UPI,Phone,Gurugram
ORD103069,2024-09-27,C1043,P138,Water Bottle V3,Home,4,2890,1947,10.0,11560,1156.0,10404.0,7788,2616.0,25.14,Card,Store,Jaipur
ORD103070,2024-02-23,C1215,P141,Storage Box V3,Home,1,2200,1823,0.0,2200,0.0,2200.0,1823,377.0,17.14,Cash,Store,Lucknow
ORD103071,2025-08-16,C1441,P138,Water Bottle V3,Home,2,2890,1947,5.0,5780,289.0,5491.0,3894,1597.0,29.08,UPI,Phone,Agra
ORD103072,2025-10-09,C1034,P117,Bluetooth Speaker V3,Electronics,3,1400,967,15.0,4200,630.0,3570.0,2901,669.0,18.74,UPI,Online,Jaipur
ORD103073,2025-08-07,C1026,P119,Notebook V2,Office,3,3040,2028,15.0,9120,1368.0,7752.0,6084,1668.0,21.52,UPI,Store,Lucknow
ORD103074,2024-02-09,C1328,P138,Water Bottle V3,Home,1,2890,1947,0.0,2890,0.0,2890.0,1947,943.0,32.63,UPI,Online,Agra
ORD103075,2024-04-11,C1247,P177,Tea V3,Grocery,2,540,388,0.0,1080,0.0,1080.0,776,304.0,28.15,UPI,Store,Kanpur
ORD103076,2026-05-14,C1054,P163,Power Bank V1,Accessories,4,510,428,5.0,2040,102.0,1938.0,1712,226.0,11.66,Card,Online,Mumbai
ORD103077,2024-10-12,C1361,P111,USB Hub V3,Electronics,5,1850,1273,5.0,9250,462.5,8787.5,6365,2422.5,27.57,UPI,Store,Mumbai
ORD103078,2024-02-11,C1009,P145,Cushion V1,Home,4,920,592,10.0,3680,368.0,3312.0,2368,944.0,28.5,UPI,Online,Prayagraj
ORD103079,2024-06-28,C1004,P101,Wireless Mouse V2,Electronics,2,2890,2270,15.0,5780,867.0,4913.0,4540,373.0,7.59,Net Banking,Online,Gurugram
ORD103080,2025-05-20,C1305,P125,Desk Lamp V2,Office,1,4970,3317,5.0,4970,248.5,4721.5,3317,1404.5,29.75,Net Banking,Store,Delhi
ORD103081,2025-08-21,C1421,P125,Desk Lamp V2,Office,1,4970,3317,15.0,4970,745.5,4224.5,3317,907.5,21.48,Card,Online,Varanasi
ORD103082,2026-01-13,C1044,P159,Phone Case V3,Accessories,6,1360,849,15.0,8160,1224.0,6936.0,5094,1842.0,26.56,Card,Online,Delhi
ORD103083,2024-08-06,C1021,P101,Wireless Mouse V2,Electronics,1,2890,2270,15.0,2890,433.5,2456.5,2270,186.5,7.59,Card,Phone,Varanasi
ORD103084,2025-08-07,C1070,P168,Desk Mat V3,Accessories,4,2910,2229,10.0,11640,1164.0,10476.0,8916,1560.0,14.89,Card,Online,Agra
ORD103085,2025-04-23,C1040,P146,Cushion V2,Home,2,3320,2419,15.0,6640,996.0,5644.0,4838,806.0,14.28,Cash,Online,Lucknow
ORD103086,2026-04-08,C1439,P154,Laptop Bag V1,Accessories,1,3580,2326,0.0,3580,0.0,3580.0,2326,1254.0,35.03,Cash,Online,Agra
ORD103087,2024-02-18,C1059,P105,Keyboard V3,Electronics,1,4190,3534,10.0,4190,419.0,3771.0,3534,237.0,6.28,Cash,Online,Delhi
ORD103088,2025-05-13,C1154,P143,Table Clock V2,Home,3,2900,2046,15.0,8700,1305.0,7395.0,6138,1257.0,17.0,Card,Phone,Kanpur
ORD103089,2026-01-26,C1485,P139,Storage Box V1,Home,4,2100,1652,10.0,8400,840.0,7560.0,6608,952.0,12.59,Card,Store,Delhi
ORD103090,2026-05-24,C1150,P103,Keyboard V1,Electronics,1,4190,2634,15.0,4190,628.5,3561.5,2634,927.5,26.04,Card,Store,Jaipur
ORD103091,2025-03-31,C1345,P133,Stapler V1,Office,1,6390,4143,5.0,6390,319.5,6070.5,4143,1927.5,31.75,UPI,Store,Delhi
ORD103092,2025-03-02,C1496,P158,Phone Case V2,Accessories,2,2660,1753,10.0,5320,532.0,4788.0,3506,1282.0,26.78,Card,Online,Prayagraj
ORD103093,2025-07-30,C1004,P142,Table Clock V1,Home,1,2610,1876,15.0,2610,391.5,2218.5,1876,342.5,15.44,Card,Online,Gurugram
ORD103094,2025-10-01,C1075,P172,Coffee V1,Grocery,3,660,526,15.0,1980,297.0,1683.0,1578,105.0,6.24,UPI,Online,Gurugram
ORD103095,2026-04-03,C1117,P161,Charging Cable V2,Accessories,2,2440,1541,0.0,4880,0.0,4880.0,3082,1798.0,36.84,UPI,Store,Kanpur
ORD103096,2024-08-26,C1370,P147,Cushion V3,Home,3,2180,1724,0.0,6540,0.0,6540.0,5172,1368.0,20.92,UPI,Store,Delhi
ORD103097,2024-07-08,C1179,P119,Notebook V2,Office,3,3040,2028,0.0,9120,0.0,9120.0,6084,3036.0,33.29,Net Banking,Phone,Delhi
ORD103098,2024-03-30,C1487,P174,Coffee V3,Grocery,3,1420,1012,10.0,4260,426.0,3834.0,3036,798.0,20.81,UPI,Online,Kanpur
ORD103099,2024-02-16,C1167,P126,Desk Lamp V3,Office,1,370,241,15.0,370,55.5,314.5,241,73.5,23.37,UPI,Online,Noida
ORD103100,2025-06-16,C1155,P100,Wireless Mouse V1,Electronics,1,3130,2246,0.0,3130,0.0,3130.0,2246,884.0,28.24,UPI,Store,Noida
ORD103101,2024-05-01,C1496,P155,Laptop Bag V2,Accessories,3,2620,1779,10.0,7860,786.0,7074.0,5337,1737.0,24.55,UPI,Store,Prayagraj
ORD103102,2025-10-13,C1071,P104,Keyboard V2,Electronics,8,820,576,10.0,6560,656.0,5904.0,4608,1296.0,21.95,Cash,Online,Noida
ORD103103,2024-01-04,C1002,P133,Stapler V1,Office,1,6390,4143,0.0,6390,0.0,6390.0,4143,2247.0,35.16,UPI,Online,Agra
ORD103104,2025-07-17,C1152,P173,Coffee V2,Grocery,1,930,610,10.0,930,93.0,837.0,610,227.0,27.12,Cash,Online,Prayagraj
ORD103105,2024-11-25,C1063,P110,USB Hub V2,Electronics,2,980,657,0.0,1960,0.0,1960.0,1314,646.0,32.96,UPI,Online,Noida
ORD103106,2026-02-05,C1156,P100,Wireless Mouse V1,Electronics,1,3130,2246,5.0,3130,156.5,2973.5,2246,727.5,24.47,Card,Store,Agra
ORD103107,2026-05-15,C1080,P157,Phone Case V1,Accessories,2,560,464,10.0,1120,112.0,1008.0,928,80.0,7.94,Card,Store,Delhi
ORD103108,2024-09-02,C1089,P145,Cushion V1,Home,3,920,592,0.0,2760,0.0,2760.0,1776,984.0,35.65,Card,Store,Kanpur
ORD103109,2024-03-14,C1310,P169,Travel Pouch V1,Accessories,3,2560,1733,5.0,7680,384.0,7296.0,5199,2097.0,28.74,Net Banking,Online,Varanasi
ORD103110,2024-03-17,C1101,P111,USB Hub V3,Electronics,1,1850,1273,15.0,1850,277.5,1572.5,1273,299.5,19.05,UPI,Store,Prayagraj
ORD103111,2025-03-22,C1196,P142,Table Clock V1,Home,1,2610,1876,10.0,2610,261.0,2349.0,1876,473.0,20.14,Card,Online,Gurugram
ORD103112,2026-02-05,C1022,P171,Travel Pouch V3,Accessories,2,1430,1156,15.0,2860,429.0,2431.0,2312,119.0,4.9,Cash,Store,Jaipur
ORD103113,2024-12-14,C1123,P160,Charging Cable V1,Accessories,1,3270,2329,10.0,3270,327.0,2943.0,2329,614.0,20.86,UPI,Store,Mumbai
ORD103114,2025-04-26,C1004,P105,Keyboard V3,Electronics,2,4190,3534,0.0,8380,0.0,8380.0,7068,1312.0,15.66,Cash,Online,Gurugram
ORD103115,2025-03-17,C1321,P135,Stapler V3,Office,1,7170,4632,20.0,7170,1434.0,5736.0,4632,1104.0,19.25,UPI,Store,Gurugram
ORD103116,2024-05-19,C1370,P142,Table Clock V1,Home,6,2610,1876,10.0,15660,1566.0,14094.0,11256,2838.0,20.14,Card,Store,Delhi
ORD103117,2024-11-24,C1248,P171,Travel Pouch V3,Accessories,3,1430,1156,15.0,4290,643.5,3646.5,3468,178.5,4.9,UPI,Online,Agra
ORD103118,2024-11-07,C1381,P158,Phone Case V2,Accessories,1,2660,1753,10.0,2660,266.0,2394.0,1753,641.0,26.78,UPI,Store,Mumbai
ORD103119,2024-04-15,C1278,P135,Stapler V3,Office,7,7170,4632,5.0,50190,2509.5,47680.5,32424,15256.5,32.0,Card,Store,Gurugram
ORD103120,2025-05-04,C1375,P115,Bluetooth Speaker V1,Electronics,4,6930,4749,10.0,27720,2772.0,24948.0,18996,5952.0,23.86,Card,Online,Prayagraj
ORD103121,2024-05-22,C1195,P150,LED Bulb V3,Home,2,2960,2119,10.0,5920,592.0,5328.0,4238,1090.0,20.46,Net Banking,Online,Jaipur
ORD103122,2026-04-20,C1205,P121,Office Chair V1,Office,3,6460,4606,10.0,19380,1938.0,17442.0,13818,3624.0,20.78,UPI,Store,Noida
ORD103123,2026-05-01,C1486,P135,Stapler V3,Office,2,7170,4632,0.0,14340,0.0,14340.0,9264,5076.0,35.4,Net Banking,Online,Mumbai
ORD103124,2025-07-01,C1210,P175,Tea V1,Grocery,2,1390,900,10.0,2780,278.0,2502.0,1800,702.0,28.06,UPI,Store,Mumbai
ORD103125,2026-02-24,C1436,P121,Office Chair V1,Office,2,6460,4606,0.0,12920,0.0,12920.0,9212,3708.0,28.7,UPI,Online,Jaipur
ORD103126,2025-05-04,C1479,P142,Table Clock V1,Home,1,2610,1876,5.0,2610,130.5,2479.5,1876,603.5,24.34,Net Banking,Online,Varanasi
ORD103127,2026-02-21,C1411,P102,Wireless Mouse V3,Electronics,3,3210,2684,0.0,9630,0.0,9630.0,8052,1578.0,16.39,UPI,Online,Prayagraj
ORD103128,2025-05-17,C1495,P147,Cushion V3,Home,6,2180,1724,0.0,13080,0.0,13080.0,10344,2736.0,20.92,UPI,Online,Jaipur
ORD103129,2024-05-07,C1204,P171,Travel Pouch V3,Accessories,2,1430,1156,0.0,2860,0.0,2860.0,2312,548.0,19.16,Cash,Store,Varanasi
ORD103130,2026-05-31,C1445,P101,Wireless Mouse V2,Electronics,2,2890,2270,5.0,5780,289.0,5491.0,4540,951.0,17.32,UPI,Store,Lucknow
ORD103131,2024-11-19,C1487,P122,Office Chair V2,Office,2,4160,2937,10.0,8320,832.0,7488.0,5874,1614.0,21.55,UPI,Store,Kanpur
ORD103132,2025-06-08,C1379,P121,Office Chair V1,Office,1,6460,4606,5.0,6460,323.0,6137.0,4606,1531.0,24.95,Cash,Online,Kanpur
ORD103133,2025-10-11,C1010,P139,Storage Box V1,Home,3,2100,1652,5.0,6300,315.0,5985.0,4956,1029.0,17.19,UPI,Phone,Kanpur
ORD103134,2024-12-24,C1041,P128,Printer Paper V2,Office,6,2840,2176,0.0,17040,0.0,17040.0,13056,3984.0,23.38,UPI,Store,Gurugram
ORD103135,2026-06-10,C1479,P163,Power Bank V1,Accessories,1,510,428,0.0,510,0.0,510.0,428,82.0,16.08,UPI,Store,Varanasi
ORD103136,2026-03-23,C1487,P153,Cleaning Kit V3,Home,2,2770,1726,5.0,5540,277.0,5263.0,3452,1811.0,34.41,UPI,Online,Kanpur
ORD103137,2024-10-24,C1098,P175,Tea V1,Grocery,1,1390,900,0.0,1390,0.0,1390.0,900,490.0,35.25,Cash,Store,Lucknow
ORD103138,2026-05-28,C1236,P169,Travel Pouch V1,Accessories,2,2560,1733,0.0,5120,0.0,5120.0,3466,1654.0,32.3,UPI,Phone,Agra
ORD103139,2024-03-13,C1158,P103,Keyboard V1,Electronics,1,4190,2634,5.0,4190,209.5,3980.5,2634,1346.5,33.83,UPI,Store,Jaipur
ORD103140,2024-04-13,C1221,P125,Desk Lamp V2,Office,2,4970,3317,5.0,9940,497.0,9443.0,6634,2809.0,29.75,UPI,Store,Gurugram
ORD103141,2024-02-21,C1093,P163,Power Bank V1,Accessories,3,510,428,0.0,1530,0.0,1530.0,1284,246.0,16.08,UPI,Online,Delhi
ORD103142,2025-07-28,C1341,P144,Table Clock V3,Home,3,2960,2357,10.0,8880,888.0,7992.0,7071,921.0,11.52,Cash,Store,Jaipur
ORD103143,2026-03-11,C1206,P161,Charging Cable V2,Accessories,2,2440,1541,10.0,4880,488.0,4392.0,3082,1310.0,29.83,Cash,Store,Jaipur
ORD103144,2025-09-08,C1416,P175,Tea V1,Grocery,4,1390,900,0.0,5560,0.0,5560.0,3600,1960.0,35.25,UPI,Online,Gurugram
ORD103145,2024-02-23,C1220,P162,Charging Cable V3,Accessories,1,3240,2132,0.0,3240,0.0,3240.0,2132,1108.0,34.2,UPI,Online,Agra
ORD103146,2025-06-07,C1442,P119,Notebook V2,Office,1,3040,2028,10.0,3040,304.0,2736.0,2028,708.0,25.88,UPI,Online,Delhi
ORD103147,2026-02-22,C1343,P170,Travel Pouch V2,Accessories,5,1850,1364,0.0,9250,0.0,9250.0,6820,2430.0,26.27,UPI,Store,Gurugram
ORD103148,2026-06-09,C1099,P152,Cleaning Kit V2,Home,1,3090,2318,0.0,3090,0.0,3090.0,2318,772.0,24.98,UPI,Store,Delhi
ORD103149,2025-09-28,C1451,P128,Printer Paper V2,Office,2,2840,2176,15.0,5680,852.0,4828.0,4352,476.0,9.86,Card,Online,Delhi
ORD103150,2025-04-05,C1304,P114,Webcam V3,Electronics,2,3680,2607,15.0,7360,1104.0,6256.0,5214,1042.0,16.66,Cash,Online,Prayagraj
ORD103151,2024-11-19,C1390,P146,Cushion V2,Home,2,3320,2419,10.0,6640,664.0,5976.0,4838,1138.0,19.04,Card,Phone,Varanasi
ORD103152,2026-05-03,C1158,P136,Water Bottle V1,Home,2,1430,1182,15.0,2860,429.0,2431.0,2364,67.0,2.76,UPI,Store,Jaipur
ORD103153,2024-07-30,C1471,P130,File Folder V1,Office,1,3130,2238,10.0,3130,313.0,2817.0,2238,579.0,20.55,Cash,Store,Prayagraj
ORD103154,2026-01-08,C1161,P166,Desk Mat V1,Accessories,2,3330,2082,5.0,6660,333.0,6327.0,4164,2163.0,34.19,Card,Online,Jaipur
ORD103155,2026-06-05,C1478,P112,Webcam V1,Electronics,1,930,736,10.0,930,93.0,837.0,736,101.0,12.07,UPI,Store,Mumbai
ORD103156,2025-04-08,C1430,P169,Travel Pouch V1,Accessories,1,2560,1733,5.0,2560,128.0,2432.0,1733,699.0,28.74,Cash,Online,Prayagraj
ORD103157,2025-08-22,C1049,P114,Webcam V3,Electronics,3,3680,2607,10.0,11040,1104.0,9936.0,7821,2115.0,21.29,Cash,Store,Lucknow
ORD103158,2026-01-05,C1155,P150,LED Bulb V3,Home,2,2960,2119,0.0,5920,0.0,5920.0,4238,1682.0,28.41,Card,Store,Noida
ORD103159,2026-04-20,C1079,P139,Storage Box V1,Home,3,2100,1652,0.0,6300,0.0,6300.0,4956,1344.0,21.33,UPI,Store,Gurugram
ORD103160,2025-08-22,C1494,P174,Coffee V3,Grocery,1,1420,1012,10.0,1420,142.0,1278.0,1012,266.0,20.81,Card,Store,Noida
ORD103161,2025-02-03,C1067,P125,Desk Lamp V2,Office,1,4970,3317,15.0,4970,745.5,4224.5,3317,907.5,21.48,Cash,Online,Prayagraj
ORD103162,2026-06-16,C1009,P159,Phone Case V3,Accessories,1,1360,849,15.0,1360,204.0,1156.0,849,307.0,26.56,Card,Store,Prayagraj
ORD103163,2025-04-08,C1209,P148,LED Bulb V1,Home,2,1590,982,10.0,3180,318.0,2862.0,1964,898.0,31.38,UPI,Online,Jaipur
ORD103164,2025-07-25,C1367,P142,Table Clock V1,Home,3,2610,1876,20.0,7830,1566.0,6264.0,5628,636.0,10.15,Card,Online,Noida
ORD103165,2025-09-11,C1289,P177,Tea V3,Grocery,3,540,388,10.0,1620,162.0,1458.0,1164,294.0,20.16,Card,Online,Kanpur
ORD103166,2025-08-07,C1067,P130,File Folder V1,Office,1,3130,2238,5.0,3130,156.5,2973.5,2238,735.5,24.74,UPI,Store,Prayagraj
ORD103167,2026-04-10,C1443,P118,Notebook V1,Office,3,2820,2304,10.0,8460,846.0,7614.0,6912,702.0,9.22,Net Banking,Store,Varanasi
ORD103168,2024-11-05,C1375,P138,Water Bottle V3,Home,6,2890,1947,10.0,17340,1734.0,15606.0,11682,3924.0,25.14,Card,Online,Prayagraj
ORD103169,2024-12-04,C1334,P152,Cleaning Kit V2,Home,2,3090,2318,0.0,6180,0.0,6180.0,4636,1544.0,24.98,Card,Store,Lucknow
ORD103170,2024-11-22,C1432,P114,Webcam V3,Electronics,4,3680,2607,0.0,14720,0.0,14720.0,10428,4292.0,29.16,UPI,Online,Mumbai
ORD103171,2024-09-23,C1463,P125,Desk Lamp V2,Office,2,4970,3317,10.0,9940,994.0,8946.0,6634,2312.0,25.84,Card,Online,Varanasi
ORD103172,2024-05-06,C1291,P139,Storage Box V1,Home,4,2100,1652,5.0,8400,420.0,7980.0,6608,1372.0,17.19,Cash,Store,Noida
ORD103173,2025-11-05,C1460,P154,Laptop Bag V1,Accessories,2,3580,2326,0.0,7160,0.0,7160.0,4652,2508.0,35.03,Card,Online,Prayagraj
ORD103174,2025-08-03,C1488,P159,Phone Case V3,Accessories,5,1360,849,15.0,6800,1020.0,5780.0,4245,1535.0,26.56,Card,Online,Lucknow
ORD103175,2026-06-17,C1130,P130,File Folder V1,Office,3,3130,2238,10.0,9390,939.0,8451.0,6714,1737.0,20.55,UPI,Store,Prayagraj
ORD103176,2026-05-31,C1202,P120,Notebook V3,Office,3,5080,3876,0.0,15240,0.0,15240.0,11628,3612.0,23.7,Cash,Store,Prayagraj
ORD103177,2024-08-09,C1499,P124,Desk Lamp V1,Office,3,4350,2868,10.0,13050,1305.0,11745.0,8604,3141.0,26.74,UPI,Online,Varanasi
ORD103178,2025-03-16,C1200,P163,Power Bank V1,Accessories,2,510,428,10.0,1020,102.0,918.0,856,62.0,6.75,UPI,Online,Lucknow
ORD103179,2025-10-18,C1442,P128,Printer Paper V2,Office,5,2840,2176,0.0,14200,0.0,14200.0,10880,3320.0,23.38,Cash,Store,Delhi
ORD103180,2025-07-29,C1332,P132,File Folder V3,Office,2,4410,2825,5.0,8820,441.0,8379.0,5650,2729.0,32.57,UPI,Phone,Delhi
ORD103181,2026-01-25,C1102,P119,Notebook V2,Office,1,3040,2028,0.0,3040,0.0,3040.0,2028,1012.0,33.29,UPI,Online,Lucknow
ORD103182,2024-06-21,C1331,P176,Tea V2,Grocery,1,920,750,10.0,920,92.0,828.0,750,78.0,9.42,UPI,Store,Kanpur
ORD103183,2026-05-27,C1045,P165,Power Bank V3,Accessories,1,1990,1688,10.0,1990,199.0,1791.0,1688,103.0,5.75,UPI,Store,Delhi
ORD103184,2024-04-24,C1238,P153,Cleaning Kit V3,Home,4,2770,1726,0.0,11080,0.0,11080.0,6904,4176.0,37.69,Card,Store,Noida
ORD103185,2025-09-29,C1331,P124,Desk Lamp V1,Office,2,4350,2868,15.0,8700,1305.0,7395.0,5736,1659.0,22.43,UPI,Online,Kanpur
ORD103186,2026-03-22,C1490,P104,Keyboard V2,Electronics,1,820,576,5.0,820,41.0,779.0,576,203.0,26.06,Card,Online,Delhi
ORD103187,2024-08-28,C1078,P114,Webcam V3,Electronics,6,3680,2607,10.0,22080,2208.0,19872.0,15642,4230.0,21.29,Card,Store,Gurugram
ORD103188,2026-06-29,C1203,P119,Notebook V2,Office,2,3040,2028,5.0,6080,304.0,5776.0,4056,1720.0,29.78,UPI,Store,Mumbai
ORD103189,2025-09-24,C1331,P147,Cushion V3,Home,3,2180,1724,5.0,6540,327.0,6213.0,5172,1041.0,16.76,Card,Store,Kanpur
ORD103190,2024-02-10,C1444,P129,Printer Paper V3,Office,1,7700,4733,10.0,7700,770.0,6930.0,4733,2197.0,31.7,Cash,Store,Jaipur
ORD103191,2025-04-30,C1476,P152,Cleaning Kit V2,Home,3,3090,2318,0.0,9270,0.0,9270.0,6954,2316.0,24.98,Net Banking,Online,Noida
ORD103192,2024-06-03,C1139,P122,Office Chair V2,Office,1,4160,2937,5.0,4160,208.0,3952.0,2937,1015.0,25.68,UPI,Store,Kanpur
ORD103193,2026-03-31,C1219,P173,Coffee V2,Grocery,1,930,610,10.0,930,93.0,837.0,610,227.0,27.12,Card,Online,Mumbai
ORD103194,2025-01-24,C1063,P127,Printer Paper V1,Office,3,6100,4997,15.0,18300,2745.0,15555.0,14991,564.0,3.63,UPI,Online,Noida
ORD103195,2024-05-08,C1186,P162,Charging Cable V3,Accessories,2,3240,2132,0.0,6480,0.0,6480.0,4264,2216.0,34.2,Net Banking,Online,Prayagraj
ORD103196,2024-08-15,C1053,P115,Bluetooth Speaker V1,Electronics,3,6930,4749,10.0,20790,2079.0,18711.0,14247,4464.0,23.86,UPI,Store,Varanasi
ORD103197,2026-05-28,C1296,P107,Headphones V2,Electronics,1,3120,2535,10.0,3120,312.0,2808.0,2535,273.0,9.72,UPI,Online,Lucknow
ORD103198,2024-01-04,C1193,P155,Laptop Bag V2,Accessories,1,2620,1779,15.0,2620,393.0,2227.0,1779,448.0,20.12,UPI,Online,Delhi
ORD103199,2026-02-07,C1203,P172,Coffee V1,Grocery,5,660,526,10.0,3300,330.0,2970.0,2630,340.0,11.45,Cash,Store,Mumbai
ORD103200,2025-07-16,C1372,P118,Notebook V1,Office,1,2820,2304,0.0,2820,0.0,2820.0,2304,516.0,18.3,Card,Online,Agra
ORD103201,2024-06-13,C1139,P168,Desk Mat V3,Accessories,1,2910,2229,0.0,2910,0.0,2910.0,2229,681.0,23.4,Cash,Online,Kanpur
ORD103202,2024-12-31,C1490,P172,Coffee V1,Grocery,1,660,526,5.0,660,33.0,627.0,526,101.0,16.11,Card,Online,Delhi
ORD103203,2025-11-10,C1202,P161,Charging Cable V2,Accessories,4,2440,1541,15.0,9760,1464.0,8296.0,6164,2132.0,25.7,UPI,Online,Prayagraj
ORD103204,2026-05-16,C1144,P166,Desk Mat V1,Accessories,1,3330,2082,10.0,3330,333.0,2997.0,2082,915.0,30.53,UPI,Store,Noida
ORD103205,2025-04-08,C1354,P177,Tea V3,Grocery,2,540,388,5.0,1080,54.0,1026.0,776,250.0,24.37,UPI,Store,Agra
ORD103206,2024-03-03,C1055,P173,Coffee V2,Grocery,1,930,610,10.0,930,93.0,837.0,610,227.0,27.12,UPI,Online,Delhi
ORD103207,2024-05-26,C1281,P137,Water Bottle V2,Home,3,1800,1202,5.0,5400,270.0,5130.0,3606,1524.0,29.71,UPI,Store,Kanpur
ORD103208,2024-09-20,C1227,P157,Phone Case V1,Accessories,3,560,464,5.0,1680,84.0,1596.0,1392,204.0,12.78,Net Banking,Store,Prayagraj
ORD103209,2025-08-12,C1121,P101,Wireless Mouse V2,Electronics,1,2890,2270,10.0,2890,289.0,2601.0,2270,331.0,12.73,UPI,Online,Lucknow
ORD103210,2025-04-26,C1437,P152,Cleaning Kit V2,Home,2,3090,2318,0.0,6180,0.0,6180.0,4636,1544.0,24.98,UPI,Online,Gurugram
ORD103211,2025-11-05,C1056,P171,Travel Pouch V3,Accessories,2,1430,1156,0.0,2860,0.0,2860.0,2312,548.0,19.16,Card,Online,Gurugram
ORD103212,2024-08-05,C1104,P176,Tea V2,Grocery,5,920,750,10.0,4600,460.0,4140.0,3750,390.0,9.42,UPI,Online,Delhi
ORD103213,2025-12-30,C1190,P100,Wireless Mouse V1,Electronics,2,3130,2246,0.0,6260,0.0,6260.0,4492,1768.0,28.24,UPI,Online,Lucknow
ORD103214,2025-04-15,C1491,P143,Table Clock V2,Home,1,2900,2046,5.0,2900,145.0,2755.0,2046,709.0,25.74,Net Banking,Store,Noida
ORD103215,2024-10-23,C1069,P130,File Folder V1,Office,1,3130,2238,15.0,3130,469.5,2660.5,2238,422.5,15.88,UPI,Store,Agra
ORD103216,2024-12-09,C1183,P117,Bluetooth Speaker V3,Electronics,7,1400,967,0.0,9800,0.0,9800.0,6769,3031.0,30.93,Card,Online,Agra
ORD103217,2025-03-20,C1069,P171,Travel Pouch V3,Accessories,3,1430,1156,5.0,4290,214.5,4075.5,3468,607.5,14.91,Cash,Online,Agra
ORD103218,2024-01-20,C1297,P120,Notebook V3,Office,2,5080,3876,15.0,10160,1524.0,8636.0,7752,884.0,10.24,UPI,Online,Lucknow
ORD103219,2026-03-04,C1385,P145,Cushion V1,Home,1,920,592,10.0,920,92.0,828.0,592,236.0,28.5,UPI,Online,Gurugram
ORD103220,2025-03-10,C1400,P148,LED Bulb V1,Home,5,1590,982,10.0,7950,795.0,7155.0,4910,2245.0,31.38,UPI,Phone,Delhi
ORD103221,2024-06-30,C1043,P171,Travel Pouch V3,Accessories,2,1430,1156,0.0,2860,0.0,2860.0,2312,548.0,19.16,UPI,Online,Jaipur
ORD103222,2024-09-29,C1487,P177,Tea V3,Grocery,1,540,388,5.0,540,27.0,513.0,388,125.0,24.37,UPI,Store,Kanpur
ORD103223,2024-06-19,C1075,P119,Notebook V2,Office,2,3040,2028,0.0,6080,0.0,6080.0,4056,2024.0,33.29,UPI,Store,Gurugram
ORD103224,2024-11-05,C1003,P106,Headphones V1,Electronics,3,4570,3663,5.0,13710,685.5,13024.5,10989,2035.5,15.63,UPI,Online,Prayagraj
ORD103225,2024-03-19,C1227,P170,Travel Pouch V2,Accessories,2,1850,1364,5.0,3700,185.0,3515.0,2728,787.0,22.39,UPI,Online,Prayagraj
ORD103226,2026-01-03,C1188,P170,Travel Pouch V2,Accessories,3,1850,1364,15.0,5550,832.5,4717.5,4092,625.5,13.26,UPI,Online,Prayagraj
ORD103227,2024-11-12,C1496,P112,Webcam V1,Electronics,1,930,736,10.0,930,93.0,837.0,736,101.0,12.07,Cash,Store,Prayagraj
ORD103228,2025-08-23,C1008,P145,Cushion V1,Home,1,920,592,5.0,920,46.0,874.0,592,282.0,32.27,UPI,Store,Agra
ORD103229,2025-10-03,C1436,P115,Bluetooth Speaker V1,Electronics,2,6930,4749,5.0,13860,693.0,13167.0,9498,3669.0,27.87,UPI,Store,Jaipur
ORD103230,2025-09-09,C1399,P108,Headphones V3,Electronics,1,4890,3636,5.0,4890,244.5,4645.5,3636,1009.5,21.73,UPI,Online,Agra
ORD103231,2024-04-28,C1210,P102,Wireless Mouse V3,Electronics,2,3210,2684,10.0,6420,642.0,5778.0,5368,410.0,7.1,UPI,Online,Mumbai
ORD103232,2024-07-14,C1248,P173,Coffee V2,Grocery,1,930,610,10.0,930,93.0,837.0,610,227.0,27.12,Card,Online,Agra
ORD103233,2026-03-12,C1382,P166,Desk Mat V1,Accessories,2,3330,2082,0.0,6660,0.0,6660.0,4164,2496.0,37.48,Card,Store,Delhi
ORD103234,2024-03-13,C1347,P145,Cushion V1,Home,3,920,592,0.0,2760,0.0,2760.0,1776,984.0,35.65,Net Banking,Phone,Jaipur
ORD103235,2024-11-24,C1386,P137,Water Bottle V2,Home,4,1800,1202,20.0,7200,1440.0,5760.0,4808,952.0,16.53,UPI,Phone,Delhi
ORD103236,2024-01-21,C1214,P140,Storage Box V2,Home,3,1780,1191,5.0,5340,267.0,5073.0,3573,1500.0,29.57,Card,Online,Agra
ORD103237,2025-02-01,C1446,P151,Cleaning Kit V1,Home,4,2890,1977,15.0,11560,1734.0,9826.0,7908,1918.0,19.52,Card,Online,Noida
ORD103238,2024-06-06,C1109,P154,Laptop Bag V1,Accessories,3,3580,2326,10.0,10740,1074.0,9666.0,6978,2688.0,27.81,Card,Online,Varanasi
ORD103239,2025-08-18,C1366,P169,Travel Pouch V1,Accessories,1,2560,1733,10.0,2560,256.0,2304.0,1733,571.0,24.78,UPI,Online,Mumbai
ORD103240,2025-08-11,C1299,P149,LED Bulb V2,Home,3,1290,1029,10.0,3870,387.0,3483.0,3087,396.0,11.37,Cash,Online,Kanpur
ORD103241,2025-09-23,C1386,P161,Charging Cable V2,Accessories,2,2440,1541,10.0,4880,488.0,4392.0,3082,1310.0,29.83,UPI,Store,Delhi
ORD103242,2026-04-04,C1221,P139,Storage Box V1,Home,1,2100,1652,5.0,2100,105.0,1995.0,1652,343.0,17.19,Card,Online,Gurugram
ORD103243,2024-03-30,C1401,P154,Laptop Bag V1,Accessories,2,3580,2326,5.0,7160,358.0,6802.0,4652,2150.0,31.61,Card,Online,Gurugram
ORD103244,2025-12-10,C1335,P102,Wireless Mouse V3,Electronics,3,3210,2684,10.0,9630,963.0,8667.0,8052,615.0,7.1,UPI,Online,Prayagraj
ORD103245,2026-04-08,C1315,P135,Stapler V3,Office,3,7170,4632,0.0,21510,0.0,21510.0,13896,7614.0,35.4,UPI,Online,Varanasi
ORD103246,2026-05-13,C1477,P177,Tea V3,Grocery,1,540,388,5.0,540,27.0,513.0,388,125.0,24.37,Card,Store,Delhi
ORD103247,2024-10-03,C1099,P157,Phone Case V1,Accessories,3,560,464,10.0,1680,168.0,1512.0,1392,120.0,7.94,UPI,Store,Delhi
ORD103248,2026-06-09,C1236,P140,Storage Box V2,Home,1,1780,1191,0.0,1780,0.0,1780.0,1191,589.0,33.09,UPI,Online,Agra
ORD103249,2025-06-27,C1276,P154,Laptop Bag V1,Accessories,3,3580,2326,5.0,10740,537.0,10203.0,6978,3225.0,31.61,UPI,Online,Agra
ORD103250,2024-10-23,C1405,P108,Headphones V3,Electronics,7,4890,3636,10.0,34230,3423.0,30807.0,25452,5355.0,17.38,Net Banking,Store,Agra
ORD103251,2026-02-23,C1094,P156,Laptop Bag V3,Accessories,2,1980,1255,10.0,3960,396.0,3564.0,2510,1054.0,29.57,Cash,Online,Lucknow
ORD103252,2024-01-28,C1341,P141,Storage Box V3,Home,1,2200,1823,10.0,2200,220.0,1980.0,1823,157.0,7.93,Net Banking,Phone,Jaipur
ORD103253,2025-09-13,C1202,P145,Cushion V1,Home,1,920,592,5.0,920,46.0,874.0,592,282.0,32.27,Card,Store,Prayagraj
ORD103254,2025-12-09,C1346,P169,Travel Pouch V1,Accessories,3,2560,1733,10.0,7680,768.0,6912.0,5199,1713.0,24.78,UPI,Online,Varanasi
ORD103255,2026-03-07,C1145,P168,Desk Mat V3,Accessories,2,2910,2229,15.0,5820,873.0,4947.0,4458,489.0,9.88,UPI,Online,Mumbai
ORD103256,2025-06-07,C1145,P107,Headphones V2,Electronics,2,3120,2535,15.0,6240,936.0,5304.0,5070,234.0,4.41,Card,Online,Mumbai
ORD103257,2025-12-25,C1198,P125,Desk Lamp V2,Office,1,4970,3317,5.0,4970,248.5,4721.5,3317,1404.5,29.75,Cash,Online,Delhi
ORD103258,2025-01-10,C1089,P171,Travel Pouch V3,Accessories,4,1430,1156,0.0,5720,0.0,5720.0,4624,1096.0,19.16,Card,Online,Kanpur
ORD103259,2025-09-12,C1128,P106,Headphones V1,Electronics,2,4570,3663,15.0,9140,1371.0,7769.0,7326,443.0,5.7,UPI,Store,Agra
ORD103260,2026-02-15,C1296,P162,Charging Cable V3,Accessories,1,3240,2132,10.0,3240,324.0,2916.0,2132,784.0,26.89,UPI,Store,Lucknow
ORD103261,2025-01-22,C1161,P103,Keyboard V1,Electronics,1,4190,2634,10.0,4190,419.0,3771.0,2634,1137.0,30.15,UPI,Online,Jaipur
ORD103262,2025-12-23,C1243,P174,Coffee V3,Grocery,4,1420,1012,0.0,5680,0.0,5680.0,4048,1632.0,28.73,Net Banking,Phone,Jaipur
ORD103263,2024-07-23,C1246,P148,LED Bulb V1,Home,1,1590,982,0.0,1590,0.0,1590.0,982,608.0,38.24,UPI,Store,Prayagraj
ORD103264,2024-05-22,C1196,P103,Keyboard V1,Electronics,2,4190,2634,0.0,8380,0.0,8380.0,5268,3112.0,37.14,Cash,Online,Gurugram
ORD103265,2025-11-09,C1457,P136,Water Bottle V1,Home,2,1430,1182,5.0,2860,143.0,2717.0,2364,353.0,12.99,Card,Online,Prayagraj
ORD103266,2026-01-13,C1152,P135,Stapler V3,Office,2,7170,4632,15.0,14340,2151.0,12189.0,9264,2925.0,24.0,Card,Phone,Prayagraj
ORD103267,2026-01-08,C1302,P128,Printer Paper V2,Office,3,2840,2176,10.0,8520,852.0,7668.0,6528,1140.0,14.87,Card,Store,Noida
ORD103268,2024-02-06,C1343,P108,Headphones V3,Electronics,4,4890,3636,5.0,19560,978.0,18582.0,14544,4038.0,21.73,UPI,Store,Gurugram
ORD103269,2025-06-11,C1268,P110,USB Hub V2,Electronics,3,980,657,15.0,2940,441.0,2499.0,1971,528.0,21.13,Cash,Online,Noida
ORD103270,2026-05-25,C1424,P168,Desk Mat V3,Accessories,4,2910,2229,0.0,11640,0.0,11640.0,8916,2724.0,23.4,Card,Online,Prayagraj
ORD103271,2024-07-17,C1047,P102,Wireless Mouse V3,Electronics,3,3210,2684,10.0,9630,963.0,8667.0,8052,615.0,7.1,Cash,Online,Lucknow
ORD103272,2025-04-02,C1074,P106,Headphones V1,Electronics,1,4570,3663,5.0,4570,228.5,4341.5,3663,678.5,15.63,UPI,Store,Agra
ORD103273,2026-01-28,C1254,P166,Desk Mat V1,Accessories,4,3330,2082,20.0,13320,2664.0,10656.0,8328,2328.0,21.85,UPI,Store,Prayagraj
ORD103274,2026-06-19,C1440,P103,Keyboard V1,Electronics,2,4190,2634,0.0,8380,0.0,8380.0,5268,3112.0,37.14,UPI,Store,Delhi
ORD103275,2025-05-22,C1088,P119,Notebook V2,Office,4,3040,2028,5.0,12160,608.0,11552.0,8112,3440.0,29.78,Card,Online,Prayagraj
ORD103276,2025-09-14,C1224,P165,Power Bank V3,Accessories,2,1990,1688,5.0,3980,199.0,3781.0,3376,405.0,10.71,Cash,Store,Noida
ORD103277,2024-05-26,C1126,P157,Phone Case V1,Accessories,4,560,464,10.0,2240,224.0,2016.0,1856,160.0,7.94,Card,Store,Gurugram
ORD103278,2026-05-09,C1418,P165,Power Bank V3,Accessories,2,1990,1688,5.0,3980,199.0,3781.0,3376,405.0,10.71,Cash,Online,Delhi
ORD103279,2024-01-21,C1476,P136,Water Bottle V1,Home,3,1430,1182,15.0,4290,643.5,3646.5,3546,100.5,2.76,Cash,Online,Noida
ORD103280,2024-10-16,C1044,P115,Bluetooth Speaker V1,Electronics,5,6930,4749,15.0,34650,5197.5,29452.5,23745,5707.5,19.38,Card,Online,Delhi
ORD103281,2024-10-22,C1413,P109,USB Hub V1,Electronics,3,1970,1209,0.0,5910,0.0,5910.0,3627,2283.0,38.63,Card,Online,Delhi
ORD103282,2026-05-31,C1496,P143,Table Clock V2,Home,1,2900,2046,0.0,2900,0.0,2900.0,2046,854.0,29.45,UPI,Store,Prayagraj
ORD103283,2024-03-30,C1138,P169,Travel Pouch V1,Accessories,1,2560,1733,10.0,2560,256.0,2304.0,1733,571.0,24.78,UPI,Online,Delhi
ORD103284,2025-09-13,C1037,P172,Coffee V1,Grocery,1,660,526,0.0,660,0.0,660.0,526,134.0,20.3,Card,Store,Lucknow
ORD103285,2025-01-14,C1023,P140,Storage Box V2,Home,1,1780,1191,5.0,1780,89.0,1691.0,1191,500.0,29.57,UPI,Store,Mumbai
ORD103286,2024-08-09,C1442,P124,Desk Lamp V1,Office,3,4350,2868,5.0,13050,652.5,12397.5,8604,3793.5,30.6,Card,Store,Delhi
ORD103287,2026-01-11,C1409,P153,Cleaning Kit V3,Home,3,2770,1726,10.0,8310,831.0,7479.0,5178,2301.0,30.77,UPI,Store,Mumbai
ORD103288,2026-01-13,C1446,P148,LED Bulb V1,Home,3,1590,982,15.0,4770,715.5,4054.5,2946,1108.5,27.34,UPI,Store,Noida
ORD103289,2026-03-15,C1246,P153,Cleaning Kit V3,Home,6,2770,1726,10.0,16620,1662.0,14958.0,10356,4602.0,30.77,Cash,Online,Prayagraj
ORD103290,2026-04-03,C1055,P124,Desk Lamp V1,Office,3,4350,2868,0.0,13050,0.0,13050.0,8604,4446.0,34.07,Cash,Online,Delhi
ORD103291,2024-06-17,C1318,P141,Storage Box V3,Home,1,2200,1823,15.0,2200,330.0,1870.0,1823,47.0,2.51,Cash,Store,Gurugram
ORD103292,2024-04-07,C1118,P162,Charging Cable V3,Accessories,4,3240,2132,5.0,12960,648.0,12312.0,8528,3784.0,30.73,Card,Phone,Lucknow
ORD103293,2024-08-31,C1458,P107,Headphones V2,Electronics,5,3120,2535,15.0,15600,2340.0,13260.0,12675,585.0,4.41,UPI,Online,Delhi
ORD103294,2024-06-26,C1043,P107,Headphones V2,Electronics,1,3120,2535,15.0,3120,468.0,2652.0,2535,117.0,4.41,Card,Online,Jaipur
ORD103295,2024-10-07,C1043,P146,Cushion V2,Home,2,3320,2419,0.0,6640,0.0,6640.0,4838,1802.0,27.14,Card,Phone,Jaipur
ORD103296,2024-07-07,C1094,P105,Keyboard V3,Electronics,3,4190,3534,5.0,12570,628.5,11941.5,10602,1339.5,11.22,Card,Online,Lucknow
ORD103297,2024-12-06,C1321,P154,Laptop Bag V1,Accessories,4,3580,2326,10.0,14320,1432.0,12888.0,9304,3584.0,27.81,UPI,Store,Gurugram
ORD103298,2024-01-17,C1328,P146,Cushion V2,Home,2,3320,2419,0.0,6640,0.0,6640.0,4838,1802.0,27.14,UPI,Store,Agra
ORD103299,2026-01-29,C1429,P100,Wireless Mouse V1,Electronics,3,3130,2246,5.0,9390,469.5,8920.5,6738,2182.5,24.47,Cash,Store,Delhi
ORD103300,2026-03-20,C1153,P110,USB Hub V2,Electronics,4,980,657,5.0,3920,196.0,3724.0,2628,1096.0,29.43,Cash,Online,Agra
ORD103301,2026-01-22,C1246,P139,Storage Box V1,Home,1,2100,1652,5.0,2100,105.0,1995.0,1652,343.0,17.19,UPI,Online,Prayagraj
ORD103302,2024-07-08,C1470,P142,Table Clock V1,Home,2,2610,1876,0.0,5220,0.0,5220.0,3752,1468.0,28.12,Cash,Store,Mumbai
ORD103303,2024-07-11,C1401,P107,Headphones V2,Electronics,1,3120,2535,0.0,3120,0.0,3120.0,2535,585.0,18.75,Card,Online,Gurugram
ORD103304,2024-04-15,C1231,P145,Cushion V1,Home,3,920,592,5.0,2760,138.0,2622.0,1776,846.0,32.27,UPI,Online,Gurugram
ORD103305,2025-07-10,C1404,P152,Cleaning Kit V2,Home,4,3090,2318,5.0,12360,618.0,11742.0,9272,2470.0,21.04,UPI,Online,Jaipur
ORD103306,2025-03-13,C1336,P137,Water Bottle V2,Home,1,1800,1202,10.0,1800,180.0,1620.0,1202,418.0,25.8,Net Banking,Store,Kanpur
ORD103307,2024-04-24,C1378,P115,Bluetooth Speaker V1,Electronics,1,6930,4749,10.0,6930,693.0,6237.0,4749,1488.0,23.86,UPI,Online,Delhi
ORD103308,2025-03-24,C1316,P145,Cushion V1,Home,3,920,592,10.0,2760,276.0,2484.0,1776,708.0,28.5,UPI,Online,Varanasi
ORD103309,2025-12-27,C1163,P105,Keyboard V3,Electronics,6,4190,3534,0.0,25140,0.0,25140.0,21204,3936.0,15.66,Net Banking,Store,Gurugram
ORD103310,2025-01-03,C1064,P133,Stapler V1,Office,2,6390,4143,15.0,12780,1917.0,10863.0,8286,2577.0,23.72,Net Banking,Online,Mumbai
ORD103311,2025-07-20,C1135,P161,Charging Cable V2,Accessories,3,2440,1541,10.0,7320,732.0,6588.0,4623,1965.0,29.83,UPI,Online,Agra
ORD103312,2025-01-03,C1229,P139,Storage Box V1,Home,2,2100,1652,5.0,4200,210.0,3990.0,3304,686.0,17.19,UPI,Phone,Delhi
ORD103313,2025-08-29,C1394,P138,Water Bottle V3,Home,1,2890,1947,5.0,2890,144.5,2745.5,1947,798.5,29.08,Cash,Store,Prayagraj
ORD103314,2024-01-09,C1230,P124,Desk Lamp V1,Office,3,4350,2868,10.0,13050,1305.0,11745.0,8604,3141.0,26.74,Card,Online,Lucknow
ORD103315,2025-12-15,C1173,P139,Storage Box V1,Home,1,2100,1652,10.0,2100,210.0,1890.0,1652,238.0,12.59,Card,Online,Delhi
ORD103316,2026-02-04,C1144,P146,Cushion V2,Home,5,3320,2419,5.0,16600,830.0,15770.0,12095,3675.0,23.3,Cash,Phone,Noida
ORD103317,2025-01-23,C1329,P108,Headphones V3,Electronics,5,4890,3636,0.0,24450,0.0,24450.0,18180,6270.0,25.64,Net Banking,Online,Prayagraj
ORD103318,2025-05-23,C1023,P150,LED Bulb V3,Home,3,2960,2119,5.0,8880,444.0,8436.0,6357,2079.0,24.64,UPI,Store,Mumbai
ORD103319,2025-08-06,C1346,P128,Printer Paper V2,Office,5,2840,2176,10.0,14200,1420.0,12780.0,10880,1900.0,14.87,Net Banking,Online,Varanasi
ORD103320,2026-01-11,C1159,P113,Webcam V2,Electronics,2,2640,1889,20.0,5280,1056.0,4224.0,3778,446.0,10.56,UPI,Online,Lucknow
ORD103321,2025-07-22,C1430,P108,Headphones V3,Electronics,3,4890,3636,5.0,14670,733.5,13936.5,10908,3028.5,21.73,Card,Store,Prayagraj
ORD103322,2026-05-28,C1308,P163,Power Bank V1,Accessories,1,510,428,5.0,510,25.5,484.5,428,56.5,11.66,Card,Online,Mumbai
ORD103323,2024-10-01,C1196,P168,Desk Mat V3,Accessories,1,2910,2229,5.0,2910,145.5,2764.5,2229,535.5,19.37,Card,Store,Gurugram
ORD103324,2025-04-04,C1382,P176,Tea V2,Grocery,1,920,750,10.0,920,92.0,828.0,750,78.0,9.42,UPI,Store,Delhi
ORD103325,2024-04-09,C1164,P144,Table Clock V3,Home,3,2960,2357,5.0,8880,444.0,8436.0,7071,1365.0,16.18,Net Banking,Store,Prayagraj
ORD103326,2025-05-26,C1273,P100,Wireless Mouse V1,Electronics,1,3130,2246,15.0,3130,469.5,2660.5,2246,414.5,15.58,UPI,Store,Kanpur
ORD103327,2024-12-10,C1026,P140,Storage Box V2,Home,4,1780,1191,0.0,7120,0.0,7120.0,4764,2356.0,33.09,UPI,Store,Lucknow
ORD103328,2026-04-01,C1309,P150,LED Bulb V3,Home,1,2960,2119,20.0,2960,592.0,2368.0,2119,249.0,10.52,Net Banking,Store,Prayagraj
ORD103329,2024-02-26,C1173,P179,Biscuits V2,Grocery,1,1150,889,15.0,1150,172.5,977.5,889,88.5,9.05,Net Banking,Store,Delhi
ORD103330,2024-11-24,C1317,P142,Table Clock V1,Home,6,2610,1876,10.0,15660,1566.0,14094.0,11256,2838.0,20.14,Card,Store,Delhi
ORD103331,2024-06-25,C1114,P176,Tea V2,Grocery,2,920,750,10.0,1840,184.0,1656.0,1500,156.0,9.42,Card,Store,Kanpur
ORD103332,2025-09-14,C1157,P136,Water Bottle V1,Home,1,1430,1182,10.0,1430,143.0,1287.0,1182,105.0,8.16,UPI,Online,Agra
ORD103333,2025-02-22,C1367,P115,Bluetooth Speaker V1,Electronics,1,6930,4749,10.0,6930,693.0,6237.0,4749,1488.0,23.86,Card,Online,Noida
ORD103334,2024-08-20,C1156,P125,Desk Lamp V2,Office,1,4970,3317,5.0,4970,248.5,4721.5,3317,1404.5,29.75,UPI,Store,Agra
ORD103335,2025-06-20,C1430,P151,Cleaning Kit V1,Home,4,2890,1977,10.0,11560,1156.0,10404.0,7908,2496.0,23.99,Net Banking,Store,Prayagraj
ORD103336,2024-04-07,C1146,P143,Table Clock V2,Home,8,2900,2046,0.0,23200,0.0,23200.0,16368,6832.0,29.45,UPI,Online,Delhi
ORD103337,2024-08-14,C1324,P107,Headphones V2,Electronics,3,3120,2535,15.0,9360,1404.0,7956.0,7605,351.0,4.41,Card,Online,Prayagraj
ORD103338,2024-02-06,C1437,P148,LED Bulb V1,Home,1,1590,982,10.0,1590,159.0,1431.0,982,449.0,31.38,UPI,Online,Gurugram
ORD103339,2024-05-22,C1455,P116,Bluetooth Speaker V2,Electronics,4,4810,3714,10.0,19240,1924.0,17316.0,14856,2460.0,14.21,Card,Online,Jaipur
ORD103340,2026-01-29,C1364,P132,File Folder V3,Office,1,4410,2825,0.0,4410,0.0,4410.0,2825,1585.0,35.94,UPI,Phone,Agra
ORD103341,2025-01-12,C1210,P131,File Folder V2,Office,1,5150,3339,10.0,5150,515.0,4635.0,3339,1296.0,27.96,UPI,Online,Mumbai
ORD103342,2024-12-17,C1200,P154,Laptop Bag V1,Accessories,3,3580,2326,10.0,10740,1074.0,9666.0,6978,2688.0,27.81,Card,Online,Lucknow
ORD103343,2026-02-18,C1325,P118,Notebook V1,Office,3,2820,2304,10.0,8460,846.0,7614.0,6912,702.0,9.22,Card,Online,Prayagraj
ORD103344,2026-02-24,C1319,P109,USB Hub V1,Electronics,1,1970,1209,0.0,1970,0.0,1970.0,1209,761.0,38.63,Card,Online,Mumbai
ORD103345,2025-06-21,C1453,P142,Table Clock V1,Home,4,2610,1876,5.0,10440,522.0,9918.0,7504,2414.0,24.34,UPI,Online,Gurugram
ORD103346,2025-06-14,C1019,P121,Office Chair V1,Office,2,6460,4606,0.0,12920,0.0,12920.0,9212,3708.0,28.7,UPI,Online,Delhi
ORD103347,2025-10-05,C1372,P138,Water Bottle V3,Home,1,2890,1947,5.0,2890,144.5,2745.5,1947,798.5,29.08,Card,Store,Agra
ORD103348,2026-06-04,C1428,P118,Notebook V1,Office,5,2820,2304,5.0,14100,705.0,13395.0,11520,1875.0,14.0,UPI,Store,Delhi
ORD103349,2025-10-11,C1415,P164,Power Bank V2,Accessories,1,1150,849,10.0,1150,115.0,1035.0,849,186.0,17.97,UPI,Online,Gurugram
ORD103350,2025-04-20,C1291,P160,Charging Cable V1,Accessories,3,3270,2329,10.0,9810,981.0,8829.0,6987,1842.0,20.86,UPI,Store,Noida
ORD103351,2026-03-03,C1161,P107,Headphones V2,Electronics,1,3120,2535,5.0,3120,156.0,2964.0,2535,429.0,14.47,UPI,Store,Jaipur
ORD103352,2025-06-28,C1458,P174,Coffee V3,Grocery,2,1420,1012,10.0,2840,284.0,2556.0,2024,532.0,20.81,UPI,Store,Delhi
ORD103353,2026-05-30,C1377,P171,Travel Pouch V3,Accessories,1,1430,1156,0.0,1430,0.0,1430.0,1156,274.0,19.16,UPI,Online,Agra
ORD103354,2025-07-18,C1165,P119,Notebook V2,Office,1,3040,2028,0.0,3040,0.0,3040.0,2028,1012.0,33.29,UPI,Phone,Delhi
ORD103355,2024-03-11,C1127,P132,File Folder V3,Office,4,4410,2825,10.0,17640,1764.0,15876.0,11300,4576.0,28.82,Card,Store,Gurugram
ORD103356,2024-09-18,C1133,P125,Desk Lamp V2,Office,4,4970,3317,20.0,19880,3976.0,15904.0,13268,2636.0,16.57,UPI,Online,Kanpur
ORD103357,2026-03-11,C1113,P139,Storage Box V1,Home,1,2100,1652,20.0,2100,420.0,1680.0,1652,28.0,1.67,Card,Online,Agra
ORD103358,2025-04-02,C1493,P106,Headphones V1,Electronics,2,4570,3663,0.0,9140,0.0,9140.0,7326,1814.0,19.85,UPI,Phone,Delhi
ORD103359,2026-03-05,C1277,P114,Webcam V3,Electronics,2,3680,2607,0.0,7360,0.0,7360.0,5214,2146.0,29.16,UPI,Store,Mumbai
ORD103360,2024-08-02,C1056,P104,Keyboard V2,Electronics,1,820,576,15.0,820,123.0,697.0,576,121.0,17.36,Cash,Online,Gurugram
ORD103361,2024-08-11,C1421,P145,Cushion V1,Home,2,920,592,15.0,1840,276.0,1564.0,1184,380.0,24.3,UPI,Store,Varanasi
ORD103362,2025-10-16,C1098,P108,Headphones V3,Electronics,3,4890,3636,5.0,14670,733.5,13936.5,10908,3028.5,21.73,UPI,Store,Lucknow
ORD103363,2024-12-24,C1040,P123,Office Chair V3,Office,4,4680,3454,5.0,18720,936.0,17784.0,13816,3968.0,22.31,Card,Online,Lucknow
ORD103364,2024-09-13,C1228,P169,Travel Pouch V1,Accessories,5,2560,1733,5.0,12800,640.0,12160.0,8665,3495.0,28.74,Card,Phone,Noida
ORD103365,2025-05-28,C1135,P124,Desk Lamp V1,Office,2,4350,2868,5.0,8700,435.0,8265.0,5736,2529.0,30.6,UPI,Store,Agra
ORD103366,2025-12-20,C1385,P134,Stapler V2,Office,4,5250,3976,0.0,21000,0.0,21000.0,15904,5096.0,24.27,UPI,Store,Gurugram
ORD103367,2024-09-26,C1032,P176,Tea V2,Grocery,2,920,750,0.0,1840,0.0,1840.0,1500,340.0,18.48,Card,Store,Lucknow
ORD103368,2025-08-08,C1127,P173,Coffee V2,Grocery,1,930,610,15.0,930,139.5,790.5,610,180.5,22.83,Card,Online,Gurugram
ORD103369,2026-02-06,C1424,P126,Desk Lamp V3,Office,1,370,241,0.0,370,0.0,370.0,241,129.0,34.86,Cash,Online,Prayagraj
ORD103370,2026-06-26,C1428,P119,Notebook V2,Office,3,3040,2028,5.0,9120,456.0,8664.0,6084,2580.0,29.78,Card,Store,Delhi
ORD103371,2026-01-30,C1029,P163,Power Bank V1,Accessories,1,510,428,0.0,510,0.0,510.0,428,82.0,16.08,Cash,Online,Lucknow
ORD103372,2025-05-13,C1186,P113,Webcam V2,Electronics,1,2640,1889,15.0,2640,396.0,2244.0,1889,355.0,15.82,Net Banking,Store,Prayagraj
ORD103373,2025-07-23,C1370,P117,Bluetooth Speaker V3,Electronics,6,1400,967,10.0,8400,840.0,7560.0,5802,1758.0,23.25,Net Banking,Phone,Delhi
ORD103374,2025-06-04,C1105,P161,Charging Cable V2,Accessories,1,2440,1541,5.0,2440,122.0,2318.0,1541,777.0,33.52,UPI,Online,Lucknow
ORD103375,2024-02-02,C1107,P137,Water Bottle V2,Home,2,1800,1202,10.0,3600,360.0,3240.0,2404,836.0,25.8,UPI,Phone,Varanasi
ORD103376,2025-01-06,C1347,P168,Desk Mat V3,Accessories,3,2910,2229,0.0,8730,0.0,8730.0,6687,2043.0,23.4,Cash,Store,Jaipur
ORD103377,2025-12-22,C1468,P173,Coffee V2,Grocery,4,930,610,15.0,3720,558.0,3162.0,2440,722.0,22.83,Cash,Phone,Noida
ORD103378,2024-03-05,C1040,P166,Desk Mat V1,Accessories,2,3330,2082,10.0,6660,666.0,5994.0,4164,1830.0,30.53,Net Banking,Online,Lucknow
ORD103379,2026-03-29,C1072,P159,Phone Case V3,Accessories,3,1360,849,0.0,4080,0.0,4080.0,2547,1533.0,37.57,Card,Store,Kanpur
ORD103380,2025-10-28,C1477,P133,Stapler V1,Office,2,6390,4143,5.0,12780,639.0,12141.0,8286,3855.0,31.75,Card,Phone,Delhi
ORD103381,2025-01-25,C1274,P132,File Folder V3,Office,2,4410,2825,10.0,8820,882.0,7938.0,5650,2288.0,28.82,Card,Store,Agra
ORD103382,2024-04-22,C1294,P119,Notebook V2,Office,3,3040,2028,5.0,9120,456.0,8664.0,6084,2580.0,29.78,Card,Online,Prayagraj
ORD103383,2025-10-27,C1053,P169,Travel Pouch V1,Accessories,2,2560,1733,10.0,5120,512.0,4608.0,3466,1142.0,24.78,Cash,Online,Varanasi
ORD103384,2024-08-02,C1111,P128,Printer Paper V2,Office,3,2840,2176,0.0,8520,0.0,8520.0,6528,1992.0,23.38,Cash,Online,Delhi
ORD103385,2024-08-29,C1428,P105,Keyboard V3,Electronics,1,4190,3534,15.0,4190,628.5,3561.5,3534,27.5,0.77,Cash,Store,Delhi
ORD103386,2024-05-20,C1412,P144,Table Clock V3,Home,1,2960,2357,5.0,2960,148.0,2812.0,2357,455.0,16.18,UPI,Online,Prayagraj
ORD103387,2024-11-03,C1228,P142,Table Clock V1,Home,3,2610,1876,0.0,7830,0.0,7830.0,5628,2202.0,28.12,Card,Online,Noida
ORD103388,2024-10-17,C1104,P166,Desk Mat V1,Accessories,4,3330,2082,0.0,13320,0.0,13320.0,8328,4992.0,37.48,UPI,Store,Delhi
ORD103389,2025-03-04,C1494,P149,LED Bulb V2,Home,1,1290,1029,10.0,1290,129.0,1161.0,1029,132.0,11.37,Cash,Store,Noida
ORD103390,2026-02-14,C1466,P128,Printer Paper V2,Office,3,2840,2176,0.0,8520,0.0,8520.0,6528,1992.0,23.38,Card,Online,Varanasi
ORD103391,2026-06-02,C1206,P136,Water Bottle V1,Home,3,1430,1182,10.0,4290,429.0,3861.0,3546,315.0,8.16,Card,Phone,Jaipur
ORD103392,2025-12-07,C1321,P177,Tea V3,Grocery,5,540,388,5.0,2700,135.0,2565.0,1940,625.0,24.37,Cash,Store,Gurugram
ORD103393,2026-04-10,C1016,P158,Phone Case V2,Accessories,1,2660,1753,0.0,2660,0.0,2660.0,1753,907.0,34.1,UPI,Store,Varanasi
ORD103394,2024-06-02,C1272,P145,Cushion V1,Home,4,920,592,10.0,3680,368.0,3312.0,2368,944.0,28.5,UPI,Online,Lucknow
ORD103395,2025-01-02,C1185,P163,Power Bank V1,Accessories,2,510,428,5.0,1020,51.0,969.0,856,113.0,11.66,Card,Online,Jaipur
ORD103396,2024-05-01,C1464,P108,Headphones V3,Electronics,7,4890,3636,0.0,34230,0.0,34230.0,25452,8778.0,25.64,Cash,Online,Lucknow
ORD103397,2024-06-10,C1035,P103,Keyboard V1,Electronics,2,4190,2634,15.0,8380,1257.0,7123.0,5268,1855.0,26.04,Card,Online,Lucknow
ORD103398,2024-01-25,C1197,P166,Desk Mat V1,Accessories,1,3330,2082,10.0,3330,333.0,2997.0,2082,915.0,30.53,Card,Store,Lucknow
ORD103399,2025-01-14,C1257,P137,Water Bottle V2,Home,4,1800,1202,15.0,7200,1080.0,6120.0,4808,1312.0,21.44,UPI,Online,Lucknow
ORD103400,2025-02-10,C1213,P141,Storage Box V3,Home,4,2200,1823,5.0,8800,440.0,8360.0,7292,1068.0,12.78,UPI,Store,Jaipur
ORD103401,2026-01-17,C1497,P162,Charging Cable V3,Accessories,3,3240,2132,10.0,9720,972.0,8748.0,6396,2352.0,26.89,Cash,Store,Lucknow
ORD103402,2025-02-04,C1370,P125,Desk Lamp V2,Office,3,4970,3317,5.0,14910,745.5,14164.5,9951,4213.5,29.75,Cash,Store,Delhi
ORD103403,2024-01-06,C1413,P173,Coffee V2,Grocery,1,930,610,0.0,930,0.0,930.0,610,320.0,34.41,UPI,Online,Delhi
ORD103404,2026-05-07,C1265,P101,Wireless Mouse V2,Electronics,1,2890,2270,10.0,2890,289.0,2601.0,2270,331.0,12.73,UPI,Online,Kanpur
ORD103405,2024-08-20,C1315,P176,Tea V2,Grocery,2,920,750,15.0,1840,276.0,1564.0,1500,64.0,4.09,Card,Store,Varanasi
ORD103406,2025-05-10,C1362,P116,Bluetooth Speaker V2,Electronics,1,4810,3714,15.0,4810,721.5,4088.5,3714,374.5,9.16,UPI,Store,Varanasi
ORD103407,2025-02-05,C1495,P131,File Folder V2,Office,1,5150,3339,15.0,5150,772.5,4377.5,3339,1038.5,23.72,Net Banking,Online,Jaipur
ORD103408,2025-03-06,C1381,P116,Bluetooth Speaker V2,Electronics,1,4810,3714,15.0,4810,721.5,4088.5,3714,374.5,9.16,Card,Online,Mumbai
ORD103409,2025-04-06,C1337,P147,Cushion V3,Home,7,2180,1724,20.0,15260,3052.0,12208.0,12068,140.0,1.15,UPI,Online,Mumbai
ORD103410,2025-01-30,C1480,P138,Water Bottle V3,Home,5,2890,1947,10.0,14450,1445.0,13005.0,9735,3270.0,25.14,UPI,Store,Delhi
ORD103411,2024-04-18,C1344,P143,Table Clock V2,Home,3,2900,2046,15.0,8700,1305.0,7395.0,6138,1257.0,17.0,Card,Phone,Gurugram
ORD103412,2024-08-13,C1214,P118,Notebook V1,Office,1,2820,2304,10.0,2820,282.0,2538.0,2304,234.0,9.22,Card,Store,Agra
ORD103413,2025-12-06,C1296,P133,Stapler V1,Office,1,6390,4143,10.0,6390,639.0,5751.0,4143,1608.0,27.96,UPI,Online,Lucknow
ORD103414,2026-03-26,C1498,P134,Stapler V2,Office,2,5250,3976,15.0,10500,1575.0,8925.0,7952,973.0,10.9,UPI,Store,Delhi
ORD103415,2024-08-18,C1338,P104,Keyboard V2,Electronics,2,820,576,10.0,1640,164.0,1476.0,1152,324.0,21.95,UPI,Phone,Lucknow
ORD103416,2024-02-07,C1227,P137,Water Bottle V2,Home,1,1800,1202,5.0,1800,90.0,1710.0,1202,508.0,29.71,UPI,Store,Prayagraj
ORD103417,2025-09-11,C1067,P116,Bluetooth Speaker V2,Electronics,2,4810,3714,5.0,9620,481.0,9139.0,7428,1711.0,18.72,Card,Online,Prayagraj
ORD103418,2025-08-29,C1353,P171,Travel Pouch V3,Accessories,1,1430,1156,10.0,1430,143.0,1287.0,1156,131.0,10.18,UPI,Phone,Varanasi
ORD103419,2026-04-27,C1448,P163,Power Bank V1,Accessories,1,510,428,10.0,510,51.0,459.0,428,31.0,6.75,Card,Store,Agra
ORD103420,2025-04-03,C1478,P154,Laptop Bag V1,Accessories,4,3580,2326,20.0,14320,2864.0,11456.0,9304,2152.0,18.78,UPI,Online,Mumbai
ORD103421,2024-08-31,C1320,P102,Wireless Mouse V3,Electronics,1,3210,2684,20.0,3210,642.0,2568.0,2684,-116.0,-4.52,Net Banking,Online,Agra
ORD103422,2025-11-12,C1045,P159,Phone Case V3,Accessories,4,1360,849,0.0,5440,0.0,5440.0,3396,2044.0,37.57,Net Banking,Store,Delhi
ORD103423,2026-05-18,C1194,P164,Power Bank V2,Accessories,2,1150,849,10.0,2300,230.0,2070.0,1698,372.0,17.97,UPI,Online,Agra
ORD103424,2026-02-01,C1493,P127,Printer Paper V1,Office,1,6100,4997,10.0,6100,610.0,5490.0,4997,493.0,8.98,Net Banking,Online,Delhi
ORD103425,2024-07-29,C1259,P154,Laptop Bag V1,Accessories,3,3580,2326,0.0,10740,0.0,10740.0,6978,3762.0,35.03,UPI,Online,Kanpur
ORD103426,2025-05-03,C1249,P157,Phone Case V1,Accessories,2,560,464,15.0,1120,168.0,952.0,928,24.0,2.52,Card,Store,Kanpur
ORD103427,2025-08-09,C1437,P103,Keyboard V1,Electronics,1,4190,2634,10.0,4190,419.0,3771.0,2634,1137.0,30.15,Cash,Online,Gurugram
ORD103428,2026-02-01,C1084,P162,Charging Cable V3,Accessories,2,3240,2132,10.0,6480,648.0,5832.0,4264,1568.0,26.89,Cash,Online,Gurugram
ORD103429,2024-02-11,C1241,P127,Printer Paper V1,Office,1,6100,4997,10.0,6100,610.0,5490.0,4997,493.0,8.98,Net Banking,Store,Jaipur
ORD103430,2024-04-30,C1045,P123,Office Chair V3,Office,1,4680,3454,15.0,4680,702.0,3978.0,3454,524.0,13.17,Cash,Online,Delhi
ORD103431,2024-01-22,C1201,P167,Desk Mat V2,Accessories,2,3170,2059,5.0,6340,317.0,6023.0,4118,1905.0,31.63,UPI,Online,Agra
ORD103432,2025-07-13,C1461,P170,Travel Pouch V2,Accessories,1,1850,1364,10.0,1850,185.0,1665.0,1364,301.0,18.08,UPI,Phone,Mumbai
ORD103433,2025-03-31,C1446,P179,Biscuits V2,Grocery,3,1150,889,10.0,3450,345.0,3105.0,2667,438.0,14.11,Net Banking,Online,Noida
ORD103434,2026-05-04,C1390,P131,File Folder V2,Office,3,5150,3339,0.0,15450,0.0,15450.0,10017,5433.0,35.17,Card,Online,Varanasi
ORD103435,2025-08-02,C1069,P112,Webcam V1,Electronics,4,930,736,0.0,3720,0.0,3720.0,2944,776.0,20.86,Card,Store,Agra
ORD103436,2024-06-26,C1418,P140,Storage Box V2,Home,1,1780,1191,5.0,1780,89.0,1691.0,1191,500.0,29.57,UPI,Online,Delhi
ORD103437,2024-05-08,C1225,P119,Notebook V2,Office,1,3040,2028,15.0,3040,456.0,2584.0,2028,556.0,21.52,Card,Online,Delhi
ORD103438,2026-03-14,C1152,P157,Phone Case V1,Accessories,1,560,464,10.0,560,56.0,504.0,464,40.0,7.94,UPI,Online,Prayagraj
ORD103439,2024-12-05,C1140,P104,Keyboard V2,Electronics,7,820,576,10.0,5740,574.0,5166.0,4032,1134.0,21.95,Card,Online,Gurugram
ORD103440,2024-05-28,C1349,P166,Desk Mat V1,Accessories,2,3330,2082,0.0,6660,0.0,6660.0,4164,2496.0,37.48,UPI,Store,Varanasi
ORD103441,2025-12-25,C1459,P158,Phone Case V2,Accessories,4,2660,1753,0.0,10640,0.0,10640.0,7012,3628.0,34.1,UPI,Store,Agra
ORD103442,2024-03-11,C1464,P107,Headphones V2,Electronics,5,3120,2535,10.0,15600,1560.0,14040.0,12675,1365.0,9.72,Cash,Store,Lucknow
ORD103443,2026-04-04,C1054,P178,Biscuits V1,Grocery,1,1460,1162,15.0,1460,219.0,1241.0,1162,79.0,6.37,UPI,Online,Mumbai
ORD103444,2024-09-16,C1263,P135,Stapler V3,Office,2,7170,4632,20.0,14340,2868.0,11472.0,9264,2208.0,19.25,Cash,Online,Gurugram
ORD103445,2025-12-20,C1054,P103,Keyboard V1,Electronics,4,4190,2634,0.0,16760,0.0,16760.0,10536,6224.0,37.14,UPI,Online,Mumbai
ORD103446,2025-05-27,C1388,P170,Travel Pouch V2,Accessories,2,1850,1364,5.0,3700,185.0,3515.0,2728,787.0,22.39,UPI,Phone,Lucknow
ORD103447,2026-02-28,C1154,P166,Desk Mat V1,Accessories,5,3330,2082,0.0,16650,0.0,16650.0,10410,6240.0,37.48,Card,Store,Kanpur
ORD103448,2025-06-25,C1106,P140,Storage Box V2,Home,2,1780,1191,0.0,3560,0.0,3560.0,2382,1178.0,33.09,UPI,Store,Jaipur
ORD103449,2024-09-06,C1217,P156,Laptop Bag V3,Accessories,2,1980,1255,0.0,3960,0.0,3960.0,2510,1450.0,36.62,Card,Store,Agra
ORD103450,2024-08-04,C1005,P129,Printer Paper V3,Office,4,7700,4733,15.0,30800,4620.0,26180.0,18932,7248.0,27.69,Net Banking,Store,Delhi
ORD103451,2025-08-17,C1144,P149,LED Bulb V2,Home,1,1290,1029,10.0,1290,129.0,1161.0,1029,132.0,11.37,Card,Online,Noida
ORD103452,2024-01-13,C1343,P179,Biscuits V2,Grocery,1,1150,889,5.0,1150,57.5,1092.5,889,203.5,18.63,Net Banking,Online,Gurugram
ORD103453,2024-02-19,C1248,P125,Desk Lamp V2,Office,2,4970,3317,0.0,9940,0.0,9940.0,6634,3306.0,33.26,Card,Store,Agra
ORD103454,2024-03-24,C1406,P168,Desk Mat V3,Accessories,1,2910,2229,5.0,2910,145.5,2764.5,2229,535.5,19.37,Net Banking,Store,Delhi
ORD103455,2025-06-18,C1212,P109,USB Hub V1,Electronics,1,1970,1209,5.0,1970,98.5,1871.5,1209,662.5,35.4,UPI,Phone,Noida
ORD103456,2024-04-21,C1115,P152,Cleaning Kit V2,Home,2,3090,2318,5.0,6180,309.0,5871.0,4636,1235.0,21.04,Card,Store,Delhi
ORD103457,2024-02-25,C1290,P143,Table Clock V2,Home,1,2900,2046,10.0,2900,290.0,2610.0,2046,564.0,21.61,Card,Online,Agra
ORD103458,2024-04-10,C1477,P166,Desk Mat V1,Accessories,2,3330,2082,15.0,6660,999.0,5661.0,4164,1497.0,26.44,Net Banking,Store,Delhi
ORD103459,2024-01-12,C1126,P158,Phone Case V2,Accessories,3,2660,1753,10.0,7980,798.0,7182.0,5259,1923.0,26.78,UPI,Store,Gurugram
ORD103460,2026-04-02,C1273,P141,Storage Box V3,Home,1,2200,1823,10.0,2200,220.0,1980.0,1823,157.0,7.93,UPI,Online,Kanpur
ORD103461,2024-09-26,C1438,P157,Phone Case V1,Accessories,5,560,464,10.0,2800,280.0,2520.0,2320,200.0,7.94,UPI,Store,Kanpur
ORD103462,2024-12-25,C1069,P119,Notebook V2,Office,3,3040,2028,0.0,9120,0.0,9120.0,6084,3036.0,33.29,Cash,Store,Agra
ORD103463,2024-11-01,C1316,P135,Stapler V3,Office,6,7170,4632,5.0,43020,2151.0,40869.0,27792,13077.0,32.0,UPI,Phone,Varanasi
ORD103464,2025-10-22,C1367,P169,Travel Pouch V1,Accessories,5,2560,1733,5.0,12800,640.0,12160.0,8665,3495.0,28.74,Cash,Online,Noida
ORD103465,2024-04-04,C1027,P115,Bluetooth Speaker V1,Electronics,2,6930,4749,15.0,13860,2079.0,11781.0,9498,2283.0,19.38,UPI,Phone,Jaipur
ORD103466,2024-10-10,C1371,P175,Tea V1,Grocery,1,1390,900,5.0,1390,69.5,1320.5,900,420.5,31.84,Card,Online,Lucknow
ORD103467,2024-04-04,C1065,P148,LED Bulb V1,Home,6,1590,982,5.0,9540,477.0,9063.0,5892,3171.0,34.99,UPI,Store,Noida
ORD103468,2024-01-23,C1196,P109,USB Hub V1,Electronics,4,1970,1209,0.0,7880,0.0,7880.0,4836,3044.0,38.63,Card,Online,Gurugram
ORD103469,2025-12-28,C1490,P103,Keyboard V1,Electronics,4,4190,2634,5.0,16760,838.0,15922.0,10536,5386.0,33.83,Card,Online,Delhi
ORD103470,2024-08-17,C1063,P177,Tea V3,Grocery,1,540,388,5.0,540,27.0,513.0,388,125.0,24.37,Card,Online,Noida
ORD103471,2024-03-04,C1331,P163,Power Bank V1,Accessories,5,510,428,5.0,2550,127.5,2422.5,2140,282.5,11.66,Net Banking,Phone,Kanpur
ORD103472,2024-05-05,C1206,P110,USB Hub V2,Electronics,2,980,657,10.0,1960,196.0,1764.0,1314,450.0,25.51,UPI,Online,Jaipur
ORD103473,2026-04-28,C1317,P164,Power Bank V2,Accessories,1,1150,849,5.0,1150,57.5,1092.5,849,243.5,22.29,UPI,Online,Delhi
ORD103474,2025-09-24,C1141,P156,Laptop Bag V3,Accessories,2,1980,1255,10.0,3960,396.0,3564.0,2510,1054.0,29.57,UPI,Online,Noida
ORD103475,2025-11-25,C1157,P117,Bluetooth Speaker V3,Electronics,1,1400,967,0.0,1400,0.0,1400.0,967,433.0,30.93,UPI,Online,Agra
ORD103476,2024-04-04,C1476,P176,Tea V2,Grocery,1,920,750,5.0,920,46.0,874.0,750,124.0,14.19,UPI,Online,Noida
ORD103477,2026-01-05,C1183,P123,Office Chair V3,Office,1,4680,3454,20.0,4680,936.0,3744.0,3454,290.0,7.75,Card,Online,Agra
ORD103478,2025-07-24,C1091,P147,Cushion V3,Home,1,2180,1724,0.0,2180,0.0,2180.0,1724,456.0,20.92,UPI,Online,Gurugram
ORD103479,2025-05-16,C1183,P124,Desk Lamp V1,Office,2,4350,2868,0.0,8700,0.0,8700.0,5736,2964.0,34.07,Card,Online,Agra
ORD103480,2025-03-18,C1493,P104,Keyboard V2,Electronics,1,820,576,15.0,820,123.0,697.0,576,121.0,17.36,UPI,Online,Delhi
ORD103481,2025-04-20,C1222,P153,Cleaning Kit V3,Home,2,2770,1726,10.0,5540,554.0,4986.0,3452,1534.0,30.77,Card,Online,Delhi
ORD103482,2024-03-19,C1342,P121,Office Chair V1,Office,1,6460,4606,10.0,6460,646.0,5814.0,4606,1208.0,20.78,Cash,Store,Kanpur
ORD103483,2025-06-10,C1477,P159,Phone Case V3,Accessories,1,1360,849,10.0,1360,136.0,1224.0,849,375.0,30.64,UPI,Store,Delhi
ORD103484,2024-02-17,C1366,P134,Stapler V2,Office,2,5250,3976,20.0,10500,2100.0,8400.0,7952,448.0,5.33,UPI,Store,Mumbai
ORD103485,2025-01-13,C1318,P148,LED Bulb V1,Home,1,1590,982,5.0,1590,79.5,1510.5,982,528.5,34.99,UPI,Online,Gurugram
ORD103486,2024-09-25,C1361,P152,Cleaning Kit V2,Home,3,3090,2318,5.0,9270,463.5,8806.5,6954,1852.5,21.04,Card,Store,Mumbai
ORD103487,2025-10-27,C1293,P140,Storage Box V2,Home,1,1780,1191,10.0,1780,178.0,1602.0,1191,411.0,25.66,Card,Online,Gurugram
ORD103488,2024-03-04,C1395,P152,Cleaning Kit V2,Home,1,3090,2318,5.0,3090,154.5,2935.5,2318,617.5,21.04,Cash,Online,Delhi
ORD103489,2024-10-10,C1106,P177,Tea V3,Grocery,5,540,388,15.0,2700,405.0,2295.0,1940,355.0,15.47,Card,Online,Jaipur
ORD103490,2025-08-31,C1086,P174,Coffee V3,Grocery,3,1420,1012,15.0,4260,639.0,3621.0,3036,585.0,16.16,Net Banking,Store,Noida
ORD103491,2024-10-28,C1251,P105,Keyboard V3,Electronics,6,4190,3534,15.0,25140,3771.0,21369.0,21204,165.0,0.77,UPI,Online,Jaipur
ORD103492,2024-03-02,C1400,P158,Phone Case V2,Accessories,4,2660,1753,20.0,10640,2128.0,8512.0,7012,1500.0,17.62,Card,Phone,Delhi
ORD103493,2024-03-30,C1069,P138,Water Bottle V3,Home,3,2890,1947,0.0,8670,0.0,8670.0,5841,2829.0,32.63,UPI,Store,Agra
ORD103494,2024-07-13,C1056,P135,Stapler V3,Office,2,7170,4632,15.0,14340,2151.0,12189.0,9264,2925.0,24.0,UPI,Store,Gurugram
ORD103495,2024-06-09,C1101,P165,Power Bank V3,Accessories,4,1990,1688,10.0,7960,796.0,7164.0,6752,412.0,5.75,Card,Phone,Prayagraj
ORD103496,2024-01-08,C1051,P113,Webcam V2,Electronics,1,2640,1889,0.0,2640,0.0,2640.0,1889,751.0,28.45,Card,Phone,Agra
ORD103497,2024-01-28,C1015,P141,Storage Box V3,Home,4,2200,1823,10.0,8800,880.0,7920.0,7292,628.0,7.93,UPI,Phone,Lucknow
ORD103498,2026-02-07,C1052,P163,Power Bank V1,Accessories,3,510,428,5.0,1530,76.5,1453.5,1284,169.5,11.66,UPI,Store,Kanpur
ORD103499,2024-03-06,C1042,P161,Charging Cable V2,Accessories,1,2440,1541,5.0,2440,122.0,2318.0,1541,777.0,33.52,UPI,Store,Gurugram
ORD103500,2026-06-11,C1249,P161,Charging Cable V2,Accessories,2,2440,1541,0.0,4880,0.0,4880.0,3082,1798.0,36.84,UPI,Online,Kanpur
ORD103501,2026-05-14,C1090,P158,Phone Case V2,Accessories,3,2660,1753,10.0,7980,798.0,7182.0,5259,1923.0,26.78,Net Banking,Store,Varanasi
ORD103502,2026-05-09,C1002,P140,Storage Box V2,Home,2,1780,1191,5.0,3560,178.0,3382.0,2382,1000.0,29.57,Card,Store,Agra
ORD103503,2026-04-06,C1223,P173,Coffee V2,Grocery,3,930,610,15.0,2790,418.5,2371.5,1830,541.5,22.83,UPI,Online,Prayagraj
ORD103504,2026-02-07,C1339,P104,Keyboard V2,Electronics,3,820,576,0.0,2460,0.0,2460.0,1728,732.0,29.76,UPI,Online,Gurugram
ORD103505,2025-07-31,C1222,P146,Cushion V2,Home,2,3320,2419,10.0,6640,664.0,5976.0,4838,1138.0,19.04,Cash,Online,Delhi
ORD103506,2025-07-05,C1291,P120,Notebook V3,Office,1,5080,3876,0.0,5080,0.0,5080.0,3876,1204.0,23.7,UPI,Phone,Noida
ORD103507,2024-08-01,C1112,P155,Laptop Bag V2,Accessories,4,2620,1779,10.0,10480,1048.0,9432.0,7116,2316.0,24.55,Net Banking,Online,Varanasi
ORD103508,2025-07-26,C1216,P155,Laptop Bag V2,Accessories,6,2620,1779,5.0,15720,786.0,14934.0,10674,4260.0,28.53,Cash,Store,Mumbai
ORD103509,2024-01-20,C1470,P155,Laptop Bag V2,Accessories,2,2620,1779,15.0,5240,786.0,4454.0,3558,896.0,20.12,UPI,Phone,Mumbai
ORD103510,2025-06-23,C1473,P175,Tea V1,Grocery,2,1390,900,10.0,2780,278.0,2502.0,1800,702.0,28.06,UPI,Online,Kanpur
ORD103511,2024-12-06,C1293,P129,Printer Paper V3,Office,1,7700,4733,10.0,7700,770.0,6930.0,4733,2197.0,31.7,Card,Store,Gurugram
ORD103512,2024-07-29,C1170,P125,Desk Lamp V2,Office,4,4970,3317,0.0,19880,0.0,19880.0,13268,6612.0,33.26,Card,Online,Agra
ORD103513,2025-10-18,C1315,P176,Tea V2,Grocery,5,920,750,0.0,4600,0.0,4600.0,3750,850.0,18.48,UPI,Online,Varanasi
ORD103514,2025-09-21,C1078,P170,Travel Pouch V2,Accessories,1,1850,1364,5.0,1850,92.5,1757.5,1364,393.5,22.39,UPI,Phone,Gurugram
ORD103515,2024-02-08,C1175,P179,Biscuits V2,Grocery,3,1150,889,10.0,3450,345.0,3105.0,2667,438.0,14.11,UPI,Store,Prayagraj
ORD103516,2025-02-22,C1171,P105,Keyboard V3,Electronics,4,4190,3534,20.0,16760,3352.0,13408.0,14136,-728.0,-5.43,UPI,Store,Kanpur
ORD103517,2026-04-30,C1349,P157,Phone Case V1,Accessories,3,560,464,20.0,1680,336.0,1344.0,1392,-48.0,-3.57,Net Banking,Online,Varanasi
ORD103518,2024-08-07,C1300,P156,Laptop Bag V3,Accessories,6,1980,1255,10.0,11880,1188.0,10692.0,7530,3162.0,29.57,Card,Store,Noida
ORD103519,2024-12-24,C1373,P150,LED Bulb V3,Home,4,2960,2119,0.0,11840,0.0,11840.0,8476,3364.0,28.41,Card,Store,Gurugram
ORD103520,2025-04-08,C1126,P169,Travel Pouch V1,Accessories,1,2560,1733,15.0,2560,384.0,2176.0,1733,443.0,20.36,Card,Store,Gurugram
ORD103521,2024-07-05,C1042,P106,Headphones V1,Electronics,1,4570,3663,0.0,4570,0.0,4570.0,3663,907.0,19.85,Net Banking,Online,Gurugram
ORD103522,2025-05-31,C1446,P108,Headphones V3,Electronics,2,4890,3636,10.0,9780,978.0,8802.0,7272,1530.0,17.38,Net Banking,Online,Noida
ORD103523,2026-05-28,C1057,P162,Charging Cable V3,Accessories,3,3240,2132,5.0,9720,486.0,9234.0,6396,2838.0,30.73,Card,Online,Prayagraj
ORD103524,2025-08-01,C1121,P130,File Folder V1,Office,1,3130,2238,10.0,3130,313.0,2817.0,2238,579.0,20.55,Card,Online,Lucknow
ORD103525,2025-04-30,C1218,P153,Cleaning Kit V3,Home,3,2770,1726,5.0,8310,415.5,7894.5,5178,2716.5,34.41,UPI,Phone,Jaipur
ORD103526,2024-01-10,C1279,P111,USB Hub V3,Electronics,4,1850,1273,10.0,7400,740.0,6660.0,5092,1568.0,23.54,Card,Store,Gurugram
ORD103527,2026-01-04,C1180,P106,Headphones V1,Electronics,3,4570,3663,0.0,13710,0.0,13710.0,10989,2721.0,19.85,UPI,Online,Noida
ORD103528,2025-06-26,C1491,P103,Keyboard V1,Electronics,3,4190,2634,20.0,12570,2514.0,10056.0,7902,2154.0,21.42,Cash,Online,Noida
ORD103529,2025-07-26,C1355,P105,Keyboard V3,Electronics,1,4190,3534,10.0,4190,419.0,3771.0,3534,237.0,6.28,Net Banking,Online,Noida
ORD103530,2024-08-23,C1168,P106,Headphones V1,Electronics,1,4570,3663,10.0,4570,457.0,4113.0,3663,450.0,10.94,UPI,Online,Lucknow
ORD103531,2025-10-26,C1072,P171,Travel Pouch V3,Accessories,3,1430,1156,5.0,4290,214.5,4075.5,3468,607.5,14.91,Card,Online,Kanpur
ORD103532,2025-10-12,C1045,P120,Notebook V3,Office,2,5080,3876,15.0,10160,1524.0,8636.0,7752,884.0,10.24,UPI,Online,Delhi
ORD103533,2025-07-30,C1087,P166,Desk Mat V1,Accessories,1,3330,2082,15.0,3330,499.5,2830.5,2082,748.5,26.44,UPI,Store,Lucknow
ORD103534,2024-10-05,C1325,P133,Stapler V1,Office,3,6390,4143,10.0,19170,1917.0,17253.0,12429,4824.0,27.96,UPI,Online,Prayagraj
ORD103535,2025-04-14,C1183,P134,Stapler V2,Office,2,5250,3976,15.0,10500,1575.0,8925.0,7952,973.0,10.9,UPI,Store,Agra
ORD103536,2025-05-29,C1020,P164,Power Bank V2,Accessories,5,1150,849,5.0,5750,287.5,5462.5,4245,1217.5,22.29,Card,Online,Gurugram
ORD103537,2025-01-09,C1018,P111,USB Hub V3,Electronics,3,1850,1273,15.0,5550,832.5,4717.5,3819,898.5,19.05,Net Banking,Online,Prayagraj
ORD103538,2026-05-10,C1438,P148,LED Bulb V1,Home,1,1590,982,0.0,1590,0.0,1590.0,982,608.0,38.24,UPI,Online,Kanpur
ORD103539,2024-01-28,C1145,P131,File Folder V2,Office,2,5150,3339,0.0,10300,0.0,10300.0,6678,3622.0,35.17,UPI,Store,Mumbai
ORD103540,2024-10-02,C1176,P167,Desk Mat V2,Accessories,3,3170,2059,5.0,9510,475.5,9034.5,6177,2857.5,31.63,Card,Online,Kanpur
ORD103541,2025-01-24,C1346,P174,Coffee V3,Grocery,1,1420,1012,10.0,1420,142.0,1278.0,1012,266.0,20.81,Cash,Store,Varanasi
ORD103542,2025-10-08,C1036,P135,Stapler V3,Office,2,7170,4632,10.0,14340,1434.0,12906.0,9264,3642.0,28.22,Card,Online,Delhi
ORD103543,2026-01-30,C1214,P129,Printer Paper V3,Office,1,7700,4733,10.0,7700,770.0,6930.0,4733,2197.0,31.7,Card,Store,Agra
ORD103544,2024-03-17,C1101,P111,USB Hub V3,Electronics,2,1850,1273,0.0,3700,0.0,3700.0,2546,1154.0,31.19,Cash,Store,Prayagraj
ORD103545,2026-01-26,C1030,P145,Cushion V1,Home,2,920,592,10.0,1840,184.0,1656.0,1184,472.0,28.5,UPI,Online,Varanasi
ORD103546,2025-06-22,C1170,P177,Tea V3,Grocery,2,540,388,5.0,1080,54.0,1026.0,776,250.0,24.37,Card,Store,Agra
ORD103547,2025-05-05,C1473,P137,Water Bottle V2,Home,2,1800,1202,20.0,3600,720.0,2880.0,2404,476.0,16.53,UPI,Store,Kanpur
ORD103548,2026-01-13,C1135,P115,Bluetooth Speaker V1,Electronics,1,6930,4749,10.0,6930,693.0,6237.0,4749,1488.0,23.86,UPI,Online,Agra
ORD103549,2026-05-26,C1043,P114,Webcam V3,Electronics,2,3680,2607,5.0,7360,368.0,6992.0,5214,1778.0,25.43,Card,Store,Jaipur
ORD103550,2024-10-14,C1475,P131,File Folder V2,Office,4,5150,3339,10.0,20600,2060.0,18540.0,13356,5184.0,27.96,UPI,Store,Noida
ORD103551,2024-11-24,C1360,P159,Phone Case V3,Accessories,2,1360,849,10.0,2720,272.0,2448.0,1698,750.0,30.64,Net Banking,Phone,Lucknow
ORD103552,2024-11-12,C1263,P106,Headphones V1,Electronics,2,4570,3663,0.0,9140,0.0,9140.0,7326,1814.0,19.85,Card,Online,Gurugram
ORD103553,2024-09-15,C1250,P112,Webcam V1,Electronics,1,930,736,10.0,930,93.0,837.0,736,101.0,12.07,Card,Online,Jaipur
ORD103554,2024-07-11,C1107,P101,Wireless Mouse V2,Electronics,3,2890,2270,15.0,8670,1300.5,7369.5,6810,559.5,7.59,UPI,Store,Varanasi
ORD103555,2025-06-20,C1378,P137,Water Bottle V2,Home,1,1800,1202,10.0,1800,180.0,1620.0,1202,418.0,25.8,UPI,Store,Delhi
ORD103556,2025-05-22,C1221,P151,Cleaning Kit V1,Home,1,2890,1977,5.0,2890,144.5,2745.5,1977,768.5,27.99,Card,Online,Gurugram
ORD103557,2024-01-06,C1046,P122,Office Chair V2,Office,2,4160,2937,10.0,8320,832.0,7488.0,5874,1614.0,21.55,Net Banking,Store,Lucknow
ORD103558,2025-11-14,C1045,P114,Webcam V3,Electronics,4,3680,2607,5.0,14720,736.0,13984.0,10428,3556.0,25.43,Net Banking,Online,Delhi
ORD103559,2024-06-01,C1301,P147,Cushion V3,Home,3,2180,1724,0.0,6540,0.0,6540.0,5172,1368.0,20.92,UPI,Online,Varanasi
ORD103560,2024-03-08,C1097,P106,Headphones V1,Electronics,1,4570,3663,20.0,4570,914.0,3656.0,3663,-7.0,-0.19,UPI,Online,Gurugram
ORD103561,2025-09-22,C1269,P131,File Folder V2,Office,1,5150,3339,10.0,5150,515.0,4635.0,3339,1296.0,27.96,Net Banking,Store,Lucknow
ORD103562,2025-04-22,C1190,P132,File Folder V3,Office,1,4410,2825,10.0,4410,441.0,3969.0,2825,1144.0,28.82,UPI,Online,Lucknow
ORD103563,2026-03-15,C1461,P169,Travel Pouch V1,Accessories,6,2560,1733,10.0,15360,1536.0,13824.0,10398,3426.0,24.78,UPI,Online,Mumbai
ORD103564,2025-04-17,C1246,P123,Office Chair V3,Office,3,4680,3454,5.0,14040,702.0,13338.0,10362,2976.0,22.31,UPI,Store,Prayagraj
ORD103565,2024-09-18,C1402,P175,Tea V1,Grocery,1,1390,900,10.0,1390,139.0,1251.0,900,351.0,28.06,Card,Store,Jaipur
ORD103566,2024-11-22,C1148,P164,Power Bank V2,Accessories,7,1150,849,15.0,8050,1207.5,6842.5,5943,899.5,13.15,UPI,Online,Delhi
ORD103567,2024-09-07,C1353,P135,Stapler V3,Office,1,7170,4632,0.0,7170,0.0,7170.0,4632,2538.0,35.4,Cash,Store,Varanasi
ORD103568,2024-04-22,C1220,P122,Office Chair V2,Office,3,4160,2937,10.0,12480,1248.0,11232.0,8811,2421.0,21.55,Cash,Store,Agra
ORD103569,2024-10-14,C1424,P141,Storage Box V3,Home,4,2200,1823,10.0,8800,880.0,7920.0,7292,628.0,7.93,Cash,Store,Prayagraj
ORD103570,2026-03-11,C1078,P136,Water Bottle V1,Home,2,1430,1182,10.0,2860,286.0,2574.0,2364,210.0,8.16,UPI,Store,Gurugram
ORD103571,2024-12-03,C1154,P158,Phone Case V2,Accessories,3,2660,1753,0.0,7980,0.0,7980.0,5259,2721.0,34.1,Card,Online,Kanpur
ORD103572,2025-11-24,C1381,P115,Bluetooth Speaker V1,Electronics,3,6930,4749,0.0,20790,0.0,20790.0,14247,6543.0,31.47,UPI,Online,Mumbai
ORD103573,2025-06-05,C1283,P135,Stapler V3,Office,2,7170,4632,5.0,14340,717.0,13623.0,9264,4359.0,32.0,Card,Store,Lucknow
ORD103574,2024-08-09,C1402,P151,Cleaning Kit V1,Home,3,2890,1977,5.0,8670,433.5,8236.5,5931,2305.5,27.99,UPI,Store,Jaipur
ORD103575,2025-06-05,C1396,P112,Webcam V1,Electronics,2,930,736,20.0,1860,372.0,1488.0,1472,16.0,1.08,UPI,Store,Lucknow
ORD103576,2026-03-24,C1205,P147,Cushion V3,Home,3,2180,1724,0.0,6540,0.0,6540.0,5172,1368.0,20.92,Cash,Store,Noida
ORD103577,2025-08-21,C1050,P140,Storage Box V2,Home,1,1780,1191,0.0,1780,0.0,1780.0,1191,589.0,33.09,Card,Online,Gurugram
ORD103578,2024-11-13,C1432,P178,Biscuits V1,Grocery,2,1460,1162,5.0,2920,146.0,2774.0,2324,450.0,16.22,UPI,Store,Mumbai
ORD103579,2025-05-29,C1143,P108,Headphones V3,Electronics,4,4890,3636,0.0,19560,0.0,19560.0,14544,5016.0,25.64,Card,Online,Gurugram
ORD103580,2026-01-01,C1157,P113,Webcam V2,Electronics,2,2640,1889,10.0,5280,528.0,4752.0,3778,974.0,20.5,Cash,Store,Agra
ORD103581,2024-05-23,C1140,P123,Office Chair V3,Office,4,4680,3454,0.0,18720,0.0,18720.0,13816,4904.0,26.2,UPI,Online,Gurugram
ORD103582,2024-04-06,C1209,P135,Stapler V3,Office,2,7170,4632,5.0,14340,717.0,13623.0,9264,4359.0,32.0,Cash,Online,Jaipur
ORD103583,2026-01-30,C1334,P151,Cleaning Kit V1,Home,1,2890,1977,10.0,2890,289.0,2601.0,1977,624.0,23.99,UPI,Store,Lucknow
ORD103584,2025-05-13,C1005,P160,Charging Cable V1,Accessories,1,3270,2329,5.0,3270,163.5,3106.5,2329,777.5,25.03,UPI,Online,Delhi
ORD103585,2025-04-19,C1061,P127,Printer Paper V1,Office,1,6100,4997,5.0,6100,305.0,5795.0,4997,798.0,13.77,Card,Online,Mumbai
ORD103586,2025-12-18,C1059,P157,Phone Case V1,Accessories,3,560,464,5.0,1680,84.0,1596.0,1392,204.0,12.78,Net Banking,Online,Delhi
ORD103587,2024-08-18,C1235,P143,Table Clock V2,Home,1,2900,2046,20.0,2900,580.0,2320.0,2046,274.0,11.81,Card,Online,Kanpur
ORD103588,2024-09-04,C1049,P153,Cleaning Kit V3,Home,4,2770,1726,0.0,11080,0.0,11080.0,6904,4176.0,37.69,UPI,Store,Lucknow
ORD103589,2024-05-27,C1188,P108,Headphones V3,Electronics,1,4890,3636,0.0,4890,0.0,4890.0,3636,1254.0,25.64,Cash,Online,Prayagraj
ORD103590,2025-04-09,C1227,P125,Desk Lamp V2,Office,2,4970,3317,10.0,9940,994.0,8946.0,6634,2312.0,25.84,Card,Phone,Prayagraj
ORD103591,2024-12-29,C1494,P108,Headphones V3,Electronics,2,4890,3636,5.0,9780,489.0,9291.0,7272,2019.0,21.73,UPI,Online,Noida
ORD103592,2026-01-20,C1293,P178,Biscuits V1,Grocery,3,1460,1162,10.0,4380,438.0,3942.0,3486,456.0,11.57,Card,Store,Gurugram
ORD103593,2024-02-16,C1371,P119,Notebook V2,Office,3,3040,2028,5.0,9120,456.0,8664.0,6084,2580.0,29.78,Card,Online,Lucknow
ORD103594,2025-04-13,C1037,P118,Notebook V1,Office,2,2820,2304,5.0,5640,282.0,5358.0,4608,750.0,14.0,Net Banking,Store,Lucknow
ORD103595,2026-03-20,C1050,P157,Phone Case V1,Accessories,1,560,464,20.0,560,112.0,448.0,464,-16.0,-3.57,Cash,Online,Gurugram
ORD103596,2024-12-10,C1172,P104,Keyboard V2,Electronics,2,820,576,5.0,1640,82.0,1558.0,1152,406.0,26.06,UPI,Online,Lucknow
ORD103597,2024-04-29,C1029,P147,Cushion V3,Home,4,2180,1724,0.0,8720,0.0,8720.0,6896,1824.0,20.92,Card,Online,Lucknow
ORD103598,2026-02-23,C1138,P170,Travel Pouch V2,Accessories,2,1850,1364,5.0,3700,185.0,3515.0,2728,787.0,22.39,Card,Online,Delhi
ORD103599,2025-05-30,C1061,P163,Power Bank V1,Accessories,2,510,428,15.0,1020,153.0,867.0,856,11.0,1.27,UPI,Online,Mumbai
ORD103600,2025-12-10,C1044,P146,Cushion V2,Home,5,3320,2419,5.0,16600,830.0,15770.0,12095,3675.0,23.3,Card,Online,Delhi
ORD103601,2024-06-24,C1008,P121,Office Chair V1,Office,3,6460,4606,10.0,19380,1938.0,17442.0,13818,3624.0,20.78,UPI,Online,Agra
ORD103602,2024-03-03,C1355,P124,Desk Lamp V1,Office,3,4350,2868,20.0,13050,2610.0,10440.0,8604,1836.0,17.59,UPI,Online,Noida
ORD103603,2025-04-17,C1000,P131,File Folder V2,Office,2,5150,3339,0.0,10300,0.0,10300.0,6678,3622.0,35.17,Card,Store,Varanasi
ORD103604,2024-02-28,C1200,P174,Coffee V3,Grocery,1,1420,1012,20.0,1420,284.0,1136.0,1012,124.0,10.92,UPI,Store,Lucknow
ORD103605,2025-09-06,C1162,P158,Phone Case V2,Accessories,4,2660,1753,5.0,10640,532.0,10108.0,7012,3096.0,30.63,Card,Store,Agra
ORD103606,2025-12-13,C1161,P132,File Folder V3,Office,6,4410,2825,5.0,26460,1323.0,25137.0,16950,8187.0,32.57,Card,Store,Jaipur
ORD103607,2024-10-09,C1050,P141,Storage Box V3,Home,1,2200,1823,10.0,2200,220.0,1980.0,1823,157.0,7.93,Card,Online,Gurugram
ORD103608,2025-08-30,C1381,P121,Office Chair V1,Office,1,6460,4606,5.0,6460,323.0,6137.0,4606,1531.0,24.95,Card,Online,Mumbai
ORD103609,2026-05-20,C1011,P126,Desk Lamp V3,Office,1,370,241,10.0,370,37.0,333.0,241,92.0,27.63,UPI,Store,Agra
ORD103610,2025-05-12,C1147,P135,Stapler V3,Office,8,7170,4632,0.0,57360,0.0,57360.0,37056,20304.0,35.4,Card,Phone,Lucknow
ORD103611,2024-07-13,C1170,P117,Bluetooth Speaker V3,Electronics,1,1400,967,0.0,1400,0.0,1400.0,967,433.0,30.93,UPI,Store,Agra
ORD103612,2024-01-19,C1189,P163,Power Bank V1,Accessories,1,510,428,10.0,510,51.0,459.0,428,31.0,6.75,Net Banking,Online,Kanpur
ORD103613,2024-08-13,C1230,P137,Water Bottle V2,Home,4,1800,1202,5.0,7200,360.0,6840.0,4808,2032.0,29.71,UPI,Online,Lucknow
ORD103614,2024-01-06,C1456,P135,Stapler V3,Office,4,7170,4632,0.0,28680,0.0,28680.0,18528,10152.0,35.4,UPI,Store,Agra
ORD103615,2025-08-25,C1066,P131,File Folder V2,Office,5,5150,3339,0.0,25750,0.0,25750.0,16695,9055.0,35.17,UPI,Store,Noida
ORD103616,2026-01-23,C1433,P163,Power Bank V1,Accessories,1,510,428,10.0,510,51.0,459.0,428,31.0,6.75,Cash,Online,Noida
ORD103617,2026-05-04,C1063,P117,Bluetooth Speaker V3,Electronics,5,1400,967,15.0,7000,1050.0,5950.0,4835,1115.0,18.74,Cash,Store,Noida
ORD103618,2024-02-09,C1080,P150,LED Bulb V3,Home,5,2960,2119,5.0,14800,740.0,14060.0,10595,3465.0,24.64,Net Banking,Store,Delhi
ORD103619,2024-03-17,C1496,P159,Phone Case V3,Accessories,2,1360,849,5.0,2720,136.0,2584.0,1698,886.0,34.29,UPI,Phone,Prayagraj
ORD103620,2025-02-28,C1462,P169,Travel Pouch V1,Accessories,5,2560,1733,10.0,12800,1280.0,11520.0,8665,2855.0,24.78,UPI,Store,Lucknow
ORD103621,2025-08-17,C1081,P123,Office Chair V3,Office,1,4680,3454,10.0,4680,468.0,4212.0,3454,758.0,18.0,Card,Online,Noida
ORD103622,2024-05-21,C1055,P111,USB Hub V3,Electronics,3,1850,1273,5.0,5550,277.5,5272.5,3819,1453.5,27.57,UPI,Online,Delhi
ORD103623,2025-08-09,C1223,P105,Keyboard V3,Electronics,2,4190,3534,15.0,8380,1257.0,7123.0,7068,55.0,0.77,UPI,Online,Prayagraj
ORD103624,2025-09-22,C1282,P130,File Folder V1,Office,1,3130,2238,0.0,3130,0.0,3130.0,2238,892.0,28.5,Card,Online,Varanasi
ORD103625,2025-11-29,C1275,P151,Cleaning Kit V1,Home,1,2890,1977,5.0,2890,144.5,2745.5,1977,768.5,27.99,UPI,Online,Gurugram
ORD103626,2024-07-04,C1071,P129,Printer Paper V3,Office,3,7700,4733,20.0,23100,4620.0,18480.0,14199,4281.0,23.17,Card,Store,Noida
ORD103627,2024-12-15,C1126,P140,Storage Box V2,Home,2,1780,1191,10.0,3560,356.0,3204.0,2382,822.0,25.66,Net Banking,Store,Gurugram
ORD103628,2024-07-11,C1144,P130,File Folder V1,Office,3,3130,2238,0.0,9390,0.0,9390.0,6714,2676.0,28.5,UPI,Store,Noida
ORD103629,2024-08-21,C1447,P171,Travel Pouch V3,Accessories,1,1430,1156,10.0,1430,143.0,1287.0,1156,131.0,10.18,UPI,Store,Jaipur
ORD103630,2025-06-27,C1355,P174,Coffee V3,Grocery,1,1420,1012,10.0,1420,142.0,1278.0,1012,266.0,20.81,UPI,Store,Noida
ORD103631,2026-06-21,C1456,P108,Headphones V3,Electronics,1,4890,3636,5.0,4890,244.5,4645.5,3636,1009.5,21.73,UPI,Online,Agra
ORD103632,2025-04-15,C1083,P105,Keyboard V3,Electronics,2,4190,3534,0.0,8380,0.0,8380.0,7068,1312.0,15.66,Cash,Store,Delhi
ORD103633,2024-09-05,C1149,P115,Bluetooth Speaker V1,Electronics,2,6930,4749,5.0,13860,693.0,13167.0,9498,3669.0,27.87,UPI,Store,Jaipur
ORD103634,2024-01-17,C1015,P100,Wireless Mouse V1,Electronics,2,3130,2246,10.0,6260,626.0,5634.0,4492,1142.0,20.27,Cash,Phone,Lucknow
ORD103635,2024-12-20,C1317,P112,Webcam V1,Electronics,1,930,736,0.0,930,0.0,930.0,736,194.0,20.86,UPI,Store,Delhi
ORD103636,2024-04-04,C1132,P125,Desk Lamp V2,Office,3,4970,3317,10.0,14910,1491.0,13419.0,9951,3468.0,25.84,UPI,Phone,Varanasi
ORD103637,2025-10-12,C1099,P119,Notebook V2,Office,2,3040,2028,10.0,6080,608.0,5472.0,4056,1416.0,25.88,Net Banking,Online,Delhi
ORD103638,2025-08-10,C1074,P151,Cleaning Kit V1,Home,2,2890,1977,10.0,5780,578.0,5202.0,3954,1248.0,23.99,UPI,Store,Agra
ORD103639,2025-12-12,C1036,P109,USB Hub V1,Electronics,3,1970,1209,0.0,5910,0.0,5910.0,3627,2283.0,38.63,Card,Online,Delhi
ORD103640,2025-10-22,C1475,P111,USB Hub V3,Electronics,2,1850,1273,15.0,3700,555.0,3145.0,2546,599.0,19.05,UPI,Online,Noida
ORD103641,2024-02-28,C1127,P148,LED Bulb V1,Home,1,1590,982,5.0,1590,79.5,1510.5,982,528.5,34.99,UPI,Online,Gurugram
ORD103642,2024-09-28,C1308,P118,Notebook V1,Office,1,2820,2304,15.0,2820,423.0,2397.0,2304,93.0,3.88,Card,Phone,Mumbai
ORD103643,2026-06-16,C1499,P101,Wireless Mouse V2,Electronics,1,2890,2270,15.0,2890,433.5,2456.5,2270,186.5,7.59,UPI,Online,Varanasi
ORD103644,2024-01-24,C1021,P102,Wireless Mouse V3,Electronics,1,3210,2684,0.0,3210,0.0,3210.0,2684,526.0,16.39,Card,Store,Varanasi
ORD103645,2026-05-22,C1237,P171,Travel Pouch V3,Accessories,1,1430,1156,15.0,1430,214.5,1215.5,1156,59.5,4.9,UPI,Store,Prayagraj
ORD103646,2024-03-24,C1338,P156,Laptop Bag V3,Accessories,2,1980,1255,5.0,3960,198.0,3762.0,2510,1252.0,33.28,UPI,Store,Lucknow
ORD103647,2024-12-10,C1467,P112,Webcam V1,Electronics,4,930,736,0.0,3720,0.0,3720.0,2944,776.0,20.86,UPI,Store,Kanpur
ORD103648,2024-02-27,C1393,P120,Notebook V3,Office,2,5080,3876,5.0,10160,508.0,9652.0,7752,1900.0,19.69,UPI,Store,Gurugram
ORD103649,2024-03-03,C1028,P147,Cushion V3,Home,2,2180,1724,10.0,4360,436.0,3924.0,3448,476.0,12.13,Card,Online,Lucknow
ORD103650,2024-06-20,C1339,P127,Printer Paper V1,Office,3,6100,4997,10.0,18300,1830.0,16470.0,14991,1479.0,8.98,UPI,Phone,Gurugram
ORD103651,2025-03-27,C1203,P139,Storage Box V1,Home,3,2100,1652,15.0,6300,945.0,5355.0,4956,399.0,7.45,UPI,Online,Mumbai
ORD103652,2025-09-07,C1431,P175,Tea V1,Grocery,2,1390,900,5.0,2780,139.0,2641.0,1800,841.0,31.84,UPI,Store,Noida
ORD103653,2024-04-03,C1171,P142,Table Clock V1,Home,3,2610,1876,10.0,7830,783.0,7047.0,5628,1419.0,20.14,Card,Store,Kanpur
ORD103654,2025-03-07,C1134,P144,Table Clock V3,Home,1,2960,2357,5.0,2960,148.0,2812.0,2357,455.0,16.18,Net Banking,Online,Agra
ORD103655,2025-10-19,C1405,P135,Stapler V3,Office,2,7170,4632,10.0,14340,1434.0,12906.0,9264,3642.0,28.22,UPI,Online,Agra
ORD103656,2025-11-16,C1091,P155,Laptop Bag V2,Accessories,1,2620,1779,5.0,2620,131.0,2489.0,1779,710.0,28.53,Cash,Store,Gurugram
ORD103657,2024-04-06,C1463,P141,Storage Box V3,Home,1,2200,1823,15.0,2200,330.0,1870.0,1823,47.0,2.51,UPI,Online,Varanasi
ORD103658,2025-05-07,C1260,P134,Stapler V2,Office,3,5250,3976,15.0,15750,2362.5,13387.5,11928,1459.5,10.9,Cash,Online,Prayagraj
ORD103659,2024-07-11,C1258,P119,Notebook V2,Office,2,3040,2028,10.0,6080,608.0,5472.0,4056,1416.0,25.88,UPI,Store,Kanpur
ORD103660,2025-04-25,C1023,P159,Phone Case V3,Accessories,4,1360,849,10.0,5440,544.0,4896.0,3396,1500.0,30.64,UPI,Online,Mumbai
ORD103661,2026-05-14,C1145,P127,Printer Paper V1,Office,2,6100,4997,0.0,12200,0.0,12200.0,9994,2206.0,18.08,Net Banking,Store,Mumbai
ORD103662,2024-07-17,C1326,P125,Desk Lamp V2,Office,1,4970,3317,5.0,4970,248.5,4721.5,3317,1404.5,29.75,Card,Online,Mumbai
ORD103663,2024-06-09,C1463,P159,Phone Case V3,Accessories,1,1360,849,5.0,1360,68.0,1292.0,849,443.0,34.29,Cash,Online,Varanasi
ORD103664,2026-01-30,C1408,P170,Travel Pouch V2,Accessories,1,1850,1364,20.0,1850,370.0,1480.0,1364,116.0,7.84,Cash,Phone,Gurugram
ORD103665,2024-07-03,C1360,P163,Power Bank V1,Accessories,1,510,428,5.0,510,25.5,484.5,428,56.5,11.66,Net Banking,Online,Lucknow
ORD103666,2024-04-19,C1052,P145,Cushion V1,Home,3,920,592,10.0,2760,276.0,2484.0,1776,708.0,28.5,Card,Store,Kanpur
ORD103667,2025-02-03,C1329,P146,Cushion V2,Home,3,3320,2419,10.0,9960,996.0,8964.0,7257,1707.0,19.04,UPI,Online,Prayagraj
ORD103668,2024-06-18,C1188,P131,File Folder V2,Office,3,5150,3339,5.0,15450,772.5,14677.5,10017,4660.5,31.75,UPI,Online,Prayagraj
ORD103669,2026-01-09,C1268,P113,Webcam V2,Electronics,4,2640,1889,5.0,10560,528.0,10032.0,7556,2476.0,24.68,UPI,Store,Noida
ORD103670,2026-06-26,C1161,P113,Webcam V2,Electronics,2,2640,1889,0.0,5280,0.0,5280.0,3778,1502.0,28.45,UPI,Phone,Jaipur
ORD103671,2024-05-18,C1266,P115,Bluetooth Speaker V1,Electronics,1,6930,4749,15.0,6930,1039.5,5890.5,4749,1141.5,19.38,Card,Store,Delhi
ORD103672,2024-02-29,C1018,P158,Phone Case V2,Accessories,2,2660,1753,15.0,5320,798.0,4522.0,3506,1016.0,22.47,UPI,Store,Prayagraj
ORD103673,2025-12-06,C1118,P162,Charging Cable V3,Accessories,1,3240,2132,10.0,3240,324.0,2916.0,2132,784.0,26.89,UPI,Online,Lucknow
ORD103674,2025-03-05,C1007,P105,Keyboard V3,Electronics,3,4190,3534,10.0,12570,1257.0,11313.0,10602,711.0,6.28,Net Banking,Phone,Mumbai
ORD103675,2025-09-10,C1160,P101,Wireless Mouse V2,Electronics,2,2890,2270,10.0,5780,578.0,5202.0,4540,662.0,12.73,UPI,Online,Gurugram
ORD103676,2024-12-14,C1193,P119,Notebook V2,Office,3,3040,2028,5.0,9120,456.0,8664.0,6084,2580.0,29.78,UPI,Online,Delhi
ORD103677,2024-12-23,C1384,P126,Desk Lamp V3,Office,1,370,241,15.0,370,55.5,314.5,241,73.5,23.37,Card,Store,Noida
ORD103678,2024-02-20,C1055,P172,Coffee V1,Grocery,2,660,526,5.0,1320,66.0,1254.0,1052,202.0,16.11,Cash,Online,Delhi
ORD103679,2024-11-18,C1240,P128,Printer Paper V2,Office,4,2840,2176,10.0,11360,1136.0,10224.0,8704,1520.0,14.87,UPI,Online,Kanpur
ORD103680,2026-05-12,C1168,P140,Storage Box V2,Home,3,1780,1191,0.0,5340,0.0,5340.0,3573,1767.0,33.09,Card,Online,Lucknow
ORD103681,2025-03-26,C1474,P152,Cleaning Kit V2,Home,2,3090,2318,10.0,6180,618.0,5562.0,4636,926.0,16.65,Card,Online,Varanasi
ORD103682,2024-07-08,C1482,P131,File Folder V2,Office,1,5150,3339,5.0,5150,257.5,4892.5,3339,1553.5,31.75,Card,Store,Agra
ORD103683,2025-04-30,C1330,P157,Phone Case V1,Accessories,2,560,464,15.0,1120,168.0,952.0,928,24.0,2.52,Card,Store,Prayagraj
ORD103684,2024-04-02,C1296,P162,Charging Cable V3,Accessories,1,3240,2132,10.0,3240,324.0,2916.0,2132,784.0,26.89,UPI,Online,Lucknow
ORD103685,2025-01-09,C1426,P166,Desk Mat V1,Accessories,5,3330,2082,15.0,16650,2497.5,14152.5,10410,3742.5,26.44,UPI,Online,Mumbai
ORD103686,2025-12-10,C1135,P176,Tea V2,Grocery,2,920,750,10.0,1840,184.0,1656.0,1500,156.0,9.42,Card,Store,Agra
ORD103687,2025-07-27,C1012,P157,Phone Case V1,Accessories,6,560,464,5.0,3360,168.0,3192.0,2784,408.0,12.78,Cash,Online,Kanpur
ORD103688,2025-01-16,C1113,P158,Phone Case V2,Accessories,3,2660,1753,10.0,7980,798.0,7182.0,5259,1923.0,26.78,Card,Store,Agra
ORD103689,2024-10-23,C1373,P122,Office Chair V2,Office,2,4160,2937,10.0,8320,832.0,7488.0,5874,1614.0,21.55,UPI,Store,Gurugram
ORD103690,2024-04-02,C1432,P145,Cushion V1,Home,3,920,592,5.0,2760,138.0,2622.0,1776,846.0,32.27,UPI,Store,Mumbai
ORD103691,2024-07-30,C1438,P100,Wireless Mouse V1,Electronics,1,3130,2246,5.0,3130,156.5,2973.5,2246,727.5,24.47,Cash,Store,Kanpur
ORD103692,2024-03-05,C1202,P132,File Folder V3,Office,3,4410,2825,5.0,13230,661.5,12568.5,8475,4093.5,32.57,Card,Online,Prayagraj
ORD103693,2025-01-07,C1459,P176,Tea V2,Grocery,1,920,750,20.0,920,184.0,736.0,750,-14.0,-1.9,Card,Online,Agra
ORD103694,2025-06-02,C1139,P113,Webcam V2,Electronics,2,2640,1889,5.0,5280,264.0,5016.0,3778,1238.0,24.68,Card,Store,Kanpur
ORD103695,2024-01-18,C1429,P143,Table Clock V2,Home,1,2900,2046,5.0,2900,145.0,2755.0,2046,709.0,25.74,UPI,Store,Delhi
ORD103696,2026-05-17,C1083,P151,Cleaning Kit V1,Home,3,2890,1977,5.0,8670,433.5,8236.5,5931,2305.5,27.99,UPI,Phone,Delhi
ORD103697,2025-09-16,C1375,P132,File Folder V3,Office,5,4410,2825,0.0,22050,0.0,22050.0,14125,7925.0,35.94,UPI,Online,Prayagraj
ORD103698,2025-09-27,C1469,P124,Desk Lamp V1,Office,4,4350,2868,10.0,17400,1740.0,15660.0,11472,4188.0,26.74,Net Banking,Online,Mumbai
ORD103699,2024-05-25,C1413,P136,Water Bottle V1,Home,3,1430,1182,5.0,4290,214.5,4075.5,3546,529.5,12.99,Card,Online,Delhi
ORD103700,2025-06-18,C1001,P128,Printer Paper V2,Office,2,2840,2176,10.0,5680,568.0,5112.0,4352,760.0,14.87,UPI,Store,Mumbai
ORD103701,2024-02-04,C1296,P154,Laptop Bag V1,Accessories,1,3580,2326,5.0,3580,179.0,3401.0,2326,1075.0,31.61,UPI,Online,Lucknow
ORD103702,2026-04-19,C1160,P135,Stapler V3,Office,2,7170,4632,10.0,14340,1434.0,12906.0,9264,3642.0,28.22,Card,Store,Gurugram
ORD103703,2024-03-14,C1324,P130,File Folder V1,Office,5,3130,2238,0.0,15650,0.0,15650.0,11190,4460.0,28.5,UPI,Online,Prayagraj
ORD103704,2026-05-04,C1118,P152,Cleaning Kit V2,Home,1,3090,2318,15.0,3090,463.5,2626.5,2318,308.5,11.75,Cash,Online,Lucknow
ORD103705,2026-03-31,C1049,P128,Printer Paper V2,Office,4,2840,2176,15.0,11360,1704.0,9656.0,8704,952.0,9.86,Net Banking,Online,Lucknow
ORD103706,2024-07-03,C1153,P110,USB Hub V2,Electronics,2,980,657,0.0,1960,0.0,1960.0,1314,646.0,32.96,UPI,Store,Agra
ORD103707,2025-12-02,C1154,P125,Desk Lamp V2,Office,2,4970,3317,0.0,9940,0.0,9940.0,6634,3306.0,33.26,Cash,Store,Kanpur
ORD103708,2025-03-18,C1462,P172,Coffee V1,Grocery,1,660,526,15.0,660,99.0,561.0,526,35.0,6.24,UPI,Store,Lucknow
ORD103709,2025-08-26,C1325,P157,Phone Case V1,Accessories,4,560,464,5.0,2240,112.0,2128.0,1856,272.0,12.78,Card,Store,Prayagraj
ORD103710,2025-07-28,C1267,P116,Bluetooth Speaker V2,Electronics,1,4810,3714,5.0,4810,240.5,4569.5,3714,855.5,18.72,Cash,Online,Lucknow
ORD103711,2025-03-17,C1304,P149,LED Bulb V2,Home,2,1290,1029,5.0,2580,129.0,2451.0,2058,393.0,16.03,Card,Online,Prayagraj
ORD103712,2025-02-28,C1312,P149,LED Bulb V2,Home,6,1290,1029,0.0,7740,0.0,7740.0,6174,1566.0,20.23,Net Banking,Online,Lucknow
ORD103713,2026-03-23,C1292,P120,Notebook V3,Office,2,5080,3876,10.0,10160,1016.0,9144.0,7752,1392.0,15.22,Card,Online,Gurugram
ORD103714,2024-09-27,C1229,P155,Laptop Bag V2,Accessories,1,2620,1779,10.0,2620,262.0,2358.0,1779,579.0,24.55,Card,Online,Delhi
ORD103715,2025-02-13,C1033,P171,Travel Pouch V3,Accessories,2,1430,1156,5.0,2860,143.0,2717.0,2312,405.0,14.91,Cash,Online,Jaipur
ORD103716,2025-07-19,C1158,P137,Water Bottle V2,Home,2,1800,1202,5.0,3600,180.0,3420.0,2404,1016.0,29.71,Card,Store,Jaipur
ORD103717,2026-01-20,C1433,P114,Webcam V3,Electronics,1,3680,2607,10.0,3680,368.0,3312.0,2607,705.0,21.29,UPI,Phone,Noida
ORD103718,2025-06-28,C1497,P148,LED Bulb V1,Home,3,1590,982,0.0,4770,0.0,4770.0,2946,1824.0,38.24,UPI,Online,Lucknow
ORD103719,2026-05-26,C1209,P128,Printer Paper V2,Office,1,2840,2176,5.0,2840,142.0,2698.0,2176,522.0,19.35,UPI,Store,Jaipur
ORD103720,2026-04-05,C1158,P110,USB Hub V2,Electronics,1,980,657,10.0,980,98.0,882.0,657,225.0,25.51,UPI,Store,Jaipur
ORD103721,2025-10-20,C1379,P159,Phone Case V3,Accessories,5,1360,849,10.0,6800,680.0,6120.0,4245,1875.0,30.64,UPI,Store,Kanpur
ORD103722,2025-09-01,C1247,P111,USB Hub V3,Electronics,2,1850,1273,5.0,3700,185.0,3515.0,2546,969.0,27.57,UPI,Online,Kanpur
ORD103723,2025-03-04,C1034,P176,Tea V2,Grocery,1,920,750,0.0,920,0.0,920.0,750,170.0,18.48,UPI,Online,Jaipur
ORD103724,2025-04-14,C1265,P118,Notebook V1,Office,3,2820,2304,10.0,8460,846.0,7614.0,6912,702.0,9.22,UPI,Store,Kanpur
ORD103725,2024-05-06,C1027,P100,Wireless Mouse V1,Electronics,2,3130,2246,15.0,6260,939.0,5321.0,4492,829.0,15.58,UPI,Online,Jaipur
ORD103726,2025-03-10,C1387,P140,Storage Box V2,Home,2,1780,1191,10.0,3560,356.0,3204.0,2382,822.0,25.66,UPI,Online,Agra
ORD103727,2025-01-31,C1318,P110,USB Hub V2,Electronics,1,980,657,20.0,980,196.0,784.0,657,127.0,16.2,Cash,Store,Gurugram
ORD103728,2026-03-17,C1347,P127,Printer Paper V1,Office,1,6100,4997,5.0,6100,305.0,5795.0,4997,798.0,13.77,Cash,Store,Jaipur
ORD103729,2025-03-27,C1174,P174,Coffee V3,Grocery,1,1420,1012,10.0,1420,142.0,1278.0,1012,266.0,20.81,UPI,Store,Varanasi
ORD103730,2026-01-15,C1382,P142,Table Clock V1,Home,2,2610,1876,10.0,5220,522.0,4698.0,3752,946.0,20.14,Card,Store,Delhi
ORD103731,2024-05-03,C1015,P113,Webcam V2,Electronics,2,2640,1889,0.0,5280,0.0,5280.0,3778,1502.0,28.45,UPI,Online,Lucknow
ORD103732,2024-05-31,C1457,P158,Phone Case V2,Accessories,1,2660,1753,10.0,2660,266.0,2394.0,1753,641.0,26.78,Card,Phone,Prayagraj
ORD103733,2026-04-08,C1291,P171,Travel Pouch V3,Accessories,1,1430,1156,0.0,1430,0.0,1430.0,1156,274.0,19.16,Card,Store,Noida
ORD103734,2024-05-24,C1441,P121,Office Chair V1,Office,4,6460,4606,15.0,25840,3876.0,21964.0,18424,3540.0,16.12,Card,Online,Agra
ORD103735,2024-02-23,C1438,P161,Charging Cable V2,Accessories,1,2440,1541,0.0,2440,0.0,2440.0,1541,899.0,36.84,UPI,Store,Kanpur
ORD103736,2024-02-11,C1442,P169,Travel Pouch V1,Accessories,4,2560,1733,20.0,10240,2048.0,8192.0,6932,1260.0,15.38,UPI,Online,Delhi
ORD103737,2025-01-22,C1063,P147,Cushion V3,Home,2,2180,1724,10.0,4360,436.0,3924.0,3448,476.0,12.13,UPI,Store,Noida
ORD103738,2024-02-09,C1314,P144,Table Clock V3,Home,3,2960,2357,0.0,8880,0.0,8880.0,7071,1809.0,20.37,Card,Store,Lucknow
ORD103739,2026-01-13,C1380,P142,Table Clock V1,Home,3,2610,1876,15.0,7830,1174.5,6655.5,5628,1027.5,15.44,UPI,Online,Kanpur
ORD103740,2024-02-28,C1345,P144,Table Clock V3,Home,3,2960,2357,15.0,8880,1332.0,7548.0,7071,477.0,6.32,UPI,Store,Delhi
ORD103741,2024-06-07,C1011,P144,Table Clock V3,Home,4,2960,2357,5.0,11840,592.0,11248.0,9428,1820.0,16.18,Cash,Store,Agra
ORD103742,2024-03-12,C1234,P148,LED Bulb V1,Home,2,1590,982,5.0,3180,159.0,3021.0,1964,1057.0,34.99,UPI,Online,Kanpur
ORD103743,2025-02-11,C1239,P113,Webcam V2,Electronics,2,2640,1889,0.0,5280,0.0,5280.0,3778,1502.0,28.45,UPI,Phone,Prayagraj
ORD103744,2024-09-23,C1296,P148,LED Bulb V1,Home,1,1590,982,5.0,1590,79.5,1510.5,982,528.5,34.99,Net Banking,Store,Lucknow
ORD103745,2025-02-18,C1122,P173,Coffee V2,Grocery,1,930,610,15.0,930,139.5,790.5,610,180.5,22.83,Cash,Store,Agra
ORD103746,2025-07-10,C1361,P125,Desk Lamp V2,Office,3,4970,3317,0.0,14910,0.0,14910.0,9951,4959.0,33.26,Net Banking,Store,Mumbai
ORD103747,2025-09-19,C1348,P129,Printer Paper V3,Office,1,7700,4733,10.0,7700,770.0,6930.0,4733,2197.0,31.7,Net Banking,Store,Varanasi
ORD103748,2026-04-17,C1137,P143,Table Clock V2,Home,3,2900,2046,10.0,8700,870.0,7830.0,6138,1692.0,21.61,Net Banking,Store,Mumbai
ORD103749,2024-02-09,C1066,P161,Charging Cable V2,Accessories,2,2440,1541,10.0,4880,488.0,4392.0,3082,1310.0,29.83,Cash,Online,Noida
ORD103750,2025-05-06,C1050,P138,Water Bottle V3,Home,3,2890,1947,10.0,8670,867.0,7803.0,5841,1962.0,25.14,UPI,Online,Gurugram
ORD103751,2025-01-02,C1249,P108,Headphones V3,Electronics,1,4890,3636,15.0,4890,733.5,4156.5,3636,520.5,12.52,Card,Online,Kanpur
ORD103752,2026-05-08,C1492,P101,Wireless Mouse V2,Electronics,1,2890,2270,10.0,2890,289.0,2601.0,2270,331.0,12.73,UPI,Online,Agra
ORD103753,2025-08-09,C1025,P105,Keyboard V3,Electronics,1,4190,3534,0.0,4190,0.0,4190.0,3534,656.0,15.66,UPI,Online,Gurugram
ORD103754,2024-09-15,C1444,P172,Coffee V1,Grocery,2,660,526,10.0,1320,132.0,1188.0,1052,136.0,11.45,UPI,Online,Jaipur
ORD103755,2024-02-11,C1366,P167,Desk Mat V2,Accessories,1,3170,2059,15.0,3170,475.5,2694.5,2059,635.5,23.59,UPI,Online,Mumbai
ORD103756,2024-05-28,C1441,P129,Printer Paper V3,Office,2,7700,4733,0.0,15400,0.0,15400.0,9466,5934.0,38.53,Card,Store,Agra
ORD103757,2024-04-28,C1073,P108,Headphones V3,Electronics,1,4890,3636,0.0,4890,0.0,4890.0,3636,1254.0,25.64,Card,Online,Mumbai
ORD103758,2025-09-05,C1481,P156,Laptop Bag V3,Accessories,2,1980,1255,20.0,3960,792.0,3168.0,2510,658.0,20.77,Card,Online,Lucknow
ORD103759,2024-01-12,C1207,P176,Tea V2,Grocery,4,920,750,10.0,3680,368.0,3312.0,3000,312.0,9.42,UPI,Phone,Agra
ORD103760,2024-04-27,C1135,P158,Phone Case V2,Accessories,2,2660,1753,0.0,5320,0.0,5320.0,3506,1814.0,34.1,UPI,Online,Agra
ORD103761,2024-04-19,C1284,P101,Wireless Mouse V2,Electronics,1,2890,2270,5.0,2890,144.5,2745.5,2270,475.5,17.32,Card,Store,Kanpur
ORD103762,2025-12-11,C1017,P169,Travel Pouch V1,Accessories,2,2560,1733,5.0,5120,256.0,4864.0,3466,1398.0,28.74,Card,Online,Lucknow
ORD103763,2024-06-10,C1149,P162,Charging Cable V3,Accessories,1,3240,2132,15.0,3240,486.0,2754.0,2132,622.0,22.59,Cash,Store,Jaipur
ORD103764,2025-01-09,C1024,P112,Webcam V1,Electronics,3,930,736,15.0,2790,418.5,2371.5,2208,163.5,6.89,Cash,Online,Mumbai
ORD103765,2026-03-30,C1211,P104,Keyboard V2,Electronics,4,820,576,15.0,3280,492.0,2788.0,2304,484.0,17.36,UPI,Online,Kanpur
ORD103766,2024-11-25,C1407,P133,Stapler V1,Office,2,6390,4143,10.0,12780,1278.0,11502.0,8286,3216.0,27.96,UPI,Store,Gurugram
ORD103767,2024-11-28,C1376,P153,Cleaning Kit V3,Home,2,2770,1726,20.0,5540,1108.0,4432.0,3452,980.0,22.11,UPI,Phone,Varanasi
ORD103768,2024-07-19,C1358,P141,Storage Box V3,Home,2,2200,1823,5.0,4400,220.0,4180.0,3646,534.0,12.78,UPI,Online,Prayagraj
ORD103769,2025-01-01,C1024,P102,Wireless Mouse V3,Electronics,3,3210,2684,10.0,9630,963.0,8667.0,8052,615.0,7.1,Card,Online,Mumbai
ORD103770,2026-03-13,C1238,P107,Headphones V2,Electronics,4,3120,2535,10.0,12480,1248.0,11232.0,10140,1092.0,9.72,UPI,Phone,Noida
ORD103771,2024-06-05,C1087,P140,Storage Box V2,Home,2,1780,1191,0.0,3560,0.0,3560.0,2382,1178.0,33.09,UPI,Store,Lucknow
ORD103772,2024-02-24,C1140,P173,Coffee V2,Grocery,4,930,610,15.0,3720,558.0,3162.0,2440,722.0,22.83,Cash,Online,Gurugram
ORD103773,2025-11-09,C1467,P110,USB Hub V2,Electronics,4,980,657,10.0,3920,392.0,3528.0,2628,900.0,25.51,Cash,Store,Kanpur
ORD103774,2026-02-16,C1261,P130,File Folder V1,Office,4,3130,2238,10.0,12520,1252.0,11268.0,8952,2316.0,20.55,Net Banking,Online,Kanpur
ORD103775,2026-04-08,C1076,P154,Laptop Bag V1,Accessories,2,3580,2326,0.0,7160,0.0,7160.0,4652,2508.0,35.03,Cash,Store,Kanpur
ORD103776,2025-11-09,C1129,P113,Webcam V2,Electronics,2,2640,1889,0.0,5280,0.0,5280.0,3778,1502.0,28.45,Cash,Online,Prayagraj
ORD103777,2024-12-15,C1146,P178,Biscuits V1,Grocery,2,1460,1162,10.0,2920,292.0,2628.0,2324,304.0,11.57,Card,Store,Delhi
ORD103778,2025-10-21,C1192,P102,Wireless Mouse V3,Electronics,2,3210,2684,15.0,6420,963.0,5457.0,5368,89.0,1.63,Cash,Store,Agra
ORD103779,2024-08-23,C1313,P172,Coffee V1,Grocery,1,660,526,10.0,660,66.0,594.0,526,68.0,11.45,Net Banking,Online,Jaipur
ORD103780,2024-01-22,C1306,P110,USB Hub V2,Electronics,1,980,657,10.0,980,98.0,882.0,657,225.0,25.51,Card,Online,Lucknow
ORD103781,2025-01-23,C1038,P157,Phone Case V1,Accessories,1,560,464,15.0,560,84.0,476.0,464,12.0,2.52,Net Banking,Store,Varanasi
ORD103782,2025-12-11,C1173,P157,Phone Case V1,Accessories,4,560,464,0.0,2240,0.0,2240.0,1856,384.0,17.14,UPI,Online,Delhi
ORD103783,2024-02-17,C1160,P178,Biscuits V1,Grocery,4,1460,1162,10.0,5840,584.0,5256.0,4648,608.0,11.57,Card,Store,Gurugram
ORD103784,2025-12-07,C1266,P119,Notebook V2,Office,4,3040,2028,0.0,12160,0.0,12160.0,8112,4048.0,33.29,Cash,Online,Delhi
ORD103785,2025-06-23,C1038,P165,Power Bank V3,Accessories,1,1990,1688,15.0,1990,298.5,1691.5,1688,3.5,0.21,Card,Online,Varanasi
ORD103786,2025-03-20,C1460,P149,LED Bulb V2,Home,1,1290,1029,15.0,1290,193.5,1096.5,1029,67.5,6.16,UPI,Online,Prayagraj
ORD103787,2024-05-15,C1249,P147,Cushion V3,Home,3,2180,1724,0.0,6540,0.0,6540.0,5172,1368.0,20.92,Card,Online,Kanpur
ORD103788,2025-02-08,C1095,P129,Printer Paper V3,Office,1,7700,4733,5.0,7700,385.0,7315.0,4733,2582.0,35.3,Card,Store,Agra
ORD103789,2025-01-07,C1038,P100,Wireless Mouse V1,Electronics,1,3130,2246,0.0,3130,0.0,3130.0,2246,884.0,28.24,Card,Online,Varanasi
ORD103790,2024-11-12,C1434,P135,Stapler V3,Office,3,7170,4632,5.0,21510,1075.5,20434.5,13896,6538.5,32.0,Net Banking,Store,Kanpur
ORD103791,2025-06-06,C1390,P176,Tea V2,Grocery,1,920,750,15.0,920,138.0,782.0,750,32.0,4.09,UPI,Online,Varanasi
ORD103792,2024-10-09,C1390,P164,Power Bank V2,Accessories,2,1150,849,5.0,2300,115.0,2185.0,1698,487.0,22.29,Card,Store,Varanasi
ORD103793,2025-10-09,C1489,P115,Bluetooth Speaker V1,Electronics,3,6930,4749,10.0,20790,2079.0,18711.0,14247,4464.0,23.86,UPI,Store,Lucknow
ORD103794,2024-03-06,C1118,P177,Tea V3,Grocery,6,540,388,10.0,3240,324.0,2916.0,2328,588.0,20.16,Card,Online,Lucknow
ORD103795,2025-03-13,C1010,P168,Desk Mat V3,Accessories,2,2910,2229,0.0,5820,0.0,5820.0,4458,1362.0,23.4,UPI,Store,Kanpur
ORD103796,2025-12-18,C1357,P128,Printer Paper V2,Office,1,2840,2176,5.0,2840,142.0,2698.0,2176,522.0,19.35,Cash,Online,Kanpur
ORD103797,2025-05-25,C1108,P171,Travel Pouch V3,Accessories,6,1430,1156,0.0,8580,0.0,8580.0,6936,1644.0,19.16,UPI,Online,Lucknow
ORD103798,2024-02-26,C1408,P165,Power Bank V3,Accessories,6,1990,1688,0.0,11940,0.0,11940.0,10128,1812.0,15.18,UPI,Store,Gurugram
ORD103799,2025-01-21,C1165,P157,Phone Case V1,Accessories,2,560,464,10.0,1120,112.0,1008.0,928,80.0,7.94,Card,Online,Delhi
ORD103800,2025-07-01,C1238,P167,Desk Mat V2,Accessories,3,3170,2059,0.0,9510,0.0,9510.0,6177,3333.0,35.05,Card,Store,Noida
ORD103801,2024-09-12,C1300,P157,Phone Case V1,Accessories,4,560,464,15.0,2240,336.0,1904.0,1856,48.0,2.52,Net Banking,Phone,Noida
ORD103802,2026-05-25,C1408,P173,Coffee V2,Grocery,1,930,610,15.0,930,139.5,790.5,610,180.5,22.83,Card,Online,Gurugram
ORD103803,2025-07-06,C1433,P122,Office Chair V2,Office,2,4160,2937,5.0,8320,416.0,7904.0,5874,2030.0,25.68,Card,Phone,Noida
ORD103804,2024-09-14,C1061,P141,Storage Box V3,Home,3,2200,1823,10.0,6600,660.0,5940.0,5469,471.0,7.93,Card,Store,Mumbai
ORD103805,2025-08-10,C1241,P131,File Folder V2,Office,1,5150,3339,0.0,5150,0.0,5150.0,3339,1811.0,35.17,Net Banking,Online,Jaipur
ORD103806,2025-05-20,C1448,P119,Notebook V2,Office,1,3040,2028,10.0,3040,304.0,2736.0,2028,708.0,25.88,Card,Store,Agra
ORD103807,2024-05-06,C1472,P128,Printer Paper V2,Office,4,2840,2176,20.0,11360,2272.0,9088.0,8704,384.0,4.23,UPI,Online,Noida
ORD103808,2025-03-23,C1296,P107,Headphones V2,Electronics,4,3120,2535,5.0,12480,624.0,11856.0,10140,1716.0,14.47,UPI,Online,Lucknow
ORD103809,2026-06-22,C1412,P143,Table Clock V2,Home,2,2900,2046,0.0,5800,0.0,5800.0,4092,1708.0,29.45,Card,Phone,Prayagraj
ORD103810,2024-11-19,C1004,P104,Keyboard V2,Electronics,2,820,576,0.0,1640,0.0,1640.0,1152,488.0,29.76,UPI,Online,Gurugram
ORD103811,2026-04-17,C1479,P107,Headphones V2,Electronics,1,3120,2535,0.0,3120,0.0,3120.0,2535,585.0,18.75,Card,Store,Varanasi
ORD103812,2024-01-30,C1387,P144,Table Clock V3,Home,1,2960,2357,0.0,2960,0.0,2960.0,2357,603.0,20.37,Net Banking,Store,Agra
ORD103813,2024-05-20,C1221,P125,Desk Lamp V2,Office,1,4970,3317,0.0,4970,0.0,4970.0,3317,1653.0,33.26,UPI,Store,Gurugram
ORD103814,2024-01-09,C1383,P136,Water Bottle V1,Home,1,1430,1182,0.0,1430,0.0,1430.0,1182,248.0,17.34,UPI,Online,Jaipur
ORD103815,2024-01-17,C1040,P144,Table Clock V3,Home,3,2960,2357,0.0,8880,0.0,8880.0,7071,1809.0,20.37,Card,Online,Lucknow
ORD103816,2026-03-28,C1356,P169,Travel Pouch V1,Accessories,5,2560,1733,15.0,12800,1920.0,10880.0,8665,2215.0,20.36,UPI,Store,Gurugram
ORD103817,2025-01-31,C1231,P142,Table Clock V1,Home,1,2610,1876,10.0,2610,261.0,2349.0,1876,473.0,20.14,UPI,Phone,Gurugram
ORD103818,2024-04-10,C1280,P115,Bluetooth Speaker V1,Electronics,4,6930,4749,5.0,27720,1386.0,26334.0,18996,7338.0,27.87,Card,Online,Noida
ORD103819,2024-09-26,C1277,P130,File Folder V1,Office,2,3130,2238,5.0,6260,313.0,5947.0,4476,1471.0,24.74,UPI,Store,Mumbai
ORD103820,2026-06-01,C1052,P156,Laptop Bag V3,Accessories,1,1980,1255,10.0,1980,198.0,1782.0,1255,527.0,29.57,UPI,Online,Kanpur
ORD103821,2024-12-31,C1144,P179,Biscuits V2,Grocery,1,1150,889,0.0,1150,0.0,1150.0,889,261.0,22.7,Card,Phone,Noida
ORD103822,2026-02-27,C1178,P123,Office Chair V3,Office,1,4680,3454,10.0,4680,468.0,4212.0,3454,758.0,18.0,Net Banking,Store,Varanasi
ORD103823,2024-06-10,C1130,P138,Water Bottle V3,Home,1,2890,1947,5.0,2890,144.5,2745.5,1947,798.5,29.08,Net Banking,Store,Prayagraj
ORD103824,2024-11-04,C1136,P100,Wireless Mouse V1,Electronics,3,3130,2246,5.0,9390,469.5,8920.5,6738,2182.5,24.47,UPI,Phone,Delhi
ORD103825,2024-09-24,C1217,P144,Table Clock V3,Home,1,2960,2357,10.0,2960,296.0,2664.0,2357,307.0,11.52,UPI,Online,Agra
ORD103826,2025-12-18,C1083,P126,Desk Lamp V3,Office,7,370,241,5.0,2590,129.5,2460.5,1687,773.5,31.44,Cash,Store,Delhi
ORD103827,2025-12-29,C1413,P105,Keyboard V3,Electronics,1,4190,3534,10.0,4190,419.0,3771.0,3534,237.0,6.28,Card,Online,Delhi
ORD103828,2025-01-13,C1350,P135,Stapler V3,Office,4,7170,4632,5.0,28680,1434.0,27246.0,18528,8718.0,32.0,Cash,Store,Noida
ORD103829,2024-05-09,C1330,P107,Headphones V2,Electronics,1,3120,2535,10.0,3120,312.0,2808.0,2535,273.0,9.72,UPI,Store,Prayagraj
ORD103830,2026-04-10,C1121,P125,Desk Lamp V2,Office,3,4970,3317,10.0,14910,1491.0,13419.0,9951,3468.0,25.84,Net Banking,Online,Lucknow
ORD103831,2026-02-14,C1226,P162,Charging Cable V3,Accessories,1,3240,2132,5.0,3240,162.0,3078.0,2132,946.0,30.73,Card,Store,Gurugram
ORD103832,2025-10-15,C1331,P107,Headphones V2,Electronics,4,3120,2535,5.0,12480,624.0,11856.0,10140,1716.0,14.47,Cash,Phone,Kanpur
ORD103833,2025-02-07,C1313,P142,Table Clock V1,Home,1,2610,1876,0.0,2610,0.0,2610.0,1876,734.0,28.12,UPI,Online,Jaipur
ORD103834,2025-05-17,C1286,P137,Water Bottle V2,Home,3,1800,1202,10.0,5400,540.0,4860.0,3606,1254.0,25.8,Card,Online,Jaipur
ORD103835,2025-05-21,C1264,P175,Tea V1,Grocery,2,1390,900,5.0,2780,139.0,2641.0,1800,841.0,31.84,Card,Online,Gurugram
ORD103836,2024-02-04,C1058,P164,Power Bank V2,Accessories,1,1150,849,10.0,1150,115.0,1035.0,849,186.0,17.97,UPI,Store,Noida
ORD103837,2024-04-05,C1169,P129,Printer Paper V3,Office,2,7700,4733,0.0,15400,0.0,15400.0,9466,5934.0,38.53,Card,Online,Agra
ORD103838,2025-03-22,C1309,P150,LED Bulb V3,Home,2,2960,2119,10.0,5920,592.0,5328.0,4238,1090.0,20.46,UPI,Online,Prayagraj
ORD103839,2024-09-04,C1263,P154,Laptop Bag V1,Accessories,2,3580,2326,10.0,7160,716.0,6444.0,4652,1792.0,27.81,Net Banking,Online,Gurugram
ORD103840,2025-12-04,C1291,P175,Tea V1,Grocery,2,1390,900,5.0,2780,139.0,2641.0,1800,841.0,31.84,Net Banking,Online,Noida
ORD103841,2024-09-09,C1382,P157,Phone Case V1,Accessories,2,560,464,10.0,1120,112.0,1008.0,928,80.0,7.94,UPI,Online,Delhi
ORD103842,2026-05-22,C1008,P165,Power Bank V3,Accessories,3,1990,1688,5.0,5970,298.5,5671.5,5064,607.5,10.71,Net Banking,Online,Agra
ORD103843,2026-05-09,C1194,P161,Charging Cable V2,Accessories,1,2440,1541,10.0,2440,244.0,2196.0,1541,655.0,29.83,Cash,Phone,Agra
ORD103844,2024-05-19,C1074,P116,Bluetooth Speaker V2,Electronics,4,4810,3714,5.0,19240,962.0,18278.0,14856,3422.0,18.72,UPI,Online,Agra
ORD103845,2025-05-24,C1129,P100,Wireless Mouse V1,Electronics,2,3130,2246,0.0,6260,0.0,6260.0,4492,1768.0,28.24,UPI,Online,Prayagraj
ORD103846,2025-12-22,C1247,P149,LED Bulb V2,Home,2,1290,1029,5.0,2580,129.0,2451.0,2058,393.0,16.03,UPI,Phone,Kanpur
ORD103847,2025-07-16,C1475,P135,Stapler V3,Office,2,7170,4632,10.0,14340,1434.0,12906.0,9264,3642.0,28.22,Card,Store,Noida
ORD103848,2025-06-07,C1486,P158,Phone Case V2,Accessories,1,2660,1753,5.0,2660,133.0,2527.0,1753,774.0,30.63,Card,Online,Mumbai
ORD103849,2026-01-30,C1266,P108,Headphones V3,Electronics,2,4890,3636,0.0,9780,0.0,9780.0,7272,2508.0,25.64,UPI,Store,Delhi
ORD103850,2024-02-22,C1355,P121,Office Chair V1,Office,1,6460,4606,5.0,6460,323.0,6137.0,4606,1531.0,24.95,Card,Phone,Noida
ORD103851,2024-09-21,C1491,P170,Travel Pouch V2,Accessories,2,1850,1364,10.0,3700,370.0,3330.0,2728,602.0,18.08,UPI,Online,Noida
ORD103852,2026-05-24,C1033,P132,File Folder V3,Office,3,4410,2825,0.0,13230,0.0,13230.0,8475,4755.0,35.94,Card,Online,Jaipur
ORD103853,2024-10-05,C1127,P156,Laptop Bag V3,Accessories,4,1980,1255,10.0,7920,792.0,7128.0,5020,2108.0,29.57,Card,Store,Gurugram
ORD103854,2026-01-27,C1419,P123,Office Chair V3,Office,1,4680,3454,15.0,4680,702.0,3978.0,3454,524.0,13.17,UPI,Store,Agra
ORD103855,2025-03-25,C1495,P152,Cleaning Kit V2,Home,3,3090,2318,5.0,9270,463.5,8806.5,6954,1852.5,21.04,Card,Online,Jaipur
ORD103856,2024-12-12,C1470,P104,Keyboard V2,Electronics,1,820,576,10.0,820,82.0,738.0,576,162.0,21.95,UPI,Online,Mumbai
ORD103857,2024-09-28,C1006,P143,Table Clock V2,Home,4,2900,2046,15.0,11600,1740.0,9860.0,8184,1676.0,17.0,UPI,Online,Kanpur
ORD103858,2025-05-29,C1207,P133,Stapler V1,Office,1,6390,4143,10.0,6390,639.0,5751.0,4143,1608.0,27.96,Net Banking,Online,Agra
ORD103859,2026-06-21,C1244,P136,Water Bottle V1,Home,1,1430,1182,10.0,1430,143.0,1287.0,1182,105.0,8.16,Card,Online,Jaipur
ORD103860,2024-09-11,C1432,P126,Desk Lamp V3,Office,2,370,241,0.0,740,0.0,740.0,482,258.0,34.86,Card,Online,Mumbai
ORD103861,2024-05-29,C1391,P127,Printer Paper V1,Office,4,6100,4997,5.0,24400,1220.0,23180.0,19988,3192.0,13.77,UPI,Online,Gurugram
ORD103862,2025-06-02,C1038,P156,Laptop Bag V3,Accessories,2,1980,1255,0.0,3960,0.0,3960.0,2510,1450.0,36.62,Cash,Store,Varanasi
ORD103863,2025-09-25,C1462,P107,Headphones V2,Electronics,1,3120,2535,5.0,3120,156.0,2964.0,2535,429.0,14.47,Card,Online,Lucknow
ORD103864,2024-03-30,C1000,P102,Wireless Mouse V3,Electronics,1,3210,2684,5.0,3210,160.5,3049.5,2684,365.5,11.99,UPI,Store,Varanasi
ORD103865,2025-10-08,C1285,P176,Tea V2,Grocery,1,920,750,15.0,920,138.0,782.0,750,32.0,4.09,Card,Store,Kanpur
ORD103866,2024-04-16,C1452,P135,Stapler V3,Office,2,7170,4632,5.0,14340,717.0,13623.0,9264,4359.0,32.0,Card,Online,Varanasi
ORD103867,2025-02-18,C1134,P106,Headphones V1,Electronics,3,4570,3663,0.0,13710,0.0,13710.0,10989,2721.0,19.85,Card,Online,Agra
ORD103868,2024-05-09,C1265,P169,Travel Pouch V1,Accessories,2,2560,1733,0.0,5120,0.0,5120.0,3466,1654.0,32.3,Card,Store,Kanpur
ORD103869,2025-06-30,C1123,P178,Biscuits V1,Grocery,5,1460,1162,5.0,7300,365.0,6935.0,5810,1125.0,16.22,Cash,Store,Mumbai
ORD103870,2025-09-30,C1149,P174,Coffee V3,Grocery,1,1420,1012,10.0,1420,142.0,1278.0,1012,266.0,20.81,UPI,Store,Jaipur
ORD103871,2024-04-16,C1372,P108,Headphones V3,Electronics,1,4890,3636,0.0,4890,0.0,4890.0,3636,1254.0,25.64,Cash,Online,Agra
ORD103872,2025-05-12,C1341,P147,Cushion V3,Home,2,2180,1724,10.0,4360,436.0,3924.0,3448,476.0,12.13,Cash,Store,Jaipur
ORD103873,2024-07-21,C1249,P134,Stapler V2,Office,2,5250,3976,5.0,10500,525.0,9975.0,7952,2023.0,20.28,Card,Online,Kanpur
ORD103874,2025-11-07,C1360,P129,Printer Paper V3,Office,1,7700,4733,10.0,7700,770.0,6930.0,4733,2197.0,31.7,Card,Online,Lucknow
ORD103875,2024-07-26,C1049,P175,Tea V1,Grocery,3,1390,900,10.0,4170,417.0,3753.0,2700,1053.0,28.06,Cash,Online,Lucknow
ORD103876,2026-06-14,C1159,P106,Headphones V1,Electronics,2,4570,3663,10.0,9140,914.0,8226.0,7326,900.0,10.94,UPI,Store,Lucknow
ORD103877,2025-08-26,C1217,P133,Stapler V1,Office,3,6390,4143,0.0,19170,0.0,19170.0,12429,6741.0,35.16,Net Banking,Online,Agra
ORD103878,2025-09-17,C1265,P105,Keyboard V3,Electronics,3,4190,3534,20.0,12570,2514.0,10056.0,10602,-546.0,-5.43,Card,Phone,Kanpur
ORD103879,2024-10-02,C1446,P109,USB Hub V1,Electronics,1,1970,1209,0.0,1970,0.0,1970.0,1209,761.0,38.63,Card,Online,Noida
ORD103880,2025-06-13,C1376,P171,Travel Pouch V3,Accessories,6,1430,1156,0.0,8580,0.0,8580.0,6936,1644.0,19.16,Card,Store,Varanasi
ORD103881,2025-07-31,C1399,P173,Coffee V2,Grocery,1,930,610,10.0,930,93.0,837.0,610,227.0,27.12,Cash,Online,Agra
ORD103882,2025-09-07,C1150,P159,Phone Case V3,Accessories,2,1360,849,15.0,2720,408.0,2312.0,1698,614.0,26.56,Cash,Store,Jaipur
ORD103883,2024-01-27,C1098,P100,Wireless Mouse V1,Electronics,4,3130,2246,5.0,12520,626.0,11894.0,8984,2910.0,24.47,Cash,Online,Lucknow
ORD103884,2025-01-21,C1264,P101,Wireless Mouse V2,Electronics,2,2890,2270,10.0,5780,578.0,5202.0,4540,662.0,12.73,Card,Phone,Gurugram
ORD103885,2026-01-23,C1239,P128,Printer Paper V2,Office,1,2840,2176,0.0,2840,0.0,2840.0,2176,664.0,23.38,Cash,Phone,Prayagraj
ORD103886,2024-12-22,C1211,P110,USB Hub V2,Electronics,1,980,657,5.0,980,49.0,931.0,657,274.0,29.43,Cash,Store,Kanpur
ORD103887,2024-04-22,C1282,P131,File Folder V2,Office,3,5150,3339,5.0,15450,772.5,14677.5,10017,4660.5,31.75,Net Banking,Store,Varanasi
ORD103888,2024-05-13,C1006,P143,Table Clock V2,Home,3,2900,2046,5.0,8700,435.0,8265.0,6138,2127.0,25.74,Card,Online,Kanpur
ORD103889,2024-08-27,C1151,P166,Desk Mat V1,Accessories,2,3330,2082,10.0,6660,666.0,5994.0,4164,1830.0,30.53,UPI,Store,Jaipur
ORD103890,2025-08-29,C1241,P157,Phone Case V1,Accessories,1,560,464,0.0,560,0.0,560.0,464,96.0,17.14,Card,Online,Jaipur
ORD103891,2024-02-26,C1239,P142,Table Clock V1,Home,1,2610,1876,15.0,2610,391.5,2218.5,1876,342.5,15.44,Card,Online,Prayagraj
ORD103892,2024-07-30,C1399,P133,Stapler V1,Office,1,6390,4143,10.0,6390,639.0,5751.0,4143,1608.0,27.96,UPI,Online,Agra
ORD103893,2024-05-16,C1127,P136,Water Bottle V1,Home,3,1430,1182,10.0,4290,429.0,3861.0,3546,315.0,8.16,UPI,Online,Gurugram
ORD103894,2024-10-29,C1263,P168,Desk Mat V3,Accessories,6,2910,2229,0.0,17460,0.0,17460.0,13374,4086.0,23.4,UPI,Store,Gurugram
ORD103895,2025-10-26,C1043,P160,Charging Cable V1,Accessories,1,3270,2329,5.0,3270,163.5,3106.5,2329,777.5,25.03,Net Banking,Online,Jaipur
ORD103896,2025-01-28,C1342,P158,Phone Case V2,Accessories,1,2660,1753,10.0,2660,266.0,2394.0,1753,641.0,26.78,Cash,Phone,Kanpur
ORD103897,2025-05-16,C1011,P123,Office Chair V3,Office,2,4680,3454,5.0,9360,468.0,8892.0,6908,1984.0,22.31,Card,Store,Agra
ORD103898,2025-08-13,C1232,P139,Storage Box V1,Home,2,2100,1652,10.0,4200,420.0,3780.0,3304,476.0,12.59,UPI,Store,Prayagraj
ORD103899,2024-08-19,C1354,P139,Storage Box V1,Home,1,2100,1652,15.0,2100,315.0,1785.0,1652,133.0,7.45,Card,Online,Agra
ORD103900,2024-11-14,C1294,P163,Power Bank V1,Accessories,6,510,428,10.0,3060,306.0,2754.0,2568,186.0,6.75,Cash,Online,Prayagraj
ORD103901,2026-02-18,C1387,P134,Stapler V2,Office,2,5250,3976,0.0,10500,0.0,10500.0,7952,2548.0,24.27,Card,Online,Agra
ORD103902,2025-03-18,C1113,P168,Desk Mat V3,Accessories,1,2910,2229,0.0,2910,0.0,2910.0,2229,681.0,23.4,UPI,Online,Agra
ORD103903,2024-07-22,C1441,P106,Headphones V1,Electronics,3,4570,3663,0.0,13710,0.0,13710.0,10989,2721.0,19.85,Cash,Store,Agra
ORD103904,2025-10-14,C1387,P151,Cleaning Kit V1,Home,5,2890,1977,0.0,14450,0.0,14450.0,9885,4565.0,31.59,UPI,Online,Agra
ORD103905,2026-03-23,C1073,P169,Travel Pouch V1,Accessories,3,2560,1733,5.0,7680,384.0,7296.0,5199,2097.0,28.74,Card,Online,Mumbai
ORD103906,2025-01-14,C1341,P132,File Folder V3,Office,2,4410,2825,5.0,8820,441.0,8379.0,5650,2729.0,32.57,Card,Phone,Jaipur
ORD103907,2024-08-23,C1159,P146,Cushion V2,Home,1,3320,2419,10.0,3320,332.0,2988.0,2419,569.0,19.04,Card,Online,Lucknow
ORD103908,2026-03-10,C1470,P168,Desk Mat V3,Accessories,1,2910,2229,0.0,2910,0.0,2910.0,2229,681.0,23.4,Card,Store,Mumbai
ORD103909,2024-06-12,C1115,P170,Travel Pouch V2,Accessories,2,1850,1364,10.0,3700,370.0,3330.0,2728,602.0,18.08,UPI,Phone,Delhi
ORD103910,2024-03-19,C1455,P152,Cleaning Kit V2,Home,2,3090,2318,5.0,6180,309.0,5871.0,4636,1235.0,21.04,Card,Online,Jaipur
ORD103911,2025-10-13,C1309,P179,Biscuits V2,Grocery,2,1150,889,0.0,2300,0.0,2300.0,1778,522.0,22.7,Card,Store,Prayagraj
ORD103912,2024-11-10,C1161,P163,Power Bank V1,Accessories,1,510,428,10.0,510,51.0,459.0,428,31.0,6.75,Card,Online,Jaipur
ORD103913,2024-02-11,C1201,P102,Wireless Mouse V3,Electronics,2,3210,2684,5.0,6420,321.0,6099.0,5368,731.0,11.99,UPI,Online,Agra
ORD103914,2026-06-27,C1352,P150,LED Bulb V3,Home,2,2960,2119,10.0,5920,592.0,5328.0,4238,1090.0,20.46,UPI,Store,Jaipur
ORD103915,2025-10-27,C1197,P122,Office Chair V2,Office,3,4160,2937,10.0,12480,1248.0,11232.0,8811,2421.0,21.55,UPI,Online,Lucknow
ORD103916,2025-11-16,C1092,P169,Travel Pouch V1,Accessories,3,2560,1733,15.0,7680,1152.0,6528.0,5199,1329.0,20.36,UPI,Online,Noida
ORD103917,2024-07-25,C1310,P130,File Folder V1,Office,1,3130,2238,10.0,3130,313.0,2817.0,2238,579.0,20.55,UPI,Online,Varanasi
ORD103918,2024-04-19,C1487,P142,Table Clock V1,Home,5,2610,1876,5.0,13050,652.5,12397.5,9380,3017.5,24.34,UPI,Online,Kanpur
ORD103919,2024-08-30,C1051,P149,LED Bulb V2,Home,3,1290,1029,10.0,3870,387.0,3483.0,3087,396.0,11.37,UPI,Phone,Agra
ORD103920,2025-11-14,C1389,P126,Desk Lamp V3,Office,4,370,241,0.0,1480,0.0,1480.0,964,516.0,34.86,Cash,Online,Noida
ORD103921,2025-10-31,C1272,P166,Desk Mat V1,Accessories,2,3330,2082,15.0,6660,999.0,5661.0,4164,1497.0,26.44,Cash,Store,Lucknow
ORD103922,2024-10-02,C1231,P106,Headphones V1,Electronics,2,4570,3663,5.0,9140,457.0,8683.0,7326,1357.0,15.63,UPI,Online,Gurugram
ORD103923,2025-04-09,C1408,P149,LED Bulb V2,Home,5,1290,1029,5.0,6450,322.5,6127.5,5145,982.5,16.03,UPI,Store,Gurugram
ORD103924,2024-07-11,C1034,P115,Bluetooth Speaker V1,Electronics,1,6930,4749,0.0,6930,0.0,6930.0,4749,2181.0,31.47,Card,Store,Jaipur
ORD103925,2024-07-26,C1348,P105,Keyboard V3,Electronics,2,4190,3534,0.0,8380,0.0,8380.0,7068,1312.0,15.66,UPI,Online,Varanasi
ORD103926,2025-02-07,C1438,P136,Water Bottle V1,Home,5,1430,1182,5.0,7150,357.5,6792.5,5910,882.5,12.99,UPI,Online,Kanpur
ORD103927,2024-11-03,C1422,P101,Wireless Mouse V2,Electronics,3,2890,2270,5.0,8670,433.5,8236.5,6810,1426.5,17.32,Card,Online,Agra
ORD103928,2026-06-13,C1475,P166,Desk Mat V1,Accessories,1,3330,2082,5.0,3330,166.5,3163.5,2082,1081.5,34.19,Card,Online,Noida
ORD103929,2024-09-30,C1112,P132,File Folder V3,Office,2,4410,2825,0.0,8820,0.0,8820.0,5650,3170.0,35.94,Card,Store,Varanasi
ORD103930,2025-06-11,C1132,P105,Keyboard V3,Electronics,3,4190,3534,5.0,12570,628.5,11941.5,10602,1339.5,11.22,UPI,Phone,Varanasi
ORD103931,2025-09-30,C1384,P167,Desk Mat V2,Accessories,3,3170,2059,5.0,9510,475.5,9034.5,6177,2857.5,31.63,UPI,Online,Noida
ORD103932,2025-10-13,C1407,P117,Bluetooth Speaker V3,Electronics,4,1400,967,20.0,5600,1120.0,4480.0,3868,612.0,13.66,UPI,Store,Gurugram
ORD103933,2024-09-28,C1406,P177,Tea V3,Grocery,1,540,388,5.0,540,27.0,513.0,388,125.0,24.37,Card,Store,Delhi
ORD103934,2024-12-06,C1159,P170,Travel Pouch V2,Accessories,4,1850,1364,5.0,7400,370.0,7030.0,5456,1574.0,22.39,UPI,Online,Lucknow
ORD103935,2024-08-21,C1456,P115,Bluetooth Speaker V1,Electronics,1,6930,4749,10.0,6930,693.0,6237.0,4749,1488.0,23.86,Card,Online,Agra
ORD103936,2025-07-16,C1041,P138,Water Bottle V3,Home,2,2890,1947,10.0,5780,578.0,5202.0,3894,1308.0,25.14,UPI,Store,Gurugram
ORD103937,2025-09-26,C1069,P116,Bluetooth Speaker V2,Electronics,2,4810,3714,10.0,9620,962.0,8658.0,7428,1230.0,14.21,Cash,Store,Agra
ORD103938,2025-08-01,C1455,P119,Notebook V2,Office,3,3040,2028,0.0,9120,0.0,9120.0,6084,3036.0,33.29,Card,Online,Jaipur
ORD103939,2025-09-20,C1476,P134,Stapler V2,Office,2,5250,3976,0.0,10500,0.0,10500.0,7952,2548.0,24.27,UPI,Store,Noida
ORD103940,2024-09-12,C1090,P110,USB Hub V2,Electronics,2,980,657,5.0,1960,98.0,1862.0,1314,548.0,29.43,UPI,Online,Varanasi
ORD103941,2024-11-02,C1487,P108,Headphones V3,Electronics,6,4890,3636,10.0,29340,2934.0,26406.0,21816,4590.0,17.38,Net Banking,Online,Kanpur
ORD103942,2024-11-13,C1215,P162,Charging Cable V3,Accessories,2,3240,2132,0.0,6480,0.0,6480.0,4264,2216.0,34.2,UPI,Store,Lucknow
ORD103943,2025-05-12,C1322,P176,Tea V2,Grocery,3,920,750,5.0,2760,138.0,2622.0,2250,372.0,14.19,Net Banking,Phone,Noida
ORD103944,2024-04-29,C1212,P154,Laptop Bag V1,Accessories,3,3580,2326,0.0,10740,0.0,10740.0,6978,3762.0,35.03,UPI,Online,Noida
ORD103945,2026-02-02,C1224,P128,Printer Paper V2,Office,3,2840,2176,5.0,8520,426.0,8094.0,6528,1566.0,19.35,UPI,Online,Noida
ORD103946,2024-09-21,C1157,P176,Tea V2,Grocery,3,920,750,0.0,2760,0.0,2760.0,2250,510.0,18.48,UPI,Online,Agra
ORD103947,2026-06-08,C1442,P104,Keyboard V2,Electronics,3,820,576,0.0,2460,0.0,2460.0,1728,732.0,29.76,Card,Phone,Delhi
ORD103948,2024-08-30,C1318,P107,Headphones V2,Electronics,3,3120,2535,10.0,9360,936.0,8424.0,7605,819.0,9.72,UPI,Store,Gurugram
ORD103949,2025-10-19,C1048,P125,Desk Lamp V2,Office,3,4970,3317,10.0,14910,1491.0,13419.0,9951,3468.0,25.84,UPI,Store,Delhi
ORD103950,2024-08-22,C1167,P103,Keyboard V1,Electronics,2,4190,2634,15.0,8380,1257.0,7123.0,5268,1855.0,26.04,Card,Online,Noida
ORD103951,2025-12-05,C1091,P112,Webcam V1,Electronics,2,930,736,10.0,1860,186.0,1674.0,1472,202.0,12.07,UPI,Online,Gurugram
ORD103952,2025-11-27,C1097,P161,Charging Cable V2,Accessories,3,2440,1541,20.0,7320,1464.0,5856.0,4623,1233.0,21.06,Cash,Store,Gurugram
ORD103953,2025-05-01,C1318,P104,Keyboard V2,Electronics,3,820,576,5.0,2460,123.0,2337.0,1728,609.0,26.06,Card,Store,Gurugram
ORD103954,2025-06-17,C1299,P143,Table Clock V2,Home,3,2900,2046,5.0,8700,435.0,8265.0,6138,2127.0,25.74,Card,Store,Kanpur
ORD103955,2024-07-26,C1176,P166,Desk Mat V1,Accessories,1,3330,2082,5.0,3330,166.5,3163.5,2082,1081.5,34.19,UPI,Store,Kanpur
ORD103956,2026-01-24,C1131,P150,LED Bulb V3,Home,3,2960,2119,10.0,8880,888.0,7992.0,6357,1635.0,20.46,Cash,Online,Prayagraj
ORD103957,2025-08-04,C1206,P177,Tea V3,Grocery,3,540,388,5.0,1620,81.0,1539.0,1164,375.0,24.37,Cash,Store,Jaipur
ORD103958,2025-04-07,C1029,P155,Laptop Bag V2,Accessories,1,2620,1779,0.0,2620,0.0,2620.0,1779,841.0,32.1,UPI,Phone,Lucknow
ORD103959,2026-02-16,C1489,P138,Water Bottle V3,Home,1,2890,1947,5.0,2890,144.5,2745.5,1947,798.5,29.08,Card,Online,Lucknow
ORD103960,2025-08-22,C1170,P136,Water Bottle V1,Home,1,1430,1182,0.0,1430,0.0,1430.0,1182,248.0,17.34,UPI,Online,Agra
ORD103961,2026-01-24,C1149,P142,Table Clock V1,Home,4,2610,1876,0.0,10440,0.0,10440.0,7504,2936.0,28.12,Cash,Online,Jaipur
ORD103962,2024-01-13,C1049,P156,Laptop Bag V3,Accessories,2,1980,1255,5.0,3960,198.0,3762.0,2510,1252.0,33.28,UPI,Online,Lucknow
ORD103963,2024-03-21,C1006,P173,Coffee V2,Grocery,1,930,610,10.0,930,93.0,837.0,610,227.0,27.12,Card,Store,Kanpur
ORD103964,2025-10-18,C1018,P108,Headphones V3,Electronics,3,4890,3636,0.0,14670,0.0,14670.0,10908,3762.0,25.64,Card,Store,Prayagraj
ORD103965,2024-10-21,C1351,P105,Keyboard V3,Electronics,2,4190,3534,5.0,8380,419.0,7961.0,7068,893.0,11.22,Card,Phone,Noida
ORD103966,2024-06-04,C1317,P147,Cushion V3,Home,4,2180,1724,20.0,8720,1744.0,6976.0,6896,80.0,1.15,UPI,Store,Delhi
ORD103967,2024-03-17,C1102,P144,Table Clock V3,Home,2,2960,2357,5.0,5920,296.0,5624.0,4714,910.0,16.18,UPI,Store,Lucknow
ORD103968,2026-03-24,C1119,P147,Cushion V3,Home,4,2180,1724,10.0,8720,872.0,7848.0,6896,952.0,12.13,UPI,Store,Mumbai
ORD103969,2024-03-19,C1013,P168,Desk Mat V3,Accessories,2,2910,2229,10.0,5820,582.0,5238.0,4458,780.0,14.89,UPI,Store,Gurugram
ORD103970,2025-11-25,C1372,P148,LED Bulb V1,Home,1,1590,982,10.0,1590,159.0,1431.0,982,449.0,31.38,UPI,Store,Agra
ORD103971,2024-02-23,C1179,P150,LED Bulb V3,Home,2,2960,2119,5.0,5920,296.0,5624.0,4238,1386.0,24.64,UPI,Online,Delhi
ORD103972,2024-11-19,C1472,P164,Power Bank V2,Accessories,3,1150,849,10.0,3450,345.0,3105.0,2547,558.0,17.97,UPI,Online,Noida
ORD103973,2026-01-28,C1267,P101,Wireless Mouse V2,Electronics,1,2890,2270,0.0,2890,0.0,2890.0,2270,620.0,21.45,Cash,Store,Lucknow
ORD103974,2025-09-02,C1021,P155,Laptop Bag V2,Accessories,1,2620,1779,0.0,2620,0.0,2620.0,1779,841.0,32.1,UPI,Store,Varanasi
ORD103975,2024-04-21,C1368,P159,Phone Case V3,Accessories,1,1360,849,15.0,1360,204.0,1156.0,849,307.0,26.56,Net Banking,Store,Mumbai
ORD103976,2025-12-01,C1491,P100,Wireless Mouse V1,Electronics,5,3130,2246,0.0,15650,0.0,15650.0,11230,4420.0,28.24,Card,Store,Noida
ORD103977,2026-03-15,C1161,P156,Laptop Bag V3,Accessories,2,1980,1255,5.0,3960,198.0,3762.0,2510,1252.0,33.28,UPI,Phone,Jaipur
ORD103978,2024-02-19,C1271,P171,Travel Pouch V3,Accessories,7,1430,1156,15.0,10010,1501.5,8508.5,8092,416.5,4.9,Net Banking,Online,Delhi
ORD103979,2025-11-03,C1193,P103,Keyboard V1,Electronics,1,4190,2634,15.0,4190,628.5,3561.5,2634,927.5,26.04,Card,Online,Delhi
ORD103980,2025-10-10,C1077,P154,Laptop Bag V1,Accessories,2,3580,2326,15.0,7160,1074.0,6086.0,4652,1434.0,23.56,Card,Store,Lucknow
ORD103981,2026-03-08,C1497,P110,USB Hub V2,Electronics,2,980,657,0.0,1960,0.0,1960.0,1314,646.0,32.96,Card,Online,Lucknow
ORD103982,2025-06-22,C1343,P179,Biscuits V2,Grocery,1,1150,889,0.0,1150,0.0,1150.0,889,261.0,22.7,UPI,Online,Gurugram
ORD103983,2025-08-16,C1012,P171,Travel Pouch V3,Accessories,1,1430,1156,10.0,1430,143.0,1287.0,1156,131.0,10.18,UPI,Phone,Kanpur
ORD103984,2024-01-12,C1407,P150,LED Bulb V3,Home,3,2960,2119,10.0,8880,888.0,7992.0,6357,1635.0,20.46,Card,Online,Gurugram
ORD103985,2024-05-09,C1158,P123,Office Chair V3,Office,1,4680,3454,15.0,4680,702.0,3978.0,3454,524.0,13.17,Card,Store,Jaipur
ORD103986,2024-12-25,C1058,P162,Charging Cable V3,Accessories,3,3240,2132,20.0,9720,1944.0,7776.0,6396,1380.0,17.75,UPI,Online,Noida
ORD103987,2025-05-16,C1257,P141,Storage Box V3,Home,4,2200,1823,10.0,8800,880.0,7920.0,7292,628.0,7.93,UPI,Online,Lucknow
ORD103988,2025-01-17,C1113,P168,Desk Mat V3,Accessories,1,2910,2229,15.0,2910,436.5,2473.5,2229,244.5,9.88,UPI,Online,Agra
ORD103989,2024-07-23,C1118,P169,Travel Pouch V1,Accessories,1,2560,1733,5.0,2560,128.0,2432.0,1733,699.0,28.74,Card,Store,Lucknow
ORD103990,2026-01-20,C1276,P109,USB Hub V1,Electronics,3,1970,1209,10.0,5910,591.0,5319.0,3627,1692.0,31.81,UPI,Store,Agra
ORD103991,2025-12-19,C1254,P137,Water Bottle V2,Home,3,1800,1202,5.0,5400,270.0,5130.0,3606,1524.0,29.71,UPI,Phone,Prayagraj
ORD103992,2025-08-23,C1102,P166,Desk Mat V1,Accessories,4,3330,2082,5.0,13320,666.0,12654.0,8328,4326.0,34.19,UPI,Store,Lucknow
ORD103993,2024-05-01,C1259,P116,Bluetooth Speaker V2,Electronics,3,4810,3714,10.0,14430,1443.0,12987.0,11142,1845.0,14.21,Card,Phone,Kanpur
ORD103994,2025-09-10,C1495,P115,Bluetooth Speaker V1,Electronics,4,6930,4749,10.0,27720,2772.0,24948.0,18996,5952.0,23.86,Card,Online,Jaipur
ORD103995,2026-05-16,C1371,P114,Webcam V3,Electronics,1,3680,2607,5.0,3680,184.0,3496.0,2607,889.0,25.43,Cash,Phone,Lucknow
ORD103996,2025-01-26,C1186,P119,Notebook V2,Office,4,3040,2028,10.0,12160,1216.0,10944.0,8112,2832.0,25.88,UPI,Phone,Prayagraj
ORD103997,2025-01-29,C1106,P111,USB Hub V3,Electronics,1,1850,1273,15.0,1850,277.5,1572.5,1273,299.5,19.05,UPI,Store,Jaipur
ORD103998,2024-09-20,C1446,P167,Desk Mat V2,Accessories,1,3170,2059,10.0,3170,317.0,2853.0,2059,794.0,27.83,Net Banking,Online,Noida
ORD103999,2025-04-19,C1375,P117,Bluetooth Speaker V3,Electronics,5,1400,967,10.0,7000,700.0,6300.0,4835,1465.0,23.25,Card,Store,Prayagraj
ORD104000,2026-01-15,C1431,P165,Power Bank V3,Accessories,1,1990,1688,0.0,1990,0.0,1990.0,1688,302.0,15.18,Net Banking,Online,Noida
ORD104001,2025-10-07,C1426,P110,USB Hub V2,Electronics,2,980,657,5.0,1960,98.0,1862.0,1314,548.0,29.43,UPI,Store,Mumbai
ORD104002,2025-07-26,C1357,P125,Desk Lamp V2,Office,4,4970,3317,5.0,19880,994.0,18886.0,13268,5618.0,29.75,UPI,Store,Kanpur
ORD104003,2024-12-01,C1042,P174,Coffee V3,Grocery,3,1420,1012,5.0,4260,213.0,4047.0,3036,1011.0,24.98,UPI,Online,Gurugram
ORD104004,2024-09-13,C1091,P166,Desk Mat V1,Accessories,5,3330,2082,5.0,16650,832.5,15817.5,10410,5407.5,34.19,Cash,Phone,Gurugram
ORD104005,2026-01-20,C1251,P158,Phone Case V2,Accessories,3,2660,1753,10.0,7980,798.0,7182.0,5259,1923.0,26.78,Card,Phone,Jaipur
ORD104006,2026-01-16,C1353,P115,Bluetooth Speaker V1,Electronics,2,6930,4749,10.0,13860,1386.0,12474.0,9498,2976.0,23.86,UPI,Online,Varanasi
ORD104007,2025-01-25,C1280,P156,Laptop Bag V3,Accessories,1,1980,1255,5.0,1980,99.0,1881.0,1255,626.0,33.28,UPI,Store,Noida
ORD104008,2024-03-15,C1092,P133,Stapler V1,Office,1,6390,4143,5.0,6390,319.5,6070.5,4143,1927.5,31.75,Net Banking,Online,Noida
ORD104009,2024-08-24,C1125,P144,Table Clock V3,Home,1,2960,2357,0.0,2960,0.0,2960.0,2357,603.0,20.37,UPI,Store,Mumbai
ORD104010,2026-03-01,C1448,P138,Water Bottle V3,Home,3,2890,1947,0.0,8670,0.0,8670.0,5841,2829.0,32.63,Net Banking,Online,Agra
ORD104011,2025-12-29,C1287,P120,Notebook V3,Office,5,5080,3876,5.0,25400,1270.0,24130.0,19380,4750.0,19.69,UPI,Online,Varanasi
ORD104012,2026-03-05,C1229,P157,Phone Case V1,Accessories,1,560,464,15.0,560,84.0,476.0,464,12.0,2.52,UPI,Store,Delhi
ORD104013,2024-09-18,C1418,P152,Cleaning Kit V2,Home,2,3090,2318,5.0,6180,309.0,5871.0,4636,1235.0,21.04,Cash,Store,Delhi
ORD104014,2025-04-10,C1021,P111,USB Hub V3,Electronics,1,1850,1273,5.0,1850,92.5,1757.5,1273,484.5,27.57,UPI,Online,Varanasi
ORD104015,2024-04-16,C1492,P121,Office Chair V1,Office,1,6460,4606,10.0,6460,646.0,5814.0,4606,1208.0,20.78,Card,Phone,Agra
ORD104016,2024-11-23,C1349,P137,Water Bottle V2,Home,3,1800,1202,15.0,5400,810.0,4590.0,3606,984.0,21.44,Card,Online,Varanasi
ORD104017,2024-08-25,C1385,P104,Keyboard V2,Electronics,1,820,576,15.0,820,123.0,697.0,576,121.0,17.36,UPI,Online,Gurugram
ORD104018,2025-10-09,C1011,P113,Webcam V2,Electronics,2,2640,1889,0.0,5280,0.0,5280.0,3778,1502.0,28.45,Net Banking,Online,Agra
ORD104019,2026-03-19,C1141,P173,Coffee V2,Grocery,1,930,610,10.0,930,93.0,837.0,610,227.0,27.12,Card,Online,Noida
ORD104020,2026-03-27,C1420,P109,USB Hub V1,Electronics,4,1970,1209,15.0,7880,1182.0,6698.0,4836,1862.0,27.8,Cash,Online,Agra
ORD104021,2024-10-11,C1281,P173,Coffee V2,Grocery,1,930,610,5.0,930,46.5,883.5,610,273.5,30.96,Cash,Online,Kanpur
ORD104022,2024-11-17,C1465,P141,Storage Box V3,Home,3,2200,1823,5.0,6600,330.0,6270.0,5469,801.0,12.78,UPI,Online,Lucknow
ORD104023,2025-09-24,C1201,P147,Cushion V3,Home,2,2180,1724,5.0,4360,218.0,4142.0,3448,694.0,16.76,Cash,Online,Agra
ORD104024,2024-09-14,C1279,P142,Table Clock V1,Home,2,2610,1876,10.0,5220,522.0,4698.0,3752,946.0,20.14,UPI,Store,Gurugram
ORD104025,2025-05-27,C1123,P166,Desk Mat V1,Accessories,2,3330,2082,0.0,6660,0.0,6660.0,4164,2496.0,37.48,UPI,Store,Mumbai
ORD104026,2024-10-17,C1347,P110,USB Hub V2,Electronics,3,980,657,0.0,2940,0.0,2940.0,1971,969.0,32.96,Cash,Online,Jaipur
ORD104027,2024-05-28,C1029,P177,Tea V3,Grocery,4,540,388,0.0,2160,0.0,2160.0,1552,608.0,28.15,Card,Store,Lucknow
ORD104028,2026-03-26,C1369,P171,Travel Pouch V3,Accessories,2,1430,1156,0.0,2860,0.0,2860.0,2312,548.0,19.16,Card,Store,Mumbai
ORD104029,2025-07-09,C1176,P107,Headphones V2,Electronics,3,3120,2535,15.0,9360,1404.0,7956.0,7605,351.0,4.41,UPI,Online,Kanpur
ORD104030,2026-06-13,C1286,P123,Office Chair V3,Office,1,4680,3454,0.0,4680,0.0,4680.0,3454,1226.0,26.2,Cash,Phone,Jaipur
ORD104031,2024-01-28,C1096,P125,Desk Lamp V2,Office,1,4970,3317,5.0,4970,248.5,4721.5,3317,1404.5,29.75,UPI,Store,Mumbai
ORD104032,2025-09-14,C1007,P154,Laptop Bag V1,Accessories,4,3580,2326,10.0,14320,1432.0,12888.0,9304,3584.0,27.81,UPI,Online,Mumbai
ORD104033,2026-03-06,C1354,P130,File Folder V1,Office,1,3130,2238,20.0,3130,626.0,2504.0,2238,266.0,10.62,UPI,Store,Agra
ORD104034,2025-04-10,C1443,P110,USB Hub V2,Electronics,2,980,657,15.0,1960,294.0,1666.0,1314,352.0,21.13,Card,Online,Varanasi
ORD104035,2026-06-30,C1237,P175,Tea V1,Grocery,1,1390,900,0.0,1390,0.0,1390.0,900,490.0,35.25,Net Banking,Online,Prayagraj
ORD104036,2025-05-14,C1484,P161,Charging Cable V2,Accessories,4,2440,1541,0.0,9760,0.0,9760.0,6164,3596.0,36.84,UPI,Store,Jaipur
ORD104037,2025-07-13,C1080,P140,Storage Box V2,Home,2,1780,1191,0.0,3560,0.0,3560.0,2382,1178.0,33.09,Card,Online,Delhi
ORD104038,2024-09-05,C1126,P144,Table Clock V3,Home,1,2960,2357,10.0,2960,296.0,2664.0,2357,307.0,11.52,Card,Online,Gurugram
ORD104039,2024-01-15,C1255,P157,Phone Case V1,Accessories,6,560,464,5.0,3360,168.0,3192.0,2784,408.0,12.78,UPI,Online,Lucknow
ORD104040,2025-08-05,C1139,P164,Power Bank V2,Accessories,1,1150,849,15.0,1150,172.5,977.5,849,128.5,13.15,UPI,Online,Kanpur
ORD104041,2025-10-04,C1195,P162,Charging Cable V3,Accessories,5,3240,2132,5.0,16200,810.0,15390.0,10660,4730.0,30.73,UPI,Online,Jaipur
ORD104042,2026-04-25,C1040,P123,Office Chair V3,Office,2,4680,3454,5.0,9360,468.0,8892.0,6908,1984.0,22.31,UPI,Online,Lucknow
ORD104043,2025-01-27,C1108,P159,Phone Case V3,Accessories,2,1360,849,0.0,2720,0.0,2720.0,1698,1022.0,37.57,Card,Online,Lucknow
ORD104044,2025-07-12,C1367,P152,Cleaning Kit V2,Home,2,3090,2318,10.0,6180,618.0,5562.0,4636,926.0,16.65,Card,Online,Noida
ORD104045,2025-06-25,C1280,P155,Laptop Bag V2,Accessories,1,2620,1779,15.0,2620,393.0,2227.0,1779,448.0,20.12,Net Banking,Store,Noida
ORD104046,2024-07-07,C1214,P130,File Folder V1,Office,2,3130,2238,0.0,6260,0.0,6260.0,4476,1784.0,28.5,UPI,Store,Agra
ORD104047,2025-11-18,C1048,P139,Storage Box V1,Home,2,2100,1652,5.0,4200,210.0,3990.0,3304,686.0,17.19,Card,Phone,Delhi
ORD104048,2024-06-29,C1351,P169,Travel Pouch V1,Accessories,1,2560,1733,0.0,2560,0.0,2560.0,1733,827.0,32.3,UPI,Store,Noida
ORD104049,2025-01-22,C1344,P107,Headphones V2,Electronics,2,3120,2535,0.0,6240,0.0,6240.0,5070,1170.0,18.75,UPI,Online,Gurugram
ORD104050,2025-02-20,C1082,P148,LED Bulb V1,Home,1,1590,982,0.0,1590,0.0,1590.0,982,608.0,38.24,Net Banking,Store,Noida
ORD104051,2024-08-14,C1141,P135,Stapler V3,Office,3,7170,4632,10.0,21510,2151.0,19359.0,13896,5463.0,28.22,UPI,Store,Noida
ORD104052,2024-09-28,C1356,P108,Headphones V3,Electronics,1,4890,3636,5.0,4890,244.5,4645.5,3636,1009.5,21.73,Card,Online,Gurugram
ORD104053,2026-03-01,C1299,P155,Laptop Bag V2,Accessories,1,2620,1779,0.0,2620,0.0,2620.0,1779,841.0,32.1,UPI,Online,Kanpur
ORD104054,2025-02-21,C1230,P133,Stapler V1,Office,4,6390,4143,5.0,25560,1278.0,24282.0,16572,7710.0,31.75,Card,Online,Lucknow
ORD104055,2025-05-09,C1470,P115,Bluetooth Speaker V1,Electronics,1,6930,4749,0.0,6930,0.0,6930.0,4749,2181.0,31.47,UPI,Online,Mumbai
ORD104056,2026-05-11,C1479,P129,Printer Paper V3,Office,1,7700,4733,0.0,7700,0.0,7700.0,4733,2967.0,38.53,Net Banking,Store,Varanasi
ORD104057,2024-03-31,C1460,P177,Tea V3,Grocery,7,540,388,15.0,3780,567.0,3213.0,2716,497.0,15.47,UPI,Phone,Prayagraj
ORD104058,2025-08-15,C1430,P140,Storage Box V2,Home,1,1780,1191,0.0,1780,0.0,1780.0,1191,589.0,33.09,Card,Store,Prayagraj
ORD104059,2025-12-05,C1207,P156,Laptop Bag V3,Accessories,1,1980,1255,0.0,1980,0.0,1980.0,1255,725.0,36.62,Cash,Phone,Agra
ORD104060,2025-04-29,C1458,P164,Power Bank V2,Accessories,2,1150,849,0.0,2300,0.0,2300.0,1698,602.0,26.17,Card,Store,Delhi
ORD104061,2024-07-10,C1240,P124,Desk Lamp V1,Office,5,4350,2868,0.0,21750,0.0,21750.0,14340,7410.0,34.07,UPI,Store,Kanpur
ORD104062,2024-10-25,C1265,P126,Desk Lamp V3,Office,2,370,241,5.0,740,37.0,703.0,482,221.0,31.44,Card,Store,Kanpur
ORD104063,2025-09-07,C1260,P121,Office Chair V1,Office,2,6460,4606,10.0,12920,1292.0,11628.0,9212,2416.0,20.78,Cash,Online,Prayagraj
ORD104064,2025-08-09,C1079,P117,Bluetooth Speaker V3,Electronics,1,1400,967,10.0,1400,140.0,1260.0,967,293.0,23.25,Cash,Online,Gurugram
ORD104065,2026-04-05,C1115,P158,Phone Case V2,Accessories,1,2660,1753,15.0,2660,399.0,2261.0,1753,508.0,22.47,Net Banking,Online,Delhi
ORD104066,2025-05-16,C1056,P136,Water Bottle V1,Home,4,1430,1182,10.0,5720,572.0,5148.0,4728,420.0,8.16,UPI,Store,Gurugram
ORD104067,2025-10-27,C1127,P175,Tea V1,Grocery,5,1390,900,5.0,6950,347.5,6602.5,4500,2102.5,31.84,Net Banking,Online,Gurugram
ORD104068,2026-03-07,C1390,P117,Bluetooth Speaker V3,Electronics,4,1400,967,10.0,5600,560.0,5040.0,3868,1172.0,23.25,UPI,Store,Varanasi
ORD104069,2024-04-19,C1329,P113,Webcam V2,Electronics,4,2640,1889,10.0,10560,1056.0,9504.0,7556,1948.0,20.5,UPI,Store,Prayagraj
ORD104070,2024-08-02,C1483,P176,Tea V2,Grocery,2,920,750,10.0,1840,184.0,1656.0,1500,156.0,9.42,UPI,Store,Kanpur
ORD104071,2026-05-21,C1415,P103,Keyboard V1,Electronics,2,4190,2634,0.0,8380,0.0,8380.0,5268,3112.0,37.14,UPI,Online,Gurugram
ORD104072,2024-07-17,C1202,P150,LED Bulb V3,Home,1,2960,2119,10.0,2960,296.0,2664.0,2119,545.0,20.46,UPI,Online,Prayagraj
ORD104073,2026-03-21,C1407,P120,Notebook V3,Office,2,5080,3876,0.0,10160,0.0,10160.0,7752,2408.0,23.7,Net Banking,Online,Gurugram
ORD104074,2025-07-14,C1089,P153,Cleaning Kit V3,Home,2,2770,1726,0.0,5540,0.0,5540.0,3452,2088.0,37.69,Card,Online,Kanpur
ORD104075,2024-08-31,C1420,P157,Phone Case V1,Accessories,1,560,464,5.0,560,28.0,532.0,464,68.0,12.78,Card,Online,Agra
ORD104076,2025-02-14,C1357,P168,Desk Mat V3,Accessories,1,2910,2229,10.0,2910,291.0,2619.0,2229,390.0,14.89,Card,Store,Kanpur
ORD104077,2024-06-28,C1023,P106,Headphones V1,Electronics,1,4570,3663,0.0,4570,0.0,4570.0,3663,907.0,19.85,Net Banking,Online,Mumbai
ORD104078,2024-04-12,C1460,P135,Stapler V3,Office,1,7170,4632,10.0,7170,717.0,6453.0,4632,1821.0,28.22,Net Banking,Online,Prayagraj
ORD104079,2026-05-29,C1076,P121,Office Chair V1,Office,3,6460,4606,15.0,19380,2907.0,16473.0,13818,2655.0,16.12,Card,Online,Kanpur
ORD104080,2026-03-18,C1225,P160,Charging Cable V1,Accessories,2,3270,2329,5.0,6540,327.0,6213.0,4658,1555.0,25.03,UPI,Store,Delhi
ORD104081,2024-01-02,C1437,P117,Bluetooth Speaker V3,Electronics,2,1400,967,5.0,2800,140.0,2660.0,1934,726.0,27.29,Card,Online,Gurugram
ORD104082,2025-03-11,C1135,P149,LED Bulb V2,Home,2,1290,1029,20.0,2580,516.0,2064.0,2058,6.0,0.29,Cash,Store,Agra
ORD104083,2025-02-10,C1181,P129,Printer Paper V3,Office,1,7700,4733,0.0,7700,0.0,7700.0,4733,2967.0,38.53,Cash,Store,Jaipur
ORD104084,2024-05-27,C1102,P126,Desk Lamp V3,Office,3,370,241,10.0,1110,111.0,999.0,723,276.0,27.63,Card,Online,Lucknow
ORD104085,2025-06-22,C1239,P179,Biscuits V2,Grocery,2,1150,889,5.0,2300,115.0,2185.0,1778,407.0,18.63,Net Banking,Store,Prayagraj
ORD104086,2025-07-21,C1066,P156,Laptop Bag V3,Accessories,4,1980,1255,10.0,7920,792.0,7128.0,5020,2108.0,29.57,Cash,Online,Noida
ORD104087,2025-08-01,C1168,P148,LED Bulb V1,Home,2,1590,982,5.0,3180,159.0,3021.0,1964,1057.0,34.99,UPI,Online,Lucknow
ORD104088,2025-04-07,C1325,P147,Cushion V3,Home,2,2180,1724,0.0,4360,0.0,4360.0,3448,912.0,20.92,UPI,Online,Prayagraj
ORD104089,2025-03-24,C1320,P116,Bluetooth Speaker V2,Electronics,1,4810,3714,5.0,4810,240.5,4569.5,3714,855.5,18.72,Card,Online,Agra
ORD104090,2024-07-14,C1289,P100,Wireless Mouse V1,Electronics,4,3130,2246,0.0,12520,0.0,12520.0,8984,3536.0,28.24,Cash,Online,Kanpur
ORD104091,2026-06-27,C1324,P179,Biscuits V2,Grocery,3,1150,889,10.0,3450,345.0,3105.0,2667,438.0,14.11,UPI,Online,Prayagraj
ORD104092,2024-08-02,C1335,P112,Webcam V1,Electronics,1,930,736,10.0,930,93.0,837.0,736,101.0,12.07,Card,Store,Prayagraj
ORD104093,2024-03-26,C1085,P110,USB Hub V2,Electronics,4,980,657,5.0,3920,196.0,3724.0,2628,1096.0,29.43,Net Banking,Online,Agra
ORD104094,2026-05-26,C1022,P168,Desk Mat V3,Accessories,5,2910,2229,10.0,14550,1455.0,13095.0,11145,1950.0,14.89,Card,Online,Jaipur
ORD104095,2025-02-07,C1168,P135,Stapler V3,Office,3,7170,4632,15.0,21510,3226.5,18283.5,13896,4387.5,24.0,UPI,Store,Lucknow
ORD104096,2024-08-22,C1416,P158,Phone Case V2,Accessories,2,2660,1753,15.0,5320,798.0,4522.0,3506,1016.0,22.47,UPI,Online,Gurugram
ORD104097,2025-06-18,C1013,P105,Keyboard V3,Electronics,2,4190,3534,10.0,8380,838.0,7542.0,7068,474.0,6.28,UPI,Store,Gurugram
ORD104098,2026-03-14,C1140,P112,Webcam V1,Electronics,1,930,736,5.0,930,46.5,883.5,736,147.5,16.69,UPI,Store,Gurugram
ORD104099,2025-11-26,C1046,P134,Stapler V2,Office,3,5250,3976,10.0,15750,1575.0,14175.0,11928,2247.0,15.85,Card,Store,Lucknow
ORD104100,2026-03-16,C1432,P127,Printer Paper V1,Office,1,6100,4997,10.0,6100,610.0,5490.0,4997,493.0,8.98,Cash,Store,Mumbai
ORD104101,2025-04-04,C1376,P140,Storage Box V2,Home,1,1780,1191,10.0,1780,178.0,1602.0,1191,411.0,25.66,Net Banking,Store,Varanasi
ORD104102,2024-07-17,C1336,P132,File Folder V3,Office,1,4410,2825,0.0,4410,0.0,4410.0,2825,1585.0,35.94,Cash,Online,Kanpur
ORD104103,2026-03-14,C1418,P150,LED Bulb V3,Home,4,2960,2119,5.0,11840,592.0,11248.0,8476,2772.0,24.64,Card,Online,Delhi
ORD104104,2024-07-03,C1075,P126,Desk Lamp V3,Office,2,370,241,0.0,740,0.0,740.0,482,258.0,34.86,UPI,Store,Gurugram
ORD104105,2025-11-17,C1405,P141,Storage Box V3,Home,2,2200,1823,10.0,4400,440.0,3960.0,3646,314.0,7.93,UPI,Online,Agra
ORD104106,2024-05-18,C1247,P128,Printer Paper V2,Office,1,2840,2176,0.0,2840,0.0,2840.0,2176,664.0,23.38,Card,Online,Kanpur
ORD104107,2024-08-17,C1338,P151,Cleaning Kit V1,Home,2,2890,1977,10.0,5780,578.0,5202.0,3954,1248.0,23.99,Card,Online,Lucknow
ORD104108,2024-11-30,C1491,P161,Charging Cable V2,Accessories,2,2440,1541,0.0,4880,0.0,4880.0,3082,1798.0,36.84,UPI,Store,Noida
ORD104109,2024-11-09,C1219,P114,Webcam V3,Electronics,1,3680,2607,10.0,3680,368.0,3312.0,2607,705.0,21.29,UPI,Store,Mumbai
ORD104110,2024-08-07,C1366,P167,Desk Mat V2,Accessories,2,3170,2059,15.0,6340,951.0,5389.0,4118,1271.0,23.59,UPI,Online,Mumbai
ORD104111,2025-11-28,C1491,P160,Charging Cable V1,Accessories,4,3270,2329,5.0,13080,654.0,12426.0,9316,3110.0,25.03,UPI,Online,Noida
ORD104112,2024-05-29,C1111,P111,USB Hub V3,Electronics,1,1850,1273,10.0,1850,185.0,1665.0,1273,392.0,23.54,UPI,Online,Delhi
ORD104113,2025-08-04,C1352,P152,Cleaning Kit V2,Home,1,3090,2318,10.0,3090,309.0,2781.0,2318,463.0,16.65,Card,Store,Jaipur
ORD104114,2024-10-29,C1298,P160,Charging Cable V1,Accessories,1,3270,2329,5.0,3270,163.5,3106.5,2329,777.5,25.03,Card,Online,Agra
ORD104115,2024-10-10,C1056,P140,Storage Box V2,Home,3,1780,1191,15.0,5340,801.0,4539.0,3573,966.0,21.28,Card,Online,Gurugram
ORD104116,2024-03-26,C1098,P109,USB Hub V1,Electronics,5,1970,1209,10.0,9850,985.0,8865.0,6045,2820.0,31.81,UPI,Online,Lucknow
ORD104117,2025-01-14,C1286,P146,Cushion V2,Home,1,3320,2419,5.0,3320,166.0,3154.0,2419,735.0,23.3,UPI,Store,Jaipur
ORD104118,2024-05-14,C1467,P156,Laptop Bag V3,Accessories,5,1980,1255,5.0,9900,495.0,9405.0,6275,3130.0,33.28,Card,Store,Kanpur
ORD104119,2024-07-13,C1380,P178,Biscuits V1,Grocery,1,1460,1162,5.0,1460,73.0,1387.0,1162,225.0,16.22,Card,Store,Kanpur
ORD104120,2025-07-11,C1358,P136,Water Bottle V1,Home,1,1430,1182,0.0,1430,0.0,1430.0,1182,248.0,17.34,Cash,Store,Prayagraj
ORD104121,2025-05-02,C1121,P127,Printer Paper V1,Office,2,6100,4997,10.0,12200,1220.0,10980.0,9994,986.0,8.98,Net Banking,Online,Lucknow
ORD104122,2024-03-30,C1495,P120,Notebook V3,Office,3,5080,3876,10.0,15240,1524.0,13716.0,11628,2088.0,15.22,Card,Online,Jaipur
ORD104123,2025-03-11,C1125,P138,Water Bottle V3,Home,1,2890,1947,10.0,2890,289.0,2601.0,1947,654.0,25.14,UPI,Online,Mumbai
ORD104124,2024-12-19,C1469,P108,Headphones V3,Electronics,4,4890,3636,10.0,19560,1956.0,17604.0,14544,3060.0,17.38,UPI,Phone,Mumbai
ORD104125,2024-06-02,C1107,P159,Phone Case V3,Accessories,1,1360,849,10.0,1360,136.0,1224.0,849,375.0,30.64,Net Banking,Online,Varanasi
ORD104126,2024-11-06,C1153,P100,Wireless Mouse V1,Electronics,1,3130,2246,10.0,3130,313.0,2817.0,2246,571.0,20.27,Net Banking,Online,Agra
ORD104127,2025-08-13,C1468,P164,Power Bank V2,Accessories,1,1150,849,15.0,1150,172.5,977.5,849,128.5,13.15,Net Banking,Online,Noida
ORD104128,2024-03-21,C1021,P161,Charging Cable V2,Accessories,1,2440,1541,0.0,2440,0.0,2440.0,1541,899.0,36.84,UPI,Store,Varanasi
ORD104129,2025-10-25,C1277,P114,Webcam V3,Electronics,1,3680,2607,5.0,3680,184.0,3496.0,2607,889.0,25.43,Cash,Store,Mumbai
ORD104130,2025-03-21,C1342,P168,Desk Mat V3,Accessories,1,2910,2229,5.0,2910,145.5,2764.5,2229,535.5,19.37,Card,Phone,Kanpur
ORD104131,2026-02-14,C1326,P143,Table Clock V2,Home,2,2900,2046,10.0,5800,580.0,5220.0,4092,1128.0,21.61,UPI,Store,Mumbai
ORD104132,2024-03-23,C1327,P136,Water Bottle V1,Home,2,1430,1182,20.0,2860,572.0,2288.0,2364,-76.0,-3.32,UPI,Phone,Agra
ORD104133,2026-02-21,C1388,P114,Webcam V3,Electronics,2,3680,2607,15.0,7360,1104.0,6256.0,5214,1042.0,16.66,Card,Store,Lucknow
ORD104134,2025-05-21,C1225,P129,Printer Paper V3,Office,4,7700,4733,10.0,30800,3080.0,27720.0,18932,8788.0,31.7,UPI,Phone,Delhi
ORD104135,2024-02-14,C1051,P122,Office Chair V2,Office,2,4160,2937,15.0,8320,1248.0,7072.0,5874,1198.0,16.94,Cash,Online,Agra
ORD104136,2026-04-13,C1338,P127,Printer Paper V1,Office,1,6100,4997,20.0,6100,1220.0,4880.0,4997,-117.0,-2.4,Net Banking,Online,Lucknow
ORD104137,2026-01-11,C1331,P124,Desk Lamp V1,Office,2,4350,2868,20.0,8700,1740.0,6960.0,5736,1224.0,17.59,Card,Online,Kanpur
ORD104138,2025-06-29,C1300,P100,Wireless Mouse V1,Electronics,3,3130,2246,5.0,9390,469.5,8920.5,6738,2182.5,24.47,Card,Store,Noida
ORD104139,2025-10-13,C1370,P172,Coffee V1,Grocery,3,660,526,10.0,1980,198.0,1782.0,1578,204.0,11.45,UPI,Online,Delhi
ORD104140,2024-04-28,C1348,P152,Cleaning Kit V2,Home,3,3090,2318,15.0,9270,1390.5,7879.5,6954,925.5,11.75,Cash,Store,Varanasi
ORD104141,2024-08-14,C1060,P139,Storage Box V1,Home,3,2100,1652,10.0,6300,630.0,5670.0,4956,714.0,12.59,UPI,Store,Delhi
ORD104142,2024-03-09,C1376,P105,Keyboard V3,Electronics,3,4190,3534,15.0,12570,1885.5,10684.5,10602,82.5,0.77,Cash,Store,Varanasi
ORD104143,2025-12-31,C1388,P157,Phone Case V1,Accessories,1,560,464,0.0,560,0.0,560.0,464,96.0,17.14,Cash,Online,Lucknow
ORD104144,2025-12-24,C1362,P145,Cushion V1,Home,1,920,592,5.0,920,46.0,874.0,592,282.0,32.27,UPI,Store,Varanasi
ORD104145,2026-04-29,C1352,P123,Office Chair V3,Office,2,4680,3454,0.0,9360,0.0,9360.0,6908,2452.0,26.2,Cash,Store,Jaipur
ORD104146,2024-05-10,C1419,P121,Office Chair V1,Office,7,6460,4606,5.0,45220,2261.0,42959.0,32242,10717.0,24.95,UPI,Store,Agra
ORD104147,2024-07-06,C1365,P102,Wireless Mouse V3,Electronics,2,3210,2684,0.0,6420,0.0,6420.0,5368,1052.0,16.39,Card,Online,Jaipur
ORD104148,2024-10-09,C1212,P123,Office Chair V3,Office,2,4680,3454,5.0,9360,468.0,8892.0,6908,1984.0,22.31,UPI,Store,Noida
ORD104149,2024-10-17,C1436,P129,Printer Paper V3,Office,1,7700,4733,10.0,7700,770.0,6930.0,4733,2197.0,31.7,Card,Online,Jaipur
ORD104150,2024-05-09,C1186,P136,Water Bottle V1,Home,1,1430,1182,5.0,1430,71.5,1358.5,1182,176.5,12.99,UPI,Store,Prayagraj
ORD104151,2026-04-14,C1231,P117,Bluetooth Speaker V3,Electronics,1,1400,967,0.0,1400,0.0,1400.0,967,433.0,30.93,Cash,Online,Gurugram
ORD104152,2024-09-30,C1327,P155,Laptop Bag V2,Accessories,1,2620,1779,10.0,2620,262.0,2358.0,1779,579.0,24.55,Net Banking,Store,Agra
ORD104153,2026-06-23,C1330,P115,Bluetooth Speaker V1,Electronics,6,6930,4749,0.0,41580,0.0,41580.0,28494,13086.0,31.47,UPI,Store,Prayagraj
ORD104154,2024-05-08,C1011,P112,Webcam V1,Electronics,3,930,736,5.0,2790,139.5,2650.5,2208,442.5,16.69,Cash,Phone,Agra
ORD104155,2025-11-18,C1132,P107,Headphones V2,Electronics,6,3120,2535,0.0,18720,0.0,18720.0,15210,3510.0,18.75,Card,Phone,Varanasi
ORD104156,2025-11-02,C1178,P179,Biscuits V2,Grocery,1,1150,889,5.0,1150,57.5,1092.5,889,203.5,18.63,Card,Online,Varanasi
ORD104157,2024-12-03,C1292,P151,Cleaning Kit V1,Home,2,2890,1977,15.0,5780,867.0,4913.0,3954,959.0,19.52,UPI,Online,Gurugram
ORD104158,2026-03-28,C1363,P102,Wireless Mouse V3,Electronics,3,3210,2684,10.0,9630,963.0,8667.0,8052,615.0,7.1,Cash,Store,Mumbai
ORD104159,2025-08-27,C1300,P114,Webcam V3,Electronics,2,3680,2607,15.0,7360,1104.0,6256.0,5214,1042.0,16.66,UPI,Online,Noida
ORD104160,2024-10-21,C1128,P166,Desk Mat V1,Accessories,3,3330,2082,15.0,9990,1498.5,8491.5,6246,2245.5,26.44,UPI,Phone,Agra
ORD104161,2026-05-19,C1491,P101,Wireless Mouse V2,Electronics,3,2890,2270,0.0,8670,0.0,8670.0,6810,1860.0,21.45,Card,Online,Noida
ORD104162,2025-02-14,C1332,P154,Laptop Bag V1,Accessories,3,3580,2326,5.0,10740,537.0,10203.0,6978,3225.0,31.61,Card,Online,Delhi
ORD104163,2024-10-05,C1373,P159,Phone Case V3,Accessories,4,1360,849,5.0,5440,272.0,5168.0,3396,1772.0,34.29,Card,Online,Gurugram
ORD104164,2025-11-10,C1073,P174,Coffee V3,Grocery,4,1420,1012,5.0,5680,284.0,5396.0,4048,1348.0,24.98,UPI,Online,Mumbai
ORD104165,2024-08-16,C1232,P129,Printer Paper V3,Office,8,7700,4733,15.0,61600,9240.0,52360.0,37864,14496.0,27.69,UPI,Online,Prayagraj
ORD104166,2025-08-19,C1471,P106,Headphones V1,Electronics,1,4570,3663,20.0,4570,914.0,3656.0,3663,-7.0,-0.19,Net Banking,Store,Prayagraj
ORD104167,2024-04-02,C1252,P109,USB Hub V1,Electronics,2,1970,1209,0.0,3940,0.0,3940.0,2418,1522.0,38.63,UPI,Phone,Agra
ORD104168,2024-05-18,C1297,P179,Biscuits V2,Grocery,1,1150,889,15.0,1150,172.5,977.5,889,88.5,9.05,UPI,Online,Lucknow
ORD104169,2025-11-09,C1103,P147,Cushion V3,Home,4,2180,1724,0.0,8720,0.0,8720.0,6896,1824.0,20.92,Card,Store,Varanasi
ORD104170,2024-03-10,C1009,P104,Keyboard V2,Electronics,3,820,576,0.0,2460,0.0,2460.0,1728,732.0,29.76,Card,Online,Prayagraj
ORD104171,2025-12-04,C1120,P142,Table Clock V1,Home,3,2610,1876,20.0,7830,1566.0,6264.0,5628,636.0,10.15,Card,Online,Agra
ORD104172,2025-09-16,C1340,P165,Power Bank V3,Accessories,4,1990,1688,15.0,7960,1194.0,6766.0,6752,14.0,0.21,UPI,Store,Jaipur
ORD104173,2024-06-25,C1026,P152,Cleaning Kit V2,Home,1,3090,2318,0.0,3090,0.0,3090.0,2318,772.0,24.98,Cash,Store,Lucknow
ORD104174,2026-05-16,C1065,P121,Office Chair V1,Office,2,6460,4606,5.0,12920,646.0,12274.0,9212,3062.0,24.95,UPI,Store,Noida
ORD104175,2024-07-13,C1269,P115,Bluetooth Speaker V1,Electronics,1,6930,4749,20.0,6930,1386.0,5544.0,4749,795.0,14.34,Cash,Store,Lucknow
ORD104176,2025-09-19,C1408,P156,Laptop Bag V3,Accessories,1,1980,1255,5.0,1980,99.0,1881.0,1255,626.0,33.28,UPI,Online,Gurugram
ORD104177,2025-04-05,C1324,P110,USB Hub V2,Electronics,3,980,657,15.0,2940,441.0,2499.0,1971,528.0,21.13,Card,Online,Prayagraj
ORD104178,2024-07-30,C1118,P100,Wireless Mouse V1,Electronics,3,3130,2246,0.0,9390,0.0,9390.0,6738,2652.0,28.24,Card,Online,Lucknow
ORD104179,2026-05-17,C1002,P175,Tea V1,Grocery,1,1390,900,10.0,1390,139.0,1251.0,900,351.0,28.06,Cash,Store,Agra
ORD104180,2024-04-13,C1110,P106,Headphones V1,Electronics,1,4570,3663,10.0,4570,457.0,4113.0,3663,450.0,10.94,UPI,Store,Prayagraj
ORD104181,2026-01-06,C1416,P107,Headphones V2,Electronics,2,3120,2535,10.0,6240,624.0,5616.0,5070,546.0,9.72,UPI,Online,Gurugram
ORD104182,2025-04-01,C1435,P109,USB Hub V1,Electronics,3,1970,1209,15.0,5910,886.5,5023.5,3627,1396.5,27.8,Card,Store,Prayagraj
ORD104183,2026-03-09,C1015,P165,Power Bank V3,Accessories,2,1990,1688,10.0,3980,398.0,3582.0,3376,206.0,5.75,Cash,Store,Lucknow
ORD104184,2026-03-30,C1330,P176,Tea V2,Grocery,2,920,750,15.0,1840,276.0,1564.0,1500,64.0,4.09,UPI,Store,Prayagraj
ORD104185,2024-09-05,C1220,P112,Webcam V1,Electronics,2,930,736,0.0,1860,0.0,1860.0,1472,388.0,20.86,UPI,Store,Agra
ORD104186,2024-09-07,C1446,P157,Phone Case V1,Accessories,1,560,464,0.0,560,0.0,560.0,464,96.0,17.14,Card,Online,Noida
ORD104187,2025-02-20,C1454,P141,Storage Box V3,Home,4,2200,1823,10.0,8800,880.0,7920.0,7292,628.0,7.93,UPI,Online,Prayagraj
ORD104188,2024-12-27,C1433,P127,Printer Paper V1,Office,2,6100,4997,0.0,12200,0.0,12200.0,9994,2206.0,18.08,UPI,Phone,Noida
ORD104189,2024-04-15,C1415,P165,Power Bank V3,Accessories,5,1990,1688,0.0,9950,0.0,9950.0,8440,1510.0,15.18,Card,Online,Gurugram
ORD104190,2024-03-11,C1412,P160,Charging Cable V1,Accessories,3,3270,2329,15.0,9810,1471.5,8338.5,6987,1351.5,16.21,Net Banking,Store,Prayagraj
ORD104191,2026-05-13,C1078,P153,Cleaning Kit V3,Home,1,2770,1726,5.0,2770,138.5,2631.5,1726,905.5,34.41,Card,Online,Gurugram
ORD104192,2024-04-09,C1148,P100,Wireless Mouse V1,Electronics,1,3130,2246,0.0,3130,0.0,3130.0,2246,884.0,28.24,Cash,Store,Delhi
ORD104193,2025-02-09,C1020,P123,Office Chair V3,Office,2,4680,3454,20.0,9360,1872.0,7488.0,6908,580.0,7.75,UPI,Online,Gurugram
ORD104194,2024-01-12,C1134,P139,Storage Box V1,Home,2,2100,1652,0.0,4200,0.0,4200.0,3304,896.0,21.33,UPI,Online,Agra
ORD104195,2025-03-03,C1155,P175,Tea V1,Grocery,1,1390,900,0.0,1390,0.0,1390.0,900,490.0,35.25,Net Banking,Store,Noida
ORD104196,2025-04-16,C1137,P169,Travel Pouch V1,Accessories,1,2560,1733,0.0,2560,0.0,2560.0,1733,827.0,32.3,UPI,Online,Mumbai
ORD104197,2025-07-28,C1301,P104,Keyboard V2,Electronics,1,820,576,0.0,820,0.0,820.0,576,244.0,29.76,UPI,Online,Varanasi
ORD104198,2024-01-04,C1468,P123,Office Chair V3,Office,3,4680,3454,10.0,14040,1404.0,12636.0,10362,2274.0,18.0,UPI,Online,Noida
ORD104199,2025-11-25,C1333,P178,Biscuits V1,Grocery,1,1460,1162,15.0,1460,219.0,1241.0,1162,79.0,6.37,UPI,Phone,Prayagraj
ORD104200,2025-03-25,C1027,P177,Tea V3,Grocery,3,540,388,15.0,1620,243.0,1377.0,1164,213.0,15.47,UPI,Online,Jaipur
ORD104201,2025-09-16,C1392,P150,LED Bulb V3,Home,1,2960,2119,0.0,2960,0.0,2960.0,2119,841.0,28.41,Card,Online,Prayagraj
ORD104202,2024-12-22,C1166,P123,Office Chair V3,Office,1,4680,3454,5.0,4680,234.0,4446.0,3454,992.0,22.31,UPI,Online,Lucknow
ORD104203,2024-04-28,C1061,P126,Desk Lamp V3,Office,3,370,241,0.0,1110,0.0,1110.0,723,387.0,34.86,Cash,Online,Mumbai
ORD104204,2025-02-10,C1332,P168,Desk Mat V3,Accessories,3,2910,2229,10.0,8730,873.0,7857.0,6687,1170.0,14.89,UPI,Online,Delhi
ORD104205,2026-06-14,C1443,P179,Biscuits V2,Grocery,2,1150,889,5.0,2300,115.0,2185.0,1778,407.0,18.63,Net Banking,Store,Varanasi
ORD104206,2025-02-01,C1067,P143,Table Clock V2,Home,5,2900,2046,5.0,14500,725.0,13775.0,10230,3545.0,25.74,Card,Store,Prayagraj
ORD104207,2025-05-02,C1169,P137,Water Bottle V2,Home,4,1800,1202,0.0,7200,0.0,7200.0,4808,2392.0,33.22,Card,Store,Agra
ORD104208,2025-04-03,C1362,P130,File Folder V1,Office,2,3130,2238,15.0,6260,939.0,5321.0,4476,845.0,15.88,UPI,Online,Varanasi
ORD104209,2024-07-03,C1133,P145,Cushion V1,Home,2,920,592,10.0,1840,184.0,1656.0,1184,472.0,28.5,UPI,Store,Kanpur
ORD104210,2024-10-16,C1482,P135,Stapler V3,Office,1,7170,4632,0.0,7170,0.0,7170.0,4632,2538.0,35.4,UPI,Online,Agra
ORD104211,2026-01-21,C1005,P110,USB Hub V2,Electronics,5,980,657,20.0,4900,980.0,3920.0,3285,635.0,16.2,UPI,Online,Delhi
ORD104212,2025-09-09,C1214,P167,Desk Mat V2,Accessories,1,3170,2059,20.0,3170,634.0,2536.0,2059,477.0,18.81,UPI,Phone,Agra
ORD104213,2024-03-04,C1424,P125,Desk Lamp V2,Office,2,4970,3317,0.0,9940,0.0,9940.0,6634,3306.0,33.26,UPI,Store,Prayagraj
ORD104214,2024-06-25,C1458,P135,Stapler V3,Office,2,7170,4632,15.0,14340,2151.0,12189.0,9264,2925.0,24.0,UPI,Online,Delhi
ORD104215,2025-10-07,C1468,P107,Headphones V2,Electronics,2,3120,2535,20.0,6240,1248.0,4992.0,5070,-78.0,-1.56,Cash,Phone,Noida
ORD104216,2026-01-11,C1290,P159,Phone Case V3,Accessories,2,1360,849,20.0,2720,544.0,2176.0,1698,478.0,21.97,UPI,Store,Agra
ORD104217,2025-05-06,C1279,P170,Travel Pouch V2,Accessories,6,1850,1364,15.0,11100,1665.0,9435.0,8184,1251.0,13.26,UPI,Phone,Gurugram
ORD104218,2024-07-01,C1418,P160,Charging Cable V1,Accessories,1,3270,2329,5.0,3270,163.5,3106.5,2329,777.5,25.03,UPI,Online,Delhi
ORD104219,2025-07-17,C1080,P120,Notebook V3,Office,2,5080,3876,0.0,10160,0.0,10160.0,7752,2408.0,23.7,UPI,Store,Delhi
ORD104220,2025-03-16,C1340,P153,Cleaning Kit V3,Home,6,2770,1726,0.0,16620,0.0,16620.0,10356,6264.0,37.69,Cash,Online,Jaipur
ORD104221,2024-12-24,C1214,P104,Keyboard V2,Electronics,5,820,576,5.0,4100,205.0,3895.0,2880,1015.0,26.06,UPI,Online,Agra
ORD104222,2025-06-23,C1488,P141,Storage Box V3,Home,1,2200,1823,10.0,2200,220.0,1980.0,1823,157.0,7.93,Net Banking,Store,Lucknow
ORD104223,2026-05-18,C1283,P168,Desk Mat V3,Accessories,2,2910,2229,10.0,5820,582.0,5238.0,4458,780.0,14.89,UPI,Online,Lucknow
ORD104224,2025-05-07,C1242,P175,Tea V1,Grocery,4,1390,900,5.0,5560,278.0,5282.0,3600,1682.0,31.84,Card,Online,Delhi
ORD104225,2025-05-25,C1230,P113,Webcam V2,Electronics,5,2640,1889,15.0,13200,1980.0,11220.0,9445,1775.0,15.82,Card,Store,Lucknow
ORD104226,2024-11-13,C1127,P169,Travel Pouch V1,Accessories,4,2560,1733,5.0,10240,512.0,9728.0,6932,2796.0,28.74,UPI,Online,Gurugram
ORD104227,2025-11-08,C1317,P125,Desk Lamp V2,Office,2,4970,3317,10.0,9940,994.0,8946.0,6634,2312.0,25.84,Card,Online,Delhi
ORD104228,2025-06-11,C1309,P110,USB Hub V2,Electronics,2,980,657,20.0,1960,392.0,1568.0,1314,254.0,16.2,Card,Online,Prayagraj
ORD104229,2026-05-27,C1160,P153,Cleaning Kit V3,Home,1,2770,1726,10.0,2770,277.0,2493.0,1726,767.0,30.77,UPI,Online,Gurugram
ORD104230,2025-11-30,C1087,P157,Phone Case V1,Accessories,1,560,464,10.0,560,56.0,504.0,464,40.0,7.94,Card,Online,Lucknow
ORD104231,2025-03-25,C1215,P144,Table Clock V3,Home,3,2960,2357,15.0,8880,1332.0,7548.0,7071,477.0,6.32,UPI,Online,Lucknow
ORD104232,2025-12-21,C1000,P160,Charging Cable V1,Accessories,1,3270,2329,5.0,3270,163.5,3106.5,2329,777.5,25.03,Card,Online,Varanasi
ORD104233,2025-03-03,C1037,P101,Wireless Mouse V2,Electronics,2,2890,2270,0.0,5780,0.0,5780.0,4540,1240.0,21.45,Card,Store,Lucknow
ORD104234,2024-12-14,C1058,P109,USB Hub V1,Electronics,1,1970,1209,0.0,1970,0.0,1970.0,1209,761.0,38.63,Card,Online,Noida
ORD104235,2025-12-24,C1040,P106,Headphones V1,Electronics,1,4570,3663,10.0,4570,457.0,4113.0,3663,450.0,10.94,UPI,Online,Lucknow
ORD104236,2025-11-06,C1080,P157,Phone Case V1,Accessories,1,560,464,10.0,560,56.0,504.0,464,40.0,7.94,Card,Online,Delhi
ORD104237,2025-08-17,C1467,P141,Storage Box V3,Home,2,2200,1823,15.0,4400,660.0,3740.0,3646,94.0,2.51,Card,Store,Kanpur
ORD104238,2025-04-15,C1419,P166,Desk Mat V1,Accessories,1,3330,2082,0.0,3330,0.0,3330.0,2082,1248.0,37.48,UPI,Online,Agra
ORD104239,2025-10-08,C1329,P111,USB Hub V3,Electronics,1,1850,1273,10.0,1850,185.0,1665.0,1273,392.0,23.54,Card,Online,Prayagraj
ORD104240,2025-03-30,C1308,P162,Charging Cable V3,Accessories,1,3240,2132,0.0,3240,0.0,3240.0,2132,1108.0,34.2,UPI,Phone,Mumbai
ORD104241,2024-12-08,C1152,P143,Table Clock V2,Home,1,2900,2046,0.0,2900,0.0,2900.0,2046,854.0,29.45,Card,Store,Prayagraj
ORD104242,2024-04-03,C1443,P136,Water Bottle V1,Home,2,1430,1182,5.0,2860,143.0,2717.0,2364,353.0,12.99,Card,Store,Varanasi
ORD104243,2026-03-07,C1324,P175,Tea V1,Grocery,5,1390,900,15.0,6950,1042.5,5907.5,4500,1407.5,23.83,Cash,Online,Prayagraj
ORD104244,2024-07-18,C1323,P158,Phone Case V2,Accessories,2,2660,1753,15.0,5320,798.0,4522.0,3506,1016.0,22.47,Cash,Phone,Mumbai
ORD104245,2024-12-01,C1200,P152,Cleaning Kit V2,Home,2,3090,2318,10.0,6180,618.0,5562.0,4636,926.0,16.65,UPI,Online,Lucknow
ORD104246,2024-12-18,C1169,P102,Wireless Mouse V3,Electronics,3,3210,2684,10.0,9630,963.0,8667.0,8052,615.0,7.1,Net Banking,Online,Agra
ORD104247,2026-03-10,C1266,P142,Table Clock V1,Home,3,2610,1876,5.0,7830,391.5,7438.5,5628,1810.5,24.34,UPI,Phone,Delhi
ORD104248,2024-08-29,C1006,P102,Wireless Mouse V3,Electronics,1,3210,2684,0.0,3210,0.0,3210.0,2684,526.0,16.39,UPI,Store,Kanpur
ORD104249,2025-05-12,C1021,P170,Travel Pouch V2,Accessories,1,1850,1364,5.0,1850,92.5,1757.5,1364,393.5,22.39,Cash,Store,Varanasi
ORD104250,2026-06-13,C1308,P138,Water Bottle V3,Home,2,2890,1947,10.0,5780,578.0,5202.0,3894,1308.0,25.14,Net Banking,Online,Mumbai
ORD104251,2026-05-04,C1051,P129,Printer Paper V3,Office,1,7700,4733,10.0,7700,770.0,6930.0,4733,2197.0,31.7,Card,Online,Agra
ORD104252,2025-07-24,C1402,P169,Travel Pouch V1,Accessories,3,2560,1733,0.0,7680,0.0,7680.0,5199,2481.0,32.3,UPI,Phone,Jaipur
ORD104253,2024-10-18,C1263,P111,USB Hub V3,Electronics,4,1850,1273,5.0,7400,370.0,7030.0,5092,1938.0,27.57,UPI,Store,Gurugram
ORD104254,2026-05-22,C1100,P148,LED Bulb V1,Home,3,1590,982,10.0,4770,477.0,4293.0,2946,1347.0,31.38,Cash,Online,Mumbai
ORD104255,2026-01-02,C1062,P148,LED Bulb V1,Home,1,1590,982,5.0,1590,79.5,1510.5,982,528.5,34.99,UPI,Store,Kanpur
ORD104256,2026-06-21,C1302,P174,Coffee V3,Grocery,1,1420,1012,10.0,1420,142.0,1278.0,1012,266.0,20.81,UPI,Online,Noida
ORD104257,2025-08-14,C1173,P112,Webcam V1,Electronics,2,930,736,15.0,1860,279.0,1581.0,1472,109.0,6.89,Cash,Store,Delhi
ORD104258,2024-07-21,C1413,P153,Cleaning Kit V3,Home,1,2770,1726,20.0,2770,554.0,2216.0,1726,490.0,22.11,Cash,Store,Delhi
ORD104259,2024-09-28,C1419,P147,Cushion V3,Home,2,2180,1724,10.0,4360,436.0,3924.0,3448,476.0,12.13,UPI,Store,Agra
ORD104260,2025-05-06,C1370,P133,Stapler V1,Office,3,6390,4143,10.0,19170,1917.0,17253.0,12429,4824.0,27.96,UPI,Store,Delhi
ORD104261,2024-03-14,C1363,P133,Stapler V1,Office,5,6390,4143,10.0,31950,3195.0,28755.0,20715,8040.0,27.96,Card,Online,Mumbai
ORD104262,2024-02-02,C1293,P151,Cleaning Kit V1,Home,3,2890,1977,5.0,8670,433.5,8236.5,5931,2305.5,27.99,UPI,Online,Gurugram
ORD104263,2025-10-03,C1137,P127,Printer Paper V1,Office,3,6100,4997,5.0,18300,915.0,17385.0,14991,2394.0,13.77,Card,Online,Mumbai
ORD104264,2024-04-24,C1080,P164,Power Bank V2,Accessories,4,1150,849,10.0,4600,460.0,4140.0,3396,744.0,17.97,Card,Online,Delhi
ORD104265,2026-04-04,C1341,P103,Keyboard V1,Electronics,1,4190,2634,10.0,4190,419.0,3771.0,2634,1137.0,30.15,UPI,Store,Jaipur
ORD104266,2026-04-14,C1214,P167,Desk Mat V2,Accessories,2,3170,2059,5.0,6340,317.0,6023.0,4118,1905.0,31.63,UPI,Online,Agra
ORD104267,2024-01-26,C1127,P100,Wireless Mouse V1,Electronics,4,3130,2246,0.0,12520,0.0,12520.0,8984,3536.0,28.24,Card,Store,Gurugram
ORD104268,2026-01-27,C1058,P178,Biscuits V1,Grocery,2,1460,1162,0.0,2920,0.0,2920.0,2324,596.0,20.41,Card,Store,Noida
ORD104269,2024-12-15,C1332,P179,Biscuits V2,Grocery,1,1150,889,5.0,1150,57.5,1092.5,889,203.5,18.63,UPI,Online,Delhi
ORD104270,2024-07-02,C1494,P138,Water Bottle V3,Home,1,2890,1947,10.0,2890,289.0,2601.0,1947,654.0,25.14,Card,Online,Noida
ORD104271,2025-02-22,C1117,P122,Office Chair V2,Office,1,4160,2937,0.0,4160,0.0,4160.0,2937,1223.0,29.4,Card,Online,Kanpur
ORD104272,2024-04-21,C1279,P145,Cushion V1,Home,1,920,592,5.0,920,46.0,874.0,592,282.0,32.27,Net Banking,Store,Gurugram
ORD104273,2024-06-11,C1020,P164,Power Bank V2,Accessories,2,1150,849,20.0,2300,460.0,1840.0,1698,142.0,7.72,Card,Online,Gurugram
ORD104274,2024-03-22,C1145,P175,Tea V1,Grocery,1,1390,900,10.0,1390,139.0,1251.0,900,351.0,28.06,Card,Online,Mumbai
ORD104275,2025-01-03,C1365,P145,Cushion V1,Home,3,920,592,10.0,2760,276.0,2484.0,1776,708.0,28.5,Card,Online,Jaipur
ORD104276,2025-08-17,C1421,P138,Water Bottle V3,Home,4,2890,1947,20.0,11560,2312.0,9248.0,7788,1460.0,15.79,Card,Phone,Varanasi
ORD104277,2026-01-31,C1424,P116,Bluetooth Speaker V2,Electronics,3,4810,3714,5.0,14430,721.5,13708.5,11142,2566.5,18.72,Cash,Online,Prayagraj
ORD104278,2026-06-13,C1299,P149,LED Bulb V2,Home,1,1290,1029,0.0,1290,0.0,1290.0,1029,261.0,20.23,UPI,Online,Kanpur
ORD104279,2024-03-12,C1257,P143,Table Clock V2,Home,2,2900,2046,15.0,5800,870.0,4930.0,4092,838.0,17.0,Cash,Online,Lucknow
ORD104280,2026-02-23,C1126,P171,Travel Pouch V3,Accessories,4,1430,1156,0.0,5720,0.0,5720.0,4624,1096.0,19.16,Card,Online,Gurugram
ORD104281,2026-03-31,C1032,P155,Laptop Bag V2,Accessories,1,2620,1779,15.0,2620,393.0,2227.0,1779,448.0,20.12,Card,Online,Lucknow
ORD104282,2026-06-12,C1304,P128,Printer Paper V2,Office,1,2840,2176,20.0,2840,568.0,2272.0,2176,96.0,4.23,UPI,Online,Prayagraj
ORD104283,2025-12-19,C1039,P111,USB Hub V3,Electronics,3,1850,1273,5.0,5550,277.5,5272.5,3819,1453.5,27.57,Cash,Store,Jaipur
ORD104284,2025-08-14,C1075,P113,Webcam V2,Electronics,1,2640,1889,5.0,2640,132.0,2508.0,1889,619.0,24.68,UPI,Online,Gurugram
ORD104285,2024-03-03,C1266,P132,File Folder V3,Office,3,4410,2825,10.0,13230,1323.0,11907.0,8475,3432.0,28.82,Cash,Store,Delhi
ORD104286,2025-09-30,C1004,P161,Charging Cable V2,Accessories,2,2440,1541,0.0,4880,0.0,4880.0,3082,1798.0,36.84,Net Banking,Online,Gurugram
ORD104287,2024-10-03,C1463,P166,Desk Mat V1,Accessories,3,3330,2082,15.0,9990,1498.5,8491.5,6246,2245.5,26.44,Card,Store,Varanasi
ORD104288,2024-06-27,C1274,P130,File Folder V1,Office,2,3130,2238,0.0,6260,0.0,6260.0,4476,1784.0,28.5,UPI,Online,Agra
ORD104289,2025-03-29,C1239,P101,Wireless Mouse V2,Electronics,3,2890,2270,10.0,8670,867.0,7803.0,6810,993.0,12.73,Cash,Online,Prayagraj
ORD104290,2024-03-04,C1004,P117,Bluetooth Speaker V3,Electronics,1,1400,967,5.0,1400,70.0,1330.0,967,363.0,27.29,Net Banking,Online,Gurugram
ORD104291,2026-01-09,C1348,P122,Office Chair V2,Office,3,4160,2937,20.0,12480,2496.0,9984.0,8811,1173.0,11.75,Card,Store,Varanasi
ORD104292,2024-03-23,C1028,P122,Office Chair V2,Office,1,4160,2937,20.0,4160,832.0,3328.0,2937,391.0,11.75,Cash,Store,Lucknow
ORD104293,2026-06-23,C1434,P132,File Folder V3,Office,2,4410,2825,5.0,8820,441.0,8379.0,5650,2729.0,32.57,Card,Store,Kanpur
ORD104294,2024-07-12,C1044,P151,Cleaning Kit V1,Home,1,2890,1977,10.0,2890,289.0,2601.0,1977,624.0,23.99,UPI,Store,Delhi
ORD104295,2025-10-09,C1284,P112,Webcam V1,Electronics,5,930,736,10.0,4650,465.0,4185.0,3680,505.0,12.07,UPI,Online,Kanpur
ORD104296,2024-10-11,C1361,P102,Wireless Mouse V3,Electronics,1,3210,2684,0.0,3210,0.0,3210.0,2684,526.0,16.39,Card,Online,Mumbai
ORD104297,2024-11-16,C1440,P114,Webcam V3,Electronics,1,3680,2607,5.0,3680,184.0,3496.0,2607,889.0,25.43,UPI,Online,Delhi
ORD104298,2025-04-05,C1322,P102,Wireless Mouse V3,Electronics,1,3210,2684,15.0,3210,481.5,2728.5,2684,44.5,1.63,UPI,Store,Noida
ORD104299,2024-04-13,C1271,P130,File Folder V1,Office,4,3130,2238,5.0,12520,626.0,11894.0,8952,2942.0,24.74,UPI,Store,Delhi
ORD104300,2025-11-04,C1354,P125,Desk Lamp V2,Office,2,4970,3317,5.0,9940,497.0,9443.0,6634,2809.0,29.75,Card,Online,Agra
ORD104301,2025-01-31,C1489,P141,Storage Box V3,Home,3,2200,1823,10.0,6600,660.0,5940.0,5469,471.0,7.93,UPI,Online,Lucknow
ORD104302,2024-04-03,C1094,P155,Laptop Bag V2,Accessories,2,2620,1779,15.0,5240,786.0,4454.0,3558,896.0,20.12,UPI,Store,Lucknow
ORD104303,2026-06-23,C1188,P179,Biscuits V2,Grocery,4,1150,889,10.0,4600,460.0,4140.0,3556,584.0,14.11,UPI,Online,Prayagraj
ORD104304,2025-01-26,C1141,P114,Webcam V3,Electronics,2,3680,2607,10.0,7360,736.0,6624.0,5214,1410.0,21.29,UPI,Store,Noida
ORD104305,2024-06-17,C1019,P118,Notebook V1,Office,2,2820,2304,0.0,5640,0.0,5640.0,4608,1032.0,18.3,UPI,Online,Delhi
ORD104306,2024-07-26,C1476,P136,Water Bottle V1,Home,2,1430,1182,20.0,2860,572.0,2288.0,2364,-76.0,-3.32,UPI,Store,Noida
ORD104307,2025-10-27,C1105,P175,Tea V1,Grocery,4,1390,900,20.0,5560,1112.0,4448.0,3600,848.0,19.06,UPI,Online,Lucknow
ORD104308,2025-04-24,C1442,P110,USB Hub V2,Electronics,3,980,657,15.0,2940,441.0,2499.0,1971,528.0,21.13,Card,Store,Delhi
ORD104309,2025-02-06,C1338,P146,Cushion V2,Home,1,3320,2419,0.0,3320,0.0,3320.0,2419,901.0,27.14,UPI,Phone,Lucknow
ORD104310,2026-02-17,C1403,P107,Headphones V2,Electronics,1,3120,2535,5.0,3120,156.0,2964.0,2535,429.0,14.47,Card,Store,Lucknow
ORD104311,2026-02-09,C1321,P171,Travel Pouch V3,Accessories,2,1430,1156,15.0,2860,429.0,2431.0,2312,119.0,4.9,Card,Online,Gurugram
ORD104312,2025-05-24,C1459,P129,Printer Paper V3,Office,4,7700,4733,5.0,30800,1540.0,29260.0,18932,10328.0,35.3,Card,Store,Agra
ORD104313,2025-10-25,C1307,P174,Coffee V3,Grocery,2,1420,1012,5.0,2840,142.0,2698.0,2024,674.0,24.98,Cash,Store,Mumbai
ORD104314,2024-05-07,C1018,P167,Desk Mat V2,Accessories,3,3170,2059,5.0,9510,475.5,9034.5,6177,2857.5,31.63,Card,Store,Prayagraj
ORD104315,2024-03-28,C1253,P151,Cleaning Kit V1,Home,2,2890,1977,0.0,5780,0.0,5780.0,3954,1826.0,31.59,Cash,Store,Kanpur
ORD104316,2024-01-22,C1140,P162,Charging Cable V3,Accessories,1,3240,2132,10.0,3240,324.0,2916.0,2132,784.0,26.89,UPI,Online,Gurugram
ORD104317,2025-01-07,C1119,P165,Power Bank V3,Accessories,2,1990,1688,15.0,3980,597.0,3383.0,3376,7.0,0.21,Net Banking,Store,Mumbai
ORD104318,2025-11-16,C1242,P130,File Folder V1,Office,4,3130,2238,0.0,12520,0.0,12520.0,8952,3568.0,28.5,UPI,Online,Delhi
ORD104319,2024-06-11,C1357,P142,Table Clock V1,Home,2,2610,1876,10.0,5220,522.0,4698.0,3752,946.0,20.14,UPI,Online,Kanpur
ORD104320,2025-12-14,C1277,P134,Stapler V2,Office,2,5250,3976,5.0,10500,525.0,9975.0,7952,2023.0,20.28,Card,Phone,Mumbai
ORD104321,2024-08-16,C1072,P143,Table Clock V2,Home,2,2900,2046,5.0,5800,290.0,5510.0,4092,1418.0,25.74,UPI,Store,Kanpur
ORD104322,2024-10-22,C1405,P174,Coffee V3,Grocery,3,1420,1012,5.0,4260,213.0,4047.0,3036,1011.0,24.98,UPI,Store,Agra
ORD104323,2026-03-18,C1355,P126,Desk Lamp V3,Office,3,370,241,10.0,1110,111.0,999.0,723,276.0,27.63,Cash,Phone,Noida
ORD104324,2026-06-17,C1361,P138,Water Bottle V3,Home,2,2890,1947,10.0,5780,578.0,5202.0,3894,1308.0,25.14,Net Banking,Online,Mumbai
ORD104325,2026-06-24,C1461,P120,Notebook V3,Office,1,5080,3876,5.0,5080,254.0,4826.0,3876,950.0,19.69,UPI,Online,Mumbai
ORD104326,2025-10-12,C1288,P124,Desk Lamp V1,Office,2,4350,2868,0.0,8700,0.0,8700.0,5736,2964.0,34.07,UPI,Store,Kanpur
ORD104327,2024-02-26,C1122,P133,Stapler V1,Office,2,6390,4143,5.0,12780,639.0,12141.0,8286,3855.0,31.75,UPI,Online,Agra
ORD104328,2024-01-02,C1275,P105,Keyboard V3,Electronics,2,4190,3534,0.0,8380,0.0,8380.0,7068,1312.0,15.66,Card,Store,Gurugram
ORD104329,2025-06-01,C1029,P122,Office Chair V2,Office,2,4160,2937,0.0,8320,0.0,8320.0,5874,2446.0,29.4,Card,Online,Lucknow
ORD104330,2025-11-12,C1148,P103,Keyboard V1,Electronics,2,4190,2634,0.0,8380,0.0,8380.0,5268,3112.0,37.14,UPI,Store,Delhi
ORD104331,2025-09-02,C1115,P119,Notebook V2,Office,4,3040,2028,20.0,12160,2432.0,9728.0,8112,1616.0,16.61,UPI,Store,Delhi
ORD104332,2025-05-27,C1146,P138,Water Bottle V3,Home,2,2890,1947,0.0,5780,0.0,5780.0,3894,1886.0,32.63,UPI,Online,Delhi
ORD104333,2024-12-31,C1000,P116,Bluetooth Speaker V2,Electronics,5,4810,3714,10.0,24050,2405.0,21645.0,18570,3075.0,14.21,Card,Online,Varanasi
ORD104334,2024-03-29,C1274,P112,Webcam V1,Electronics,1,930,736,10.0,930,93.0,837.0,736,101.0,12.07,UPI,Phone,Agra
ORD104335,2024-09-18,C1175,P119,Notebook V2,Office,1,3040,2028,5.0,3040,152.0,2888.0,2028,860.0,29.78,Card,Phone,Prayagraj
ORD104336,2024-08-04,C1311,P161,Charging Cable V2,Accessories,3,2440,1541,10.0,7320,732.0,6588.0,4623,1965.0,29.83,Net Banking,Online,Mumbai
ORD104337,2024-11-14,C1194,P155,Laptop Bag V2,Accessories,2,2620,1779,10.0,5240,524.0,4716.0,3558,1158.0,24.55,Net Banking,Online,Agra
ORD104338,2026-01-20,C1033,P167,Desk Mat V2,Accessories,3,3170,2059,15.0,9510,1426.5,8083.5,6177,1906.5,23.59,UPI,Store,Jaipur
ORD104339,2025-09-02,C1059,P100,Wireless Mouse V1,Electronics,3,3130,2246,15.0,9390,1408.5,7981.5,6738,1243.5,15.58,UPI,Online,Delhi
ORD104340,2024-07-14,C1031,P172,Coffee V1,Grocery,2,660,526,0.0,1320,0.0,1320.0,1052,268.0,20.3,Card,Online,Agra
ORD104341,2025-04-29,C1088,P153,Cleaning Kit V3,Home,1,2770,1726,0.0,2770,0.0,2770.0,1726,1044.0,37.69,Card,Online,Prayagraj
ORD104342,2024-08-30,C1117,P143,Table Clock V2,Home,5,2900,2046,5.0,14500,725.0,13775.0,10230,3545.0,25.74,Net Banking,Store,Kanpur
ORD104343,2025-12-01,C1146,P141,Storage Box V3,Home,2,2200,1823,5.0,4400,220.0,4180.0,3646,534.0,12.78,UPI,Online,Delhi
ORD104344,2026-03-10,C1099,P179,Biscuits V2,Grocery,1,1150,889,5.0,1150,57.5,1092.5,889,203.5,18.63,Card,Online,Delhi
ORD104345,2024-01-14,C1115,P110,USB Hub V2,Electronics,1,980,657,15.0,980,147.0,833.0,657,176.0,21.13,UPI,Online,Delhi
ORD104346,2025-12-25,C1325,P177,Tea V3,Grocery,1,540,388,5.0,540,27.0,513.0,388,125.0,24.37,UPI,Store,Prayagraj
ORD104347,2024-06-26,C1461,P112,Webcam V1,Electronics,3,930,736,15.0,2790,418.5,2371.5,2208,163.5,6.89,UPI,Phone,Mumbai
ORD104348,2026-02-07,C1167,P178,Biscuits V1,Grocery,4,1460,1162,15.0,5840,876.0,4964.0,4648,316.0,6.37,Cash,Online,Noida
ORD104349,2025-09-22,C1281,P162,Charging Cable V3,Accessories,4,3240,2132,10.0,12960,1296.0,11664.0,8528,3136.0,26.89,Cash,Store,Kanpur
ORD104350,2025-09-07,C1423,P138,Water Bottle V3,Home,1,2890,1947,0.0,2890,0.0,2890.0,1947,943.0,32.63,UPI,Online,Noida
ORD104351,2026-04-10,C1367,P137,Water Bottle V2,Home,3,1800,1202,0.0,5400,0.0,5400.0,3606,1794.0,33.22,Net Banking,Online,Noida
ORD104352,2024-10-15,C1284,P157,Phone Case V1,Accessories,7,560,464,5.0,3920,196.0,3724.0,3248,476.0,12.78,Cash,Phone,Kanpur
ORD104353,2024-08-25,C1316,P147,Cushion V3,Home,1,2180,1724,20.0,2180,436.0,1744.0,1724,20.0,1.15,UPI,Store,Varanasi
ORD104354,2025-09-21,C1482,P158,Phone Case V2,Accessories,3,2660,1753,0.0,7980,0.0,7980.0,5259,2721.0,34.1,Card,Store,Agra
ORD104355,2025-11-17,C1301,P128,Printer Paper V2,Office,3,2840,2176,0.0,8520,0.0,8520.0,6528,1992.0,23.38,Cash,Online,Varanasi
ORD104356,2024-03-22,C1211,P107,Headphones V2,Electronics,2,3120,2535,5.0,6240,312.0,5928.0,5070,858.0,14.47,UPI,Store,Kanpur
ORD104357,2025-09-03,C1114,P173,Coffee V2,Grocery,1,930,610,5.0,930,46.5,883.5,610,273.5,30.96,Cash,Online,Kanpur
ORD104358,2025-12-06,C1315,P110,USB Hub V2,Electronics,5,980,657,5.0,4900,245.0,4655.0,3285,1370.0,29.43,UPI,Online,Varanasi
ORD104359,2025-06-20,C1397,P144,Table Clock V3,Home,1,2960,2357,10.0,2960,296.0,2664.0,2357,307.0,11.52,Card,Store,Varanasi
ORD104360,2024-09-25,C1193,P133,Stapler V1,Office,1,6390,4143,10.0,6390,639.0,5751.0,4143,1608.0,27.96,UPI,Phone,Delhi
ORD104361,2025-08-03,C1481,P104,Keyboard V2,Electronics,2,820,576,0.0,1640,0.0,1640.0,1152,488.0,29.76,UPI,Online,Lucknow
ORD104362,2025-06-27,C1490,P123,Office Chair V3,Office,1,4680,3454,5.0,4680,234.0,4446.0,3454,992.0,22.31,UPI,Store,Delhi
ORD104363,2024-05-28,C1150,P145,Cushion V1,Home,6,920,592,0.0,5520,0.0,5520.0,3552,1968.0,35.65,UPI,Phone,Jaipur
ORD104364,2025-05-01,C1228,P160,Charging Cable V1,Accessories,2,3270,2329,10.0,6540,654.0,5886.0,4658,1228.0,20.86,UPI,Store,Noida
ORD104365,2024-11-06,C1329,P171,Travel Pouch V3,Accessories,3,1430,1156,10.0,4290,429.0,3861.0,3468,393.0,10.18,UPI,Online,Prayagraj
ORD104366,2024-04-18,C1312,P108,Headphones V3,Electronics,1,4890,3636,10.0,4890,489.0,4401.0,3636,765.0,17.38,Card,Phone,Lucknow
ORD104367,2025-05-20,C1256,P125,Desk Lamp V2,Office,2,4970,3317,0.0,9940,0.0,9940.0,6634,3306.0,33.26,UPI,Store,Lucknow
ORD104368,2026-05-25,C1299,P103,Keyboard V1,Electronics,4,4190,2634,15.0,16760,2514.0,14246.0,10536,3710.0,26.04,UPI,Online,Kanpur
ORD104369,2025-11-29,C1085,P103,Keyboard V1,Electronics,5,4190,2634,0.0,20950,0.0,20950.0,13170,7780.0,37.14,Card,Online,Agra
ORD104370,2025-03-02,C1341,P138,Water Bottle V3,Home,1,2890,1947,5.0,2890,144.5,2745.5,1947,798.5,29.08,UPI,Online,Jaipur
ORD104371,2026-05-08,C1069,P110,USB Hub V2,Electronics,3,980,657,10.0,2940,294.0,2646.0,1971,675.0,25.51,Cash,Phone,Agra
ORD104372,2024-05-10,C1011,P175,Tea V1,Grocery,4,1390,900,10.0,5560,556.0,5004.0,3600,1404.0,28.06,Net Banking,Online,Agra
ORD104373,2024-01-01,C1007,P115,Bluetooth Speaker V1,Electronics,1,6930,4749,5.0,6930,346.5,6583.5,4749,1834.5,27.87,UPI,Store,Mumbai
ORD104374,2025-03-27,C1243,P111,USB Hub V3,Electronics,1,1850,1273,5.0,1850,92.5,1757.5,1273,484.5,27.57,Card,Online,Jaipur
ORD104375,2025-05-08,C1178,P110,USB Hub V2,Electronics,1,980,657,20.0,980,196.0,784.0,657,127.0,16.2,Net Banking,Store,Varanasi
ORD104376,2026-02-05,C1467,P101,Wireless Mouse V2,Electronics,3,2890,2270,15.0,8670,1300.5,7369.5,6810,559.5,7.59,UPI,Online,Kanpur
ORD104377,2024-06-08,C1216,P147,Cushion V3,Home,2,2180,1724,15.0,4360,654.0,3706.0,3448,258.0,6.96,UPI,Online,Mumbai
ORD104378,2024-04-20,C1163,P130,File Folder V1,Office,2,3130,2238,15.0,6260,939.0,5321.0,4476,845.0,15.88,Card,Store,Gurugram
ORD104379,2024-04-18,C1398,P133,Stapler V1,Office,2,6390,4143,15.0,12780,1917.0,10863.0,8286,2577.0,23.72,UPI,Store,Prayagraj
ORD104380,2025-07-20,C1195,P144,Table Clock V3,Home,2,2960,2357,5.0,5920,296.0,5624.0,4714,910.0,16.18,Card,Phone,Jaipur
ORD104381,2024-09-04,C1102,P171,Travel Pouch V3,Accessories,1,1430,1156,0.0,1430,0.0,1430.0,1156,274.0,19.16,UPI,Store,Lucknow
ORD104382,2024-06-26,C1073,P101,Wireless Mouse V2,Electronics,1,2890,2270,15.0,2890,433.5,2456.5,2270,186.5,7.59,UPI,Online,Mumbai
ORD104383,2024-12-18,C1291,P144,Table Clock V3,Home,4,2960,2357,20.0,11840,2368.0,9472.0,9428,44.0,0.46,Net Banking,Online,Noida
ORD104384,2025-04-25,C1256,P175,Tea V1,Grocery,1,1390,900,5.0,1390,69.5,1320.5,900,420.5,31.84,UPI,Online,Lucknow
ORD104385,2026-06-08,C1214,P151,Cleaning Kit V1,Home,4,2890,1977,20.0,11560,2312.0,9248.0,7908,1340.0,14.49,UPI,Online,Agra
ORD104386,2025-09-07,C1447,P110,USB Hub V2,Electronics,2,980,657,0.0,1960,0.0,1960.0,1314,646.0,32.96,UPI,Online,Jaipur
ORD104387,2025-01-16,C1008,P148,LED Bulb V1,Home,1,1590,982,5.0,1590,79.5,1510.5,982,528.5,34.99,UPI,Online,Agra
ORD104388,2025-04-05,C1375,P141,Storage Box V3,Home,1,2200,1823,5.0,2200,110.0,2090.0,1823,267.0,12.78,UPI,Online,Prayagraj
ORD104389,2025-07-08,C1263,P162,Charging Cable V3,Accessories,2,3240,2132,0.0,6480,0.0,6480.0,4264,2216.0,34.2,UPI,Phone,Gurugram
ORD104390,2024-09-07,C1492,P157,Phone Case V1,Accessories,3,560,464,20.0,1680,336.0,1344.0,1392,-48.0,-3.57,Card,Store,Agra
ORD104391,2024-03-21,C1349,P106,Headphones V1,Electronics,5,4570,3663,10.0,22850,2285.0,20565.0,18315,2250.0,10.94,Net Banking,Online,Varanasi
ORD104392,2024-06-13,C1048,P111,USB Hub V3,Electronics,3,1850,1273,10.0,5550,555.0,4995.0,3819,1176.0,23.54,Net Banking,Online,Delhi
ORD104393,2024-08-18,C1310,P102,Wireless Mouse V3,Electronics,1,3210,2684,10.0,3210,321.0,2889.0,2684,205.0,7.1,Cash,Online,Varanasi
ORD104394,2025-10-13,C1062,P155,Laptop Bag V2,Accessories,1,2620,1779,5.0,2620,131.0,2489.0,1779,710.0,28.53,UPI,Online,Kanpur
ORD104395,2024-07-28,C1021,P169,Travel Pouch V1,Accessories,2,2560,1733,10.0,5120,512.0,4608.0,3466,1142.0,24.78,Net Banking,Store,Varanasi
ORD104396,2026-02-10,C1337,P114,Webcam V3,Electronics,2,3680,2607,0.0,7360,0.0,7360.0,5214,2146.0,29.16,Cash,Store,Mumbai
ORD104397,2025-01-10,C1186,P171,Travel Pouch V3,Accessories,3,1430,1156,10.0,4290,429.0,3861.0,3468,393.0,10.18,Card,Online,Prayagraj
ORD104398,2024-01-24,C1499,P143,Table Clock V2,Home,3,2900,2046,0.0,8700,0.0,8700.0,6138,2562.0,29.45,UPI,Store,Varanasi
ORD104399,2026-06-08,C1289,P136,Water Bottle V1,Home,2,1430,1182,0.0,2860,0.0,2860.0,2364,496.0,17.34,Card,Store,Kanpur
ORD104400,2025-04-29,C1418,P136,Water Bottle V1,Home,1,1430,1182,5.0,1430,71.5,1358.5,1182,176.5,12.99,Card,Store,Delhi
ORD104401,2026-05-21,C1123,P156,Laptop Bag V3,Accessories,3,1980,1255,5.0,5940,297.0,5643.0,3765,1878.0,33.28,UPI,Phone,Mumbai
ORD104402,2024-08-04,C1205,P166,Desk Mat V1,Accessories,1,3330,2082,0.0,3330,0.0,3330.0,2082,1248.0,37.48,UPI,Store,Noida
ORD104403,2025-08-24,C1006,P106,Headphones V1,Electronics,3,4570,3663,0.0,13710,0.0,13710.0,10989,2721.0,19.85,UPI,Phone,Kanpur
ORD104404,2025-07-26,C1214,P160,Charging Cable V1,Accessories,2,3270,2329,10.0,6540,654.0,5886.0,4658,1228.0,20.86,UPI,Online,Agra
ORD104405,2024-12-16,C1061,P175,Tea V1,Grocery,4,1390,900,5.0,5560,278.0,5282.0,3600,1682.0,31.84,Cash,Online,Mumbai
ORD104406,2025-08-15,C1076,P166,Desk Mat V1,Accessories,3,3330,2082,10.0,9990,999.0,8991.0,6246,2745.0,30.53,UPI,Store,Kanpur
ORD104407,2026-05-31,C1209,P112,Webcam V1,Electronics,3,930,736,0.0,2790,0.0,2790.0,2208,582.0,20.86,UPI,Online,Jaipur
ORD104408,2024-07-13,C1482,P175,Tea V1,Grocery,3,1390,900,0.0,4170,0.0,4170.0,2700,1470.0,35.25,UPI,Online,Agra
ORD104409,2026-04-14,C1198,P109,USB Hub V1,Electronics,3,1970,1209,15.0,5910,886.5,5023.5,3627,1396.5,27.8,Card,Online,Delhi
ORD104410,2024-06-20,C1469,P102,Wireless Mouse V3,Electronics,4,3210,2684,15.0,12840,1926.0,10914.0,10736,178.0,1.63,Card,Online,Mumbai
ORD104411,2025-11-27,C1386,P136,Water Bottle V1,Home,4,1430,1182,5.0,5720,286.0,5434.0,4728,706.0,12.99,Card,Store,Delhi
ORD104412,2026-03-14,C1348,P121,Office Chair V1,Office,1,6460,4606,0.0,6460,0.0,6460.0,4606,1854.0,28.7,UPI,Online,Varanasi
ORD104413,2024-07-29,C1285,P138,Water Bottle V3,Home,2,2890,1947,5.0,5780,289.0,5491.0,3894,1597.0,29.08,Card,Online,Kanpur
ORD104414,2025-01-13,C1033,P154,Laptop Bag V1,Accessories,3,3580,2326,10.0,10740,1074.0,9666.0,6978,2688.0,27.81,UPI,Online,Jaipur
ORD104415,2025-03-31,C1146,P165,Power Bank V3,Accessories,3,1990,1688,10.0,5970,597.0,5373.0,5064,309.0,5.75,UPI,Store,Delhi
ORD104416,2026-05-30,C1234,P161,Charging Cable V2,Accessories,4,2440,1541,5.0,9760,488.0,9272.0,6164,3108.0,33.52,Card,Online,Kanpur
ORD104417,2025-04-14,C1192,P145,Cushion V1,Home,4,920,592,10.0,3680,368.0,3312.0,2368,944.0,28.5,Cash,Online,Agra
ORD104418,2024-09-23,C1051,P125,Desk Lamp V2,Office,1,4970,3317,15.0,4970,745.5,4224.5,3317,907.5,21.48,UPI,Store,Agra
ORD104419,2025-09-28,C1182,P170,Travel Pouch V2,Accessories,1,1850,1364,5.0,1850,92.5,1757.5,1364,393.5,22.39,Card,Online,Noida
ORD104420,2025-11-10,C1134,P151,Cleaning Kit V1,Home,2,2890,1977,0.0,5780,0.0,5780.0,3954,1826.0,31.59,Card,Store,Agra
ORD104421,2026-01-03,C1016,P144,Table Clock V3,Home,5,2960,2357,10.0,14800,1480.0,13320.0,11785,1535.0,11.52,UPI,Online,Varanasi
ORD104422,2026-01-02,C1097,P113,Webcam V2,Electronics,1,2640,1889,5.0,2640,132.0,2508.0,1889,619.0,24.68,Card,Store,Gurugram
ORD104423,2024-07-04,C1295,P124,Desk Lamp V1,Office,1,4350,2868,0.0,4350,0.0,4350.0,2868,1482.0,34.07,UPI,Online,Lucknow
ORD104424,2025-11-30,C1460,P120,Notebook V3,Office,3,5080,3876,5.0,15240,762.0,14478.0,11628,2850.0,19.69,Card,Online,Prayagraj
ORD104425,2024-02-04,C1200,P139,Storage Box V1,Home,2,2100,1652,5.0,4200,210.0,3990.0,3304,686.0,17.19,Cash,Store,Lucknow
ORD104426,2025-06-27,C1109,P121,Office Chair V1,Office,2,6460,4606,0.0,12920,0.0,12920.0,9212,3708.0,28.7,UPI,Store,Varanasi
ORD104427,2025-02-15,C1251,P118,Notebook V1,Office,1,2820,2304,10.0,2820,282.0,2538.0,2304,234.0,9.22,UPI,Online,Jaipur
ORD104428,2025-03-11,C1320,P151,Cleaning Kit V1,Home,2,2890,1977,5.0,5780,289.0,5491.0,3954,1537.0,27.99,UPI,Store,Agra
ORD104429,2025-02-08,C1018,P167,Desk Mat V2,Accessories,3,3170,2059,0.0,9510,0.0,9510.0,6177,3333.0,35.05,UPI,Store,Prayagraj
ORD104430,2026-06-18,C1241,P105,Keyboard V3,Electronics,1,4190,3534,5.0,4190,209.5,3980.5,3534,446.5,11.22,UPI,Online,Jaipur
ORD104431,2026-05-16,C1412,P163,Power Bank V1,Accessories,4,510,428,5.0,2040,102.0,1938.0,1712,226.0,11.66,Net Banking,Online,Prayagraj
ORD104432,2024-04-27,C1125,P143,Table Clock V2,Home,1,2900,2046,10.0,2900,290.0,2610.0,2046,564.0,21.61,Card,Store,Mumbai
ORD104433,2026-01-11,C1205,P159,Phone Case V3,Accessories,5,1360,849,10.0,6800,680.0,6120.0,4245,1875.0,30.64,Card,Online,Noida
ORD104434,2026-01-18,C1043,P145,Cushion V1,Home,1,920,592,10.0,920,92.0,828.0,592,236.0,28.5,UPI,Online,Jaipur
ORD104435,2024-06-26,C1392,P137,Water Bottle V2,Home,1,1800,1202,5.0,1800,90.0,1710.0,1202,508.0,29.71,Net Banking,Store,Prayagraj
ORD104436,2025-07-07,C1472,P119,Notebook V2,Office,4,3040,2028,10.0,12160,1216.0,10944.0,8112,2832.0,25.88,UPI,Store,Noida
ORD104437,2025-02-02,C1142,P108,Headphones V3,Electronics,2,4890,3636,10.0,9780,978.0,8802.0,7272,1530.0,17.38,UPI,Online,Delhi
ORD104438,2024-09-22,C1090,P179,Biscuits V2,Grocery,5,1150,889,15.0,5750,862.5,4887.5,4445,442.5,9.05,UPI,Store,Varanasi
ORD104439,2026-04-21,C1046,P126,Desk Lamp V3,Office,3,370,241,10.0,1110,111.0,999.0,723,276.0,27.63,Cash,Online,Lucknow
ORD104440,2024-11-06,C1231,P148,LED Bulb V1,Home,2,1590,982,0.0,3180,0.0,3180.0,1964,1216.0,38.24,UPI,Store,Gurugram
ORD104441,2025-09-29,C1444,P122,Office Chair V2,Office,1,4160,2937,5.0,4160,208.0,3952.0,2937,1015.0,25.68,UPI,Online,Jaipur
ORD104442,2024-12-18,C1010,P141,Storage Box V3,Home,3,2200,1823,0.0,6600,0.0,6600.0,5469,1131.0,17.14,Card,Store,Kanpur
ORD104443,2025-04-15,C1317,P118,Notebook V1,Office,1,2820,2304,15.0,2820,423.0,2397.0,2304,93.0,3.88,Net Banking,Online,Delhi
ORD104444,2024-01-18,C1154,P100,Wireless Mouse V1,Electronics,9,3130,2246,10.0,28170,2817.0,25353.0,20214,5139.0,20.27,UPI,Phone,Kanpur
ORD104445,2024-11-18,C1088,P144,Table Clock V3,Home,5,2960,2357,10.0,14800,1480.0,13320.0,11785,1535.0,11.52,UPI,Online,Prayagraj
ORD104446,2024-09-03,C1112,P124,Desk Lamp V1,Office,4,4350,2868,20.0,17400,3480.0,13920.0,11472,2448.0,17.59,UPI,Online,Varanasi
ORD104447,2025-06-27,C1177,P159,Phone Case V3,Accessories,1,1360,849,15.0,1360,204.0,1156.0,849,307.0,26.56,UPI,Online,Jaipur
ORD104448,2025-06-05,C1315,P124,Desk Lamp V1,Office,2,4350,2868,10.0,8700,870.0,7830.0,5736,2094.0,26.74,Card,Store,Varanasi
ORD104449,2024-08-04,C1488,P115,Bluetooth Speaker V1,Electronics,4,6930,4749,15.0,27720,4158.0,23562.0,18996,4566.0,19.38,Card,Online,Lucknow
ORD104450,2026-05-08,C1147,P154,Laptop Bag V1,Accessories,1,3580,2326,0.0,3580,0.0,3580.0,2326,1254.0,35.03,UPI,Phone,Lucknow
ORD104451,2025-07-04,C1247,P131,File Folder V2,Office,1,5150,3339,5.0,5150,257.5,4892.5,3339,1553.5,31.75,UPI,Phone,Kanpur
ORD104452,2024-08-19,C1130,P161,Charging Cable V2,Accessories,1,2440,1541,0.0,2440,0.0,2440.0,1541,899.0,36.84,Card,Online,Prayagraj
ORD104453,2025-02-09,C1127,P131,File Folder V2,Office,5,5150,3339,0.0,25750,0.0,25750.0,16695,9055.0,35.17,UPI,Phone,Gurugram
ORD104454,2025-02-26,C1197,P144,Table Clock V3,Home,1,2960,2357,0.0,2960,0.0,2960.0,2357,603.0,20.37,Net Banking,Online,Lucknow
ORD104455,2026-01-11,C1043,P143,Table Clock V2,Home,2,2900,2046,10.0,5800,580.0,5220.0,4092,1128.0,21.61,Card,Online,Jaipur
ORD104456,2024-06-19,C1217,P118,Notebook V1,Office,1,2820,2304,5.0,2820,141.0,2679.0,2304,375.0,14.0,Net Banking,Phone,Agra
ORD104457,2025-11-28,C1215,P142,Table Clock V1,Home,6,2610,1876,5.0,15660,783.0,14877.0,11256,3621.0,24.34,Card,Online,Lucknow
ORD104458,2025-07-23,C1037,P105,Keyboard V3,Electronics,1,4190,3534,10.0,4190,419.0,3771.0,3534,237.0,6.28,Card,Online,Lucknow
ORD104459,2024-01-05,C1322,P119,Notebook V2,Office,1,3040,2028,0.0,3040,0.0,3040.0,2028,1012.0,33.29,UPI,Store,Noida
ORD104460,2024-09-06,C1427,P112,Webcam V1,Electronics,3,930,736,10.0,2790,279.0,2511.0,2208,303.0,12.07,UPI,Store,Lucknow
ORD104461,2024-10-29,C1316,P145,Cushion V1,Home,4,920,592,10.0,3680,368.0,3312.0,2368,944.0,28.5,Net Banking,Online,Varanasi
ORD104462,2024-01-07,C1370,P167,Desk Mat V2,Accessories,2,3170,2059,5.0,6340,317.0,6023.0,4118,1905.0,31.63,Card,Store,Delhi
ORD104463,2025-08-07,C1189,P105,Keyboard V3,Electronics,1,4190,3534,5.0,4190,209.5,3980.5,3534,446.5,11.22,Net Banking,Online,Kanpur
ORD104464,2024-11-02,C1383,P137,Water Bottle V2,Home,3,1800,1202,5.0,5400,270.0,5130.0,3606,1524.0,29.71,UPI,Online,Jaipur
ORD104465,2025-09-14,C1237,P176,Tea V2,Grocery,4,920,750,5.0,3680,184.0,3496.0,3000,496.0,14.19,Cash,Store,Prayagraj
ORD104466,2024-10-11,C1316,P128,Printer Paper V2,Office,3,2840,2176,10.0,8520,852.0,7668.0,6528,1140.0,14.87,Net Banking,Online,Varanasi
ORD104467,2025-12-24,C1260,P145,Cushion V1,Home,1,920,592,5.0,920,46.0,874.0,592,282.0,32.27,UPI,Store,Prayagraj
ORD104468,2024-10-04,C1046,P105,Keyboard V3,Electronics,4,4190,3534,5.0,16760,838.0,15922.0,14136,1786.0,11.22,Card,Store,Lucknow
ORD104469,2025-01-11,C1462,P101,Wireless Mouse V2,Electronics,1,2890,2270,5.0,2890,144.5,2745.5,2270,475.5,17.32,UPI,Online,Lucknow
ORD104470,2026-02-08,C1006,P120,Notebook V3,Office,2,5080,3876,0.0,10160,0.0,10160.0,7752,2408.0,23.7,UPI,Phone,Kanpur
ORD104471,2024-10-14,C1308,P168,Desk Mat V3,Accessories,6,2910,2229,20.0,17460,3492.0,13968.0,13374,594.0,4.25,Card,Phone,Mumbai
ORD104472,2026-02-14,C1479,P119,Notebook V2,Office,3,3040,2028,5.0,9120,456.0,8664.0,6084,2580.0,29.78,UPI,Store,Varanasi
ORD104473,2024-11-20,C1300,P161,Charging Cable V2,Accessories,4,2440,1541,20.0,9760,1952.0,7808.0,6164,1644.0,21.06,UPI,Online,Noida
ORD104474,2026-01-08,C1464,P154,Laptop Bag V1,Accessories,4,3580,2326,5.0,14320,716.0,13604.0,9304,4300.0,31.61,UPI,Online,Lucknow
ORD104475,2024-09-05,C1322,P143,Table Clock V2,Home,1,2900,2046,5.0,2900,145.0,2755.0,2046,709.0,25.74,Net Banking,Store,Noida
ORD104476,2024-07-10,C1006,P119,Notebook V2,Office,1,3040,2028,0.0,3040,0.0,3040.0,2028,1012.0,33.29,Cash,Phone,Kanpur
ORD104477,2024-01-25,C1101,P122,Office Chair V2,Office,2,4160,2937,10.0,8320,832.0,7488.0,5874,1614.0,21.55,UPI,Online,Prayagraj
ORD104478,2024-01-09,C1396,P163,Power Bank V1,Accessories,5,510,428,15.0,2550,382.5,2167.5,2140,27.5,1.27,UPI,Store,Lucknow
ORD104479,2024-04-03,C1406,P131,File Folder V2,Office,3,5150,3339,0.0,15450,0.0,15450.0,10017,5433.0,35.17,Card,Store,Delhi
ORD104480,2024-04-25,C1361,P115,Bluetooth Speaker V1,Electronics,3,6930,4749,0.0,20790,0.0,20790.0,14247,6543.0,31.47,UPI,Online,Mumbai
ORD104481,2024-03-19,C1285,P114,Webcam V3,Electronics,2,3680,2607,5.0,7360,368.0,6992.0,5214,1778.0,25.43,UPI,Online,Kanpur
ORD104482,2025-01-27,C1467,P108,Headphones V3,Electronics,1,4890,3636,5.0,4890,244.5,4645.5,3636,1009.5,21.73,UPI,Online,Kanpur
ORD104483,2025-07-05,C1178,P159,Phone Case V3,Accessories,1,1360,849,10.0,1360,136.0,1224.0,849,375.0,30.64,UPI,Online,Varanasi
ORD104484,2024-04-14,C1024,P108,Headphones V3,Electronics,1,4890,3636,0.0,4890,0.0,4890.0,3636,1254.0,25.64,Net Banking,Store,Mumbai
ORD104485,2025-10-07,C1431,P143,Table Clock V2,Home,5,2900,2046,15.0,14500,2175.0,12325.0,10230,2095.0,17.0,UPI,Store,Noida
ORD104486,2026-04-02,C1435,P158,Phone Case V2,Accessories,3,2660,1753,0.0,7980,0.0,7980.0,5259,2721.0,34.1,UPI,Store,Prayagraj
ORD104487,2026-06-23,C1137,P165,Power Bank V3,Accessories,1,1990,1688,10.0,1990,199.0,1791.0,1688,103.0,5.75,UPI,Online,Mumbai
ORD104488,2026-03-23,C1367,P114,Webcam V3,Electronics,1,3680,2607,20.0,3680,736.0,2944.0,2607,337.0,11.45,UPI,Online,Noida
ORD104489,2025-11-27,C1074,P153,Cleaning Kit V3,Home,2,2770,1726,0.0,5540,0.0,5540.0,3452,2088.0,37.69,Card,Online,Agra
ORD104490,2024-11-12,C1100,P119,Notebook V2,Office,4,3040,2028,0.0,12160,0.0,12160.0,8112,4048.0,33.29,Card,Online,Mumbai
ORD104491,2025-03-13,C1300,P147,Cushion V3,Home,1,2180,1724,10.0,2180,218.0,1962.0,1724,238.0,12.13,UPI,Store,Noida
ORD104492,2025-04-25,C1491,P118,Notebook V1,Office,2,2820,2304,10.0,5640,564.0,5076.0,4608,468.0,9.22,Card,Store,Noida
ORD104493,2024-04-09,C1115,P155,Laptop Bag V2,Accessories,1,2620,1779,0.0,2620,0.0,2620.0,1779,841.0,32.1,Card,Online,Delhi
ORD104494,2025-03-03,C1401,P129,Printer Paper V3,Office,2,7700,4733,5.0,15400,770.0,14630.0,9466,5164.0,35.3,UPI,Online,Gurugram
ORD104495,2025-05-07,C1056,P113,Webcam V2,Electronics,2,2640,1889,15.0,5280,792.0,4488.0,3778,710.0,15.82,UPI,Store,Gurugram
ORD104496,2024-08-05,C1066,P168,Desk Mat V3,Accessories,6,2910,2229,15.0,17460,2619.0,14841.0,13374,1467.0,9.88,UPI,Online,Noida
ORD104497,2025-01-27,C1401,P158,Phone Case V2,Accessories,2,2660,1753,5.0,5320,266.0,5054.0,3506,1548.0,30.63,UPI,Store,Gurugram
ORD104498,2024-04-10,C1225,P134,Stapler V2,Office,2,5250,3976,10.0,10500,1050.0,9450.0,7952,1498.0,15.85,UPI,Online,Delhi
ORD104499,2024-09-02,C1062,P174,Coffee V3,Grocery,4,1420,1012,15.0,5680,852.0,4828.0,4048,780.0,16.16,UPI,Online,Kanpur
ORD104500,2025-11-03,C1467,P154,Laptop Bag V1,Accessories,2,3580,2326,10.0,7160,716.0,6444.0,4652,1792.0,27.81,Net Banking,Store,Kanpur
ORD104501,2025-10-03,C1261,P151,Cleaning Kit V1,Home,3,2890,1977,5.0,8670,433.5,8236.5,5931,2305.5,27.99,UPI,Store,Kanpur
ORD104502,2025-09-22,C1145,P178,Biscuits V1,Grocery,7,1460,1162,5.0,10220,511.0,9709.0,8134,1575.0,16.22,Net Banking,Store,Mumbai
ORD104503,2026-03-26,C1321,P115,Bluetooth Speaker V1,Electronics,4,6930,4749,10.0,27720,2772.0,24948.0,18996,5952.0,23.86,UPI,Online,Gurugram
ORD104504,2026-05-26,C1285,P108,Headphones V3,Electronics,5,4890,3636,0.0,24450,0.0,24450.0,18180,6270.0,25.64,Card,Store,Kanpur
ORD104505,2024-08-31,C1428,P139,Storage Box V1,Home,2,2100,1652,0.0,4200,0.0,4200.0,3304,896.0,21.33,Cash,Online,Delhi
ORD104506,2024-07-19,C1306,P174,Coffee V3,Grocery,3,1420,1012,10.0,4260,426.0,3834.0,3036,798.0,20.81,UPI,Online,Lucknow
ORD104507,2025-07-02,C1272,P179,Biscuits V2,Grocery,2,1150,889,10.0,2300,230.0,2070.0,1778,292.0,14.11,UPI,Online,Lucknow
ORD104508,2024-06-22,C1182,P172,Coffee V1,Grocery,1,660,526,15.0,660,99.0,561.0,526,35.0,6.24,Card,Online,Noida
ORD104509,2025-08-13,C1015,P121,Office Chair V1,Office,3,6460,4606,0.0,19380,0.0,19380.0,13818,5562.0,28.7,UPI,Store,Lucknow
ORD104510,2026-01-11,C1133,P146,Cushion V2,Home,3,3320,2419,5.0,9960,498.0,9462.0,7257,2205.0,23.3,UPI,Store,Kanpur
ORD104511,2025-07-22,C1233,P169,Travel Pouch V1,Accessories,1,2560,1733,10.0,2560,256.0,2304.0,1733,571.0,24.78,Cash,Online,Varanasi
ORD104512,2025-02-22,C1129,P139,Storage Box V1,Home,1,2100,1652,5.0,2100,105.0,1995.0,1652,343.0,17.19,UPI,Store,Prayagraj
ORD104513,2026-06-19,C1119,P126,Desk Lamp V3,Office,3,370,241,10.0,1110,111.0,999.0,723,276.0,27.63,Card,Store,Mumbai
ORD104514,2025-02-17,C1313,P119,Notebook V2,Office,3,3040,2028,5.0,9120,456.0,8664.0,6084,2580.0,29.78,UPI,Online,Jaipur
ORD104515,2025-10-26,C1217,P120,Notebook V3,Office,3,5080,3876,15.0,15240,2286.0,12954.0,11628,1326.0,10.24,UPI,Online,Agra
ORD104516,2024-08-10,C1447,P129,Printer Paper V3,Office,3,7700,4733,0.0,23100,0.0,23100.0,14199,8901.0,38.53,UPI,Phone,Jaipur
ORD104517,2024-03-08,C1025,P132,File Folder V3,Office,1,4410,2825,10.0,4410,441.0,3969.0,2825,1144.0,28.82,Card,Online,Gurugram
ORD104518,2025-02-09,C1233,P146,Cushion V2,Home,1,3320,2419,0.0,3320,0.0,3320.0,2419,901.0,27.14,Card,Online,Varanasi
ORD104519,2024-01-16,C1282,P144,Table Clock V3,Home,4,2960,2357,0.0,11840,0.0,11840.0,9428,2412.0,20.37,Card,Store,Varanasi
ORD104520,2026-01-22,C1353,P108,Headphones V3,Electronics,2,4890,3636,15.0,9780,1467.0,8313.0,7272,1041.0,12.52,UPI,Online,Varanasi
ORD104521,2024-03-10,C1110,P101,Wireless Mouse V2,Electronics,2,2890,2270,5.0,5780,289.0,5491.0,4540,951.0,17.32,UPI,Store,Prayagraj
ORD104522,2024-01-22,C1013,P177,Tea V3,Grocery,2,540,388,5.0,1080,54.0,1026.0,776,250.0,24.37,Card,Online,Gurugram
ORD104523,2024-10-05,C1255,P147,Cushion V3,Home,3,2180,1724,10.0,6540,654.0,5886.0,5172,714.0,12.13,Card,Online,Lucknow
ORD104524,2025-04-10,C1126,P152,Cleaning Kit V2,Home,1,3090,2318,0.0,3090,0.0,3090.0,2318,772.0,24.98,Card,Online,Gurugram
ORD104525,2025-12-19,C1196,P126,Desk Lamp V3,Office,4,370,241,10.0,1480,148.0,1332.0,964,368.0,27.63,Net Banking,Store,Gurugram
ORD104526,2026-03-01,C1497,P119,Notebook V2,Office,2,3040,2028,0.0,6080,0.0,6080.0,4056,2024.0,33.29,UPI,Online,Lucknow
ORD104527,2024-12-02,C1446,P130,File Folder V1,Office,1,3130,2238,0.0,3130,0.0,3130.0,2238,892.0,28.5,Cash,Online,Noida
ORD104528,2026-01-09,C1271,P118,Notebook V1,Office,1,2820,2304,5.0,2820,141.0,2679.0,2304,375.0,14.0,Net Banking,Online,Delhi
ORD104529,2025-12-25,C1017,P105,Keyboard V3,Electronics,3,4190,3534,5.0,12570,628.5,11941.5,10602,1339.5,11.22,Card,Store,Lucknow
ORD104530,2025-01-25,C1062,P127,Printer Paper V1,Office,1,6100,4997,5.0,6100,305.0,5795.0,4997,798.0,13.77,UPI,Online,Kanpur
ORD104531,2025-12-11,C1293,P161,Charging Cable V2,Accessories,5,2440,1541,0.0,12200,0.0,12200.0,7705,4495.0,36.84,Card,Store,Gurugram
ORD104532,2026-01-21,C1073,P137,Water Bottle V2,Home,3,1800,1202,10.0,5400,540.0,4860.0,3606,1254.0,25.8,UPI,Online,Mumbai
ORD104533,2025-05-02,C1364,P163,Power Bank V1,Accessories,4,510,428,15.0,2040,306.0,1734.0,1712,22.0,1.27,UPI,Online,Agra
ORD104534,2026-02-05,C1287,P135,Stapler V3,Office,4,7170,4632,10.0,28680,2868.0,25812.0,18528,7284.0,28.22,Net Banking,Store,Varanasi
ORD104535,2024-01-23,C1124,P170,Travel Pouch V2,Accessories,5,1850,1364,5.0,9250,462.5,8787.5,6820,1967.5,22.39,Cash,Store,Kanpur
ORD104536,2024-09-16,C1436,P100,Wireless Mouse V1,Electronics,2,3130,2246,0.0,6260,0.0,6260.0,4492,1768.0,28.24,Card,Store,Jaipur
ORD104537,2025-10-21,C1387,P107,Headphones V2,Electronics,1,3120,2535,5.0,3120,156.0,2964.0,2535,429.0,14.47,UPI,Online,Agra
ORD104538,2025-12-26,C1025,P133,Stapler V1,Office,6,6390,4143,15.0,38340,5751.0,32589.0,24858,7731.0,23.72,Card,Phone,Gurugram
ORD104539,2024-12-11,C1066,P108,Headphones V3,Electronics,5,4890,3636,10.0,24450,2445.0,22005.0,18180,3825.0,17.38,Card,Online,Noida
ORD104540,2025-04-04,C1264,P153,Cleaning Kit V3,Home,5,2770,1726,10.0,13850,1385.0,12465.0,8630,3835.0,30.77,UPI,Online,Gurugram
ORD104541,2024-06-19,C1343,P171,Travel Pouch V3,Accessories,1,1430,1156,10.0,1430,143.0,1287.0,1156,131.0,10.18,Card,Online,Gurugram
ORD104542,2024-04-11,C1009,P140,Storage Box V2,Home,1,1780,1191,5.0,1780,89.0,1691.0,1191,500.0,29.57,Net Banking,Store,Prayagraj
ORD104543,2025-06-15,C1396,P116,Bluetooth Speaker V2,Electronics,1,4810,3714,15.0,4810,721.5,4088.5,3714,374.5,9.16,Card,Store,Lucknow
ORD104544,2024-12-06,C1271,P122,Office Chair V2,Office,1,4160,2937,5.0,4160,208.0,3952.0,2937,1015.0,25.68,UPI,Online,Delhi
ORD104545,2024-07-21,C1032,P144,Table Clock V3,Home,2,2960,2357,0.0,5920,0.0,5920.0,4714,1206.0,20.37,UPI,Online,Lucknow
ORD104546,2024-04-05,C1423,P177,Tea V3,Grocery,2,540,388,0.0,1080,0.0,1080.0,776,304.0,28.15,Cash,Store,Noida
ORD104547,2024-04-02,C1070,P169,Travel Pouch V1,Accessories,2,2560,1733,0.0,5120,0.0,5120.0,3466,1654.0,32.3,Cash,Online,Agra
ORD104548,2024-08-04,C1239,P144,Table Clock V3,Home,4,2960,2357,10.0,11840,1184.0,10656.0,9428,1228.0,11.52,Card,Store,Prayagraj
ORD104549,2025-09-27,C1425,P108,Headphones V3,Electronics,2,4890,3636,0.0,9780,0.0,9780.0,7272,2508.0,25.64,Net Banking,Store,Lucknow
ORD104550,2026-01-13,C1441,P117,Bluetooth Speaker V3,Electronics,1,1400,967,10.0,1400,140.0,1260.0,967,293.0,23.25,Net Banking,Online,Agra
ORD104551,2025-04-12,C1390,P103,Keyboard V1,Electronics,2,4190,2634,5.0,8380,419.0,7961.0,5268,2693.0,33.83,UPI,Online,Varanasi
ORD104552,2024-03-17,C1134,P169,Travel Pouch V1,Accessories,1,2560,1733,5.0,2560,128.0,2432.0,1733,699.0,28.74,Card,Online,Agra
ORD104553,2024-11-01,C1342,P105,Keyboard V3,Electronics,2,4190,3534,20.0,8380,1676.0,6704.0,7068,-364.0,-5.43,UPI,Online,Kanpur
ORD104554,2025-02-16,C1139,P155,Laptop Bag V2,Accessories,1,2620,1779,10.0,2620,262.0,2358.0,1779,579.0,24.55,Card,Online,Kanpur
ORD104555,2026-01-23,C1329,P170,Travel Pouch V2,Accessories,2,1850,1364,15.0,3700,555.0,3145.0,2728,417.0,13.26,Card,Online,Prayagraj
ORD104556,2025-01-15,C1065,P166,Desk Mat V1,Accessories,1,3330,2082,0.0,3330,0.0,3330.0,2082,1248.0,37.48,UPI,Online,Noida
ORD104557,2024-07-25,C1072,P102,Wireless Mouse V3,Electronics,3,3210,2684,0.0,9630,0.0,9630.0,8052,1578.0,16.39,Net Banking,Online,Kanpur
ORD104558,2025-10-15,C1437,P179,Biscuits V2,Grocery,2,1150,889,0.0,2300,0.0,2300.0,1778,522.0,22.7,Card,Store,Gurugram
ORD104559,2024-09-12,C1102,P118,Notebook V1,Office,1,2820,2304,5.0,2820,141.0,2679.0,2304,375.0,14.0,UPI,Online,Lucknow
ORD104560,2024-09-27,C1185,P166,Desk Mat V1,Accessories,5,3330,2082,20.0,16650,3330.0,13320.0,10410,2910.0,21.85,Card,Store,Jaipur
ORD104561,2024-08-14,C1435,P148,LED Bulb V1,Home,2,1590,982,5.0,3180,159.0,3021.0,1964,1057.0,34.99,Card,Phone,Prayagraj
ORD104562,2024-03-01,C1266,P126,Desk Lamp V3,Office,3,370,241,0.0,1110,0.0,1110.0,723,387.0,34.86,Card,Online,Delhi
ORD104563,2024-04-28,C1340,P142,Table Clock V1,Home,1,2610,1876,10.0,2610,261.0,2349.0,1876,473.0,20.14,UPI,Online,Jaipur
ORD104564,2025-07-01,C1347,P118,Notebook V1,Office,3,2820,2304,0.0,8460,0.0,8460.0,6912,1548.0,18.3,Cash,Store,Jaipur
ORD104565,2025-02-22,C1222,P179,Biscuits V2,Grocery,1,1150,889,20.0,1150,230.0,920.0,889,31.0,3.37,Cash,Online,Delhi
ORD104566,2024-09-14,C1250,P117,Bluetooth Speaker V3,Electronics,1,1400,967,0.0,1400,0.0,1400.0,967,433.0,30.93,Net Banking,Store,Jaipur
ORD104567,2026-05-29,C1466,P148,LED Bulb V1,Home,1,1590,982,5.0,1590,79.5,1510.5,982,528.5,34.99,UPI,Online,Varanasi
ORD104568,2026-01-07,C1220,P120,Notebook V3,Office,2,5080,3876,10.0,10160,1016.0,9144.0,7752,1392.0,15.22,UPI,Store,Agra
ORD104569,2024-01-16,C1164,P119,Notebook V2,Office,3,3040,2028,15.0,9120,1368.0,7752.0,6084,1668.0,21.52,Net Banking,Store,Prayagraj
ORD104570,2025-07-12,C1024,P149,LED Bulb V2,Home,1,1290,1029,10.0,1290,129.0,1161.0,1029,132.0,11.37,Card,Store,Mumbai
ORD104571,2024-09-16,C1164,P105,Keyboard V3,Electronics,1,4190,3534,0.0,4190,0.0,4190.0,3534,656.0,15.66,UPI,Online,Prayagraj
ORD104572,2024-06-23,C1111,P151,Cleaning Kit V1,Home,2,2890,1977,5.0,5780,289.0,5491.0,3954,1537.0,27.99,Card,Online,Delhi
ORD104573,2024-07-04,C1040,P150,LED Bulb V3,Home,1,2960,2119,0.0,2960,0.0,2960.0,2119,841.0,28.41,Net Banking,Online,Lucknow
ORD104574,2024-10-03,C1183,P168,Desk Mat V3,Accessories,4,2910,2229,5.0,11640,582.0,11058.0,8916,2142.0,19.37,Card,Phone,Agra
ORD104575,2024-09-02,C1479,P145,Cushion V1,Home,1,920,592,20.0,920,184.0,736.0,592,144.0,19.57,Cash,Store,Varanasi
ORD104576,2024-11-10,C1265,P101,Wireless Mouse V2,Electronics,5,2890,2270,5.0,14450,722.5,13727.5,11350,2377.5,17.32,UPI,Online,Kanpur
ORD104577,2024-01-23,C1384,P158,Phone Case V2,Accessories,1,2660,1753,5.0,2660,133.0,2527.0,1753,774.0,30.63,Net Banking,Online,Noida
ORD104578,2024-03-30,C1143,P138,Water Bottle V3,Home,6,2890,1947,10.0,17340,1734.0,15606.0,11682,3924.0,25.14,Card,Online,Gurugram
ORD104579,2025-07-09,C1308,P134,Stapler V2,Office,1,5250,3976,10.0,5250,525.0,4725.0,3976,749.0,15.85,Cash,Store,Mumbai
ORD104580,2026-04-25,C1168,P178,Biscuits V1,Grocery,2,1460,1162,5.0,2920,146.0,2774.0,2324,450.0,16.22,Net Banking,Online,Lucknow
ORD104581,2024-01-11,C1380,P150,LED Bulb V3,Home,5,2960,2119,15.0,14800,2220.0,12580.0,10595,1985.0,15.78,UPI,Store,Kanpur
ORD104582,2026-01-13,C1178,P167,Desk Mat V2,Accessories,4,3170,2059,15.0,12680,1902.0,10778.0,8236,2542.0,23.59,Card,Store,Varanasi
ORD104583,2024-06-02,C1253,P178,Biscuits V1,Grocery,2,1460,1162,0.0,2920,0.0,2920.0,2324,596.0,20.41,UPI,Store,Kanpur
ORD104584,2025-05-31,C1061,P125,Desk Lamp V2,Office,3,4970,3317,0.0,14910,0.0,14910.0,9951,4959.0,33.26,Cash,Store,Mumbai
ORD104585,2024-02-02,C1068,P149,LED Bulb V2,Home,1,1290,1029,10.0,1290,129.0,1161.0,1029,132.0,11.37,Card,Store,Mumbai
ORD104586,2024-08-24,C1391,P143,Table Clock V2,Home,1,2900,2046,0.0,2900,0.0,2900.0,2046,854.0,29.45,Card,Online,Gurugram
ORD104587,2024-10-05,C1218,P156,Laptop Bag V3,Accessories,4,1980,1255,0.0,7920,0.0,7920.0,5020,2900.0,36.62,UPI,Online,Jaipur
ORD104588,2024-12-25,C1177,P114,Webcam V3,Electronics,1,3680,2607,5.0,3680,184.0,3496.0,2607,889.0,25.43,UPI,Store,Jaipur
ORD104589,2026-05-11,C1044,P108,Headphones V3,Electronics,3,4890,3636,15.0,14670,2200.5,12469.5,10908,1561.5,12.52,Card,Online,Delhi
ORD104590,2024-03-08,C1356,P137,Water Bottle V2,Home,2,1800,1202,0.0,3600,0.0,3600.0,2404,1196.0,33.22,UPI,Store,Gurugram
ORD104591,2024-03-19,C1432,P123,Office Chair V3,Office,3,4680,3454,0.0,14040,0.0,14040.0,10362,3678.0,26.2,Cash,Phone,Mumbai
ORD104592,2024-01-22,C1178,P167,Desk Mat V2,Accessories,2,3170,2059,5.0,6340,317.0,6023.0,4118,1905.0,31.63,UPI,Online,Varanasi
ORD104593,2026-06-15,C1424,P162,Charging Cable V3,Accessories,3,3240,2132,5.0,9720,486.0,9234.0,6396,2838.0,30.73,UPI,Store,Prayagraj
ORD104594,2026-05-15,C1475,P161,Charging Cable V2,Accessories,6,2440,1541,15.0,14640,2196.0,12444.0,9246,3198.0,25.7,UPI,Online,Noida
ORD104595,2025-04-02,C1193,P101,Wireless Mouse V2,Electronics,6,2890,2270,5.0,17340,867.0,16473.0,13620,2853.0,17.32,UPI,Online,Delhi
ORD104596,2026-01-24,C1293,P158,Phone Case V2,Accessories,2,2660,1753,10.0,5320,532.0,4788.0,3506,1282.0,26.78,Card,Online,Gurugram
ORD104597,2026-01-24,C1031,P126,Desk Lamp V3,Office,3,370,241,10.0,1110,111.0,999.0,723,276.0,27.63,UPI,Online,Agra
ORD104598,2025-01-13,C1438,P172,Coffee V1,Grocery,3,660,526,15.0,1980,297.0,1683.0,1578,105.0,6.24,UPI,Store,Kanpur
ORD104599,2026-02-10,C1486,P157,Phone Case V1,Accessories,4,560,464,10.0,2240,224.0,2016.0,1856,160.0,7.94,Card,Online,Mumbai
ORD104600,2025-09-19,C1195,P154,Laptop Bag V1,Accessories,2,3580,2326,10.0,7160,716.0,6444.0,4652,1792.0,27.81,UPI,Store,Jaipur
ORD104601,2025-09-30,C1473,P144,Table Clock V3,Home,2,2960,2357,20.0,5920,1184.0,4736.0,4714,22.0,0.46,Card,Phone,Kanpur
ORD104602,2025-11-02,C1239,P164,Power Bank V2,Accessories,5,1150,849,5.0,5750,287.5,5462.5,4245,1217.5,22.29,Net Banking,Store,Prayagraj
ORD104603,2025-05-12,C1422,P100,Wireless Mouse V1,Electronics,1,3130,2246,0.0,3130,0.0,3130.0,2246,884.0,28.24,UPI,Store,Agra
ORD104604,2026-03-29,C1272,P165,Power Bank V3,Accessories,2,1990,1688,5.0,3980,199.0,3781.0,3376,405.0,10.71,Cash,Store,Lucknow
ORD104605,2025-05-22,C1365,P118,Notebook V1,Office,4,2820,2304,10.0,11280,1128.0,10152.0,9216,936.0,9.22,Card,Phone,Jaipur
ORD104606,2025-02-06,C1239,P134,Stapler V2,Office,1,5250,3976,5.0,5250,262.5,4987.5,3976,1011.5,20.28,Card,Online,Prayagraj
ORD104607,2025-06-06,C1101,P169,Travel Pouch V1,Accessories,3,2560,1733,0.0,7680,0.0,7680.0,5199,2481.0,32.3,Card,Store,Prayagraj
ORD104608,2025-02-25,C1321,P156,Laptop Bag V3,Accessories,4,1980,1255,5.0,7920,396.0,7524.0,5020,2504.0,33.28,UPI,Online,Gurugram
ORD104609,2024-12-20,C1233,P152,Cleaning Kit V2,Home,1,3090,2318,20.0,3090,618.0,2472.0,2318,154.0,6.23,UPI,Online,Varanasi
ORD104610,2026-05-22,C1176,P163,Power Bank V1,Accessories,3,510,428,10.0,1530,153.0,1377.0,1284,93.0,6.75,UPI,Online,Kanpur
ORD104611,2026-03-24,C1195,P171,Travel Pouch V3,Accessories,4,1430,1156,5.0,5720,286.0,5434.0,4624,810.0,14.91,Net Banking,Store,Jaipur
ORD104612,2025-05-27,C1469,P155,Laptop Bag V2,Accessories,1,2620,1779,10.0,2620,262.0,2358.0,1779,579.0,24.55,UPI,Online,Mumbai
ORD104613,2026-03-06,C1153,P133,Stapler V1,Office,5,6390,4143,10.0,31950,3195.0,28755.0,20715,8040.0,27.96,UPI,Store,Agra
ORD104614,2024-01-01,C1286,P151,Cleaning Kit V1,Home,4,2890,1977,15.0,11560,1734.0,9826.0,7908,1918.0,19.52,Cash,Online,Jaipur
ORD104615,2024-05-07,C1184,P159,Phone Case V3,Accessories,1,1360,849,0.0,1360,0.0,1360.0,849,511.0,37.57,UPI,Online,Gurugram
ORD104616,2024-03-19,C1018,P150,LED Bulb V3,Home,1,2960,2119,5.0,2960,148.0,2812.0,2119,693.0,24.64,Card,Online,Prayagraj
ORD104617,2024-08-17,C1280,P125,Desk Lamp V2,Office,1,4970,3317,0.0,4970,0.0,4970.0,3317,1653.0,33.26,UPI,Store,Noida
ORD104618,2026-06-12,C1135,P129,Printer Paper V3,Office,1,7700,4733,15.0,7700,1155.0,6545.0,4733,1812.0,27.69,Net Banking,Online,Agra
ORD104619,2025-11-14,C1325,P156,Laptop Bag V3,Accessories,1,1980,1255,0.0,1980,0.0,1980.0,1255,725.0,36.62,UPI,Online,Prayagraj
ORD104620,2024-04-24,C1417,P116,Bluetooth Speaker V2,Electronics,1,4810,3714,10.0,4810,481.0,4329.0,3714,615.0,14.21,UPI,Online,Prayagraj
ORD104621,2025-10-16,C1089,P110,USB Hub V2,Electronics,5,980,657,10.0,4900,490.0,4410.0,3285,1125.0,25.51,Card,Store,Kanpur
ORD104622,2025-10-13,C1111,P110,USB Hub V2,Electronics,4,980,657,0.0,3920,0.0,3920.0,2628,1292.0,32.96,Card,Online,Delhi
ORD104623,2025-10-15,C1349,P130,File Folder V1,Office,3,3130,2238,5.0,9390,469.5,8920.5,6714,2206.5,24.74,Net Banking,Store,Varanasi
ORD104624,2026-05-30,C1297,P120,Notebook V3,Office,2,5080,3876,5.0,10160,508.0,9652.0,7752,1900.0,19.69,UPI,Online,Lucknow
ORD104625,2024-06-01,C1223,P169,Travel Pouch V1,Accessories,1,2560,1733,5.0,2560,128.0,2432.0,1733,699.0,28.74,Card,Store,Prayagraj
ORD104626,2025-01-16,C1095,P115,Bluetooth Speaker V1,Electronics,1,6930,4749,10.0,6930,693.0,6237.0,4749,1488.0,23.86,Net Banking,Store,Agra
ORD104627,2025-05-05,C1380,P112,Webcam V1,Electronics,4,930,736,10.0,3720,372.0,3348.0,2944,404.0,12.07,Cash,Online,Kanpur
ORD104628,2025-07-04,C1333,P131,File Folder V2,Office,1,5150,3339,5.0,5150,257.5,4892.5,3339,1553.5,31.75,Cash,Online,Prayagraj
ORD104629,2026-03-10,C1210,P125,Desk Lamp V2,Office,6,4970,3317,5.0,29820,1491.0,28329.0,19902,8427.0,29.75,Card,Online,Mumbai
ORD104630,2024-02-27,C1268,P121,Office Chair V1,Office,4,6460,4606,0.0,25840,0.0,25840.0,18424,7416.0,28.7,UPI,Online,Noida
ORD104631,2025-08-12,C1434,P174,Coffee V3,Grocery,1,1420,1012,10.0,1420,142.0,1278.0,1012,266.0,20.81,UPI,Store,Kanpur
ORD104632,2024-08-16,C1409,P101,Wireless Mouse V2,Electronics,3,2890,2270,15.0,8670,1300.5,7369.5,6810,559.5,7.59,Net Banking,Online,Mumbai
ORD104633,2024-04-11,C1076,P105,Keyboard V3,Electronics,1,4190,3534,5.0,4190,209.5,3980.5,3534,446.5,11.22,Net Banking,Store,Kanpur
ORD104634,2024-03-07,C1296,P139,Storage Box V1,Home,4,2100,1652,0.0,8400,0.0,8400.0,6608,1792.0,21.33,UPI,Online,Lucknow
ORD104635,2026-06-24,C1051,P141,Storage Box V3,Home,5,2200,1823,0.0,11000,0.0,11000.0,9115,1885.0,17.14,UPI,Phone,Agra
ORD104636,2025-10-17,C1251,P110,USB Hub V2,Electronics,1,980,657,0.0,980,0.0,980.0,657,323.0,32.96,UPI,Store,Jaipur
ORD104637,2025-03-03,C1007,P133,Stapler V1,Office,2,6390,4143,0.0,12780,0.0,12780.0,8286,4494.0,35.16,Cash,Store,Mumbai
ORD104638,2026-04-30,C1274,P169,Travel Pouch V1,Accessories,3,2560,1733,10.0,7680,768.0,6912.0,5199,1713.0,24.78,Net Banking,Store,Agra
ORD104639,2025-02-19,C1476,P144,Table Clock V3,Home,1,2960,2357,10.0,2960,296.0,2664.0,2357,307.0,11.52,UPI,Store,Noida
ORD104640,2024-03-13,C1056,P165,Power Bank V3,Accessories,2,1990,1688,20.0,3980,796.0,3184.0,3376,-192.0,-6.03,Card,Store,Gurugram
ORD104641,2025-05-05,C1174,P129,Printer Paper V3,Office,1,7700,4733,0.0,7700,0.0,7700.0,4733,2967.0,38.53,UPI,Store,Varanasi
ORD104642,2024-03-17,C1327,P143,Table Clock V2,Home,1,2900,2046,0.0,2900,0.0,2900.0,2046,854.0,29.45,Cash,Store,Agra
ORD104643,2025-06-06,C1335,P152,Cleaning Kit V2,Home,1,3090,2318,15.0,3090,463.5,2626.5,2318,308.5,11.75,Card,Store,Prayagraj
ORD104644,2026-06-15,C1427,P174,Coffee V3,Grocery,3,1420,1012,5.0,4260,213.0,4047.0,3036,1011.0,24.98,Net Banking,Online,Lucknow
ORD104645,2024-08-29,C1046,P167,Desk Mat V2,Accessories,3,3170,2059,5.0,9510,475.5,9034.5,6177,2857.5,31.63,UPI,Store,Lucknow
ORD104646,2024-06-30,C1431,P145,Cushion V1,Home,1,920,592,5.0,920,46.0,874.0,592,282.0,32.27,Net Banking,Phone,Noida
ORD104647,2026-01-25,C1056,P105,Keyboard V3,Electronics,1,4190,3534,5.0,4190,209.5,3980.5,3534,446.5,11.22,UPI,Phone,Gurugram
ORD104648,2026-02-13,C1056,P115,Bluetooth Speaker V1,Electronics,3,6930,4749,0.0,20790,0.0,20790.0,14247,6543.0,31.47,Net Banking,Online,Gurugram
ORD104649,2025-01-13,C1499,P160,Charging Cable V1,Accessories,1,3270,2329,15.0,3270,490.5,2779.5,2329,450.5,16.21,UPI,Online,Varanasi
ORD104650,2025-05-11,C1183,P158,Phone Case V2,Accessories,1,2660,1753,5.0,2660,133.0,2527.0,1753,774.0,30.63,Cash,Online,Agra
ORD104651,2024-10-12,C1372,P150,LED Bulb V3,Home,2,2960,2119,0.0,5920,0.0,5920.0,4238,1682.0,28.41,UPI,Online,Agra
ORD104652,2025-03-13,C1250,P103,Keyboard V1,Electronics,1,4190,2634,5.0,4190,209.5,3980.5,2634,1346.5,33.83,UPI,Phone,Jaipur
ORD104653,2024-11-08,C1478,P108,Headphones V3,Electronics,2,4890,3636,10.0,9780,978.0,8802.0,7272,1530.0,17.38,UPI,Phone,Mumbai
ORD104654,2024-11-27,C1479,P146,Cushion V2,Home,1,3320,2419,10.0,3320,332.0,2988.0,2419,569.0,19.04,Cash,Store,Varanasi
ORD104655,2025-07-19,C1252,P142,Table Clock V1,Home,2,2610,1876,0.0,5220,0.0,5220.0,3752,1468.0,28.12,Card,Store,Agra
ORD104656,2026-06-21,C1295,P150,LED Bulb V3,Home,1,2960,2119,10.0,2960,296.0,2664.0,2119,545.0,20.46,UPI,Online,Lucknow
ORD104657,2025-01-29,C1276,P108,Headphones V3,Electronics,2,4890,3636,5.0,9780,489.0,9291.0,7272,2019.0,21.73,UPI,Store,Agra
ORD104658,2025-02-03,C1135,P141,Storage Box V3,Home,3,2200,1823,15.0,6600,990.0,5610.0,5469,141.0,2.51,UPI,Store,Agra
ORD104659,2024-04-12,C1186,P164,Power Bank V2,Accessories,1,1150,849,5.0,1150,57.5,1092.5,849,243.5,22.29,Card,Online,Prayagraj
ORD104660,2025-12-25,C1433,P120,Notebook V3,Office,4,5080,3876,10.0,20320,2032.0,18288.0,15504,2784.0,15.22,Cash,Store,Noida
ORD104661,2024-12-21,C1060,P153,Cleaning Kit V3,Home,2,2770,1726,20.0,5540,1108.0,4432.0,3452,980.0,22.11,UPI,Phone,Delhi
ORD104662,2026-04-01,C1017,P172,Coffee V1,Grocery,3,660,526,5.0,1980,99.0,1881.0,1578,303.0,16.11,UPI,Store,Lucknow
ORD104663,2024-08-25,C1220,P177,Tea V3,Grocery,3,540,388,0.0,1620,0.0,1620.0,1164,456.0,28.15,Card,Store,Agra
ORD104664,2025-01-11,C1039,P168,Desk Mat V3,Accessories,4,2910,2229,5.0,11640,582.0,11058.0,8916,2142.0,19.37,Cash,Online,Jaipur
ORD104665,2024-08-16,C1026,P146,Cushion V2,Home,2,3320,2419,10.0,6640,664.0,5976.0,4838,1138.0,19.04,UPI,Online,Lucknow
ORD104666,2026-01-02,C1423,P104,Keyboard V2,Electronics,1,820,576,5.0,820,41.0,779.0,576,203.0,26.06,UPI,Store,Noida
ORD104667,2026-04-21,C1423,P156,Laptop Bag V3,Accessories,4,1980,1255,0.0,7920,0.0,7920.0,5020,2900.0,36.62,UPI,Store,Noida
ORD104668,2026-02-22,C1375,P177,Tea V3,Grocery,1,540,388,10.0,540,54.0,486.0,388,98.0,20.16,Card,Online,Prayagraj
ORD104669,2025-10-01,C1315,P149,LED Bulb V2,Home,2,1290,1029,10.0,2580,258.0,2322.0,2058,264.0,11.37,UPI,Online,Varanasi
ORD104670,2025-03-24,C1186,P116,Bluetooth Speaker V2,Electronics,2,4810,3714,15.0,9620,1443.0,8177.0,7428,749.0,9.16,UPI,Online,Prayagraj
ORD104671,2025-12-31,C1027,P122,Office Chair V2,Office,1,4160,2937,5.0,4160,208.0,3952.0,2937,1015.0,25.68,UPI,Online,Jaipur
ORD104672,2026-04-14,C1322,P133,Stapler V1,Office,1,6390,4143,20.0,6390,1278.0,5112.0,4143,969.0,18.96,UPI,Store,Noida
ORD104673,2025-03-09,C1198,P145,Cushion V1,Home,1,920,592,15.0,920,138.0,782.0,592,190.0,24.3,UPI,Store,Delhi
ORD104674,2025-01-11,C1268,P163,Power Bank V1,Accessories,4,510,428,5.0,2040,102.0,1938.0,1712,226.0,11.66,Cash,Phone,Noida
ORD104675,2024-09-28,C1140,P120,Notebook V3,Office,1,5080,3876,10.0,5080,508.0,4572.0,3876,696.0,15.22,Card,Online,Gurugram
ORD104676,2025-11-07,C1369,P102,Wireless Mouse V3,Electronics,4,3210,2684,0.0,12840,0.0,12840.0,10736,2104.0,16.39,Cash,Online,Mumbai
ORD104677,2024-10-19,C1133,P105,Keyboard V3,Electronics,6,4190,3534,5.0,25140,1257.0,23883.0,21204,2679.0,11.22,Cash,Online,Kanpur
ORD104678,2024-01-05,C1377,P126,Desk Lamp V3,Office,3,370,241,0.0,1110,0.0,1110.0,723,387.0,34.86,Card,Phone,Agra
ORD104679,2024-11-07,C1081,P117,Bluetooth Speaker V3,Electronics,3,1400,967,10.0,4200,420.0,3780.0,2901,879.0,23.25,UPI,Store,Noida
ORD104680,2024-07-01,C1271,P165,Power Bank V3,Accessories,1,1990,1688,20.0,1990,398.0,1592.0,1688,-96.0,-6.03,UPI,Store,Delhi
ORD104681,2026-02-27,C1292,P104,Keyboard V2,Electronics,2,820,576,20.0,1640,328.0,1312.0,1152,160.0,12.2,UPI,Phone,Gurugram
ORD104682,2024-02-18,C1023,P125,Desk Lamp V2,Office,2,4970,3317,0.0,9940,0.0,9940.0,6634,3306.0,33.26,Net Banking,Online,Mumbai
ORD104683,2024-01-20,C1055,P173,Coffee V2,Grocery,3,930,610,0.0,2790,0.0,2790.0,1830,960.0,34.41,UPI,Online,Delhi
ORD104684,2026-02-22,C1163,P103,Keyboard V1,Electronics,6,4190,2634,0.0,25140,0.0,25140.0,15804,9336.0,37.14,UPI,Store,Gurugram
ORD104685,2024-04-25,C1130,P124,Desk Lamp V1,Office,1,4350,2868,10.0,4350,435.0,3915.0,2868,1047.0,26.74,Card,Store,Prayagraj
ORD104686,2025-05-24,C1427,P137,Water Bottle V2,Home,1,1800,1202,5.0,1800,90.0,1710.0,1202,508.0,29.71,Card,Online,Lucknow
ORD104687,2026-01-09,C1203,P108,Headphones V3,Electronics,2,4890,3636,15.0,9780,1467.0,8313.0,7272,1041.0,12.52,UPI,Online,Mumbai
ORD104688,2024-04-19,C1465,P139,Storage Box V1,Home,2,2100,1652,10.0,4200,420.0,3780.0,3304,476.0,12.59,Cash,Online,Lucknow
ORD104689,2024-04-30,C1064,P155,Laptop Bag V2,Accessories,2,2620,1779,0.0,5240,0.0,5240.0,3558,1682.0,32.1,UPI,Phone,Mumbai
ORD104690,2025-08-02,C1197,P166,Desk Mat V1,Accessories,2,3330,2082,10.0,6660,666.0,5994.0,4164,1830.0,30.53,UPI,Online,Lucknow
ORD104691,2025-06-11,C1267,P119,Notebook V2,Office,4,3040,2028,15.0,12160,1824.0,10336.0,8112,2224.0,21.52,Card,Store,Lucknow
ORD104692,2024-08-19,C1371,P136,Water Bottle V1,Home,1,1430,1182,10.0,1430,143.0,1287.0,1182,105.0,8.16,UPI,Online,Lucknow
ORD104693,2025-01-10,C1086,P120,Notebook V3,Office,1,5080,3876,0.0,5080,0.0,5080.0,3876,1204.0,23.7,Card,Online,Noida
ORD104694,2025-06-27,C1063,P125,Desk Lamp V2,Office,1,4970,3317,0.0,4970,0.0,4970.0,3317,1653.0,33.26,UPI,Online,Noida
ORD104695,2024-04-01,C1221,P161,Charging Cable V2,Accessories,3,2440,1541,5.0,7320,366.0,6954.0,4623,2331.0,33.52,Cash,Store,Gurugram
ORD104696,2025-03-30,C1182,P137,Water Bottle V2,Home,1,1800,1202,10.0,1800,180.0,1620.0,1202,418.0,25.8,Card,Store,Noida
ORD104697,2026-02-27,C1403,P118,Notebook V1,Office,3,2820,2304,5.0,8460,423.0,8037.0,6912,1125.0,14.0,Cash,Online,Lucknow
ORD104698,2026-01-19,C1318,P161,Charging Cable V2,Accessories,1,2440,1541,0.0,2440,0.0,2440.0,1541,899.0,36.84,UPI,Online,Gurugram
ORD104699,2024-10-30,C1273,P122,Office Chair V2,Office,2,4160,2937,0.0,8320,0.0,8320.0,5874,2446.0,29.4,Card,Store,Kanpur
ORD104700,2025-08-26,C1459,P140,Storage Box V2,Home,1,1780,1191,20.0,1780,356.0,1424.0,1191,233.0,16.36,UPI,Store,Agra
ORD104701,2026-02-26,C1212,P146,Cushion V2,Home,1,3320,2419,15.0,3320,498.0,2822.0,2419,403.0,14.28,Card,Store,Noida
ORD104702,2024-08-06,C1366,P148,LED Bulb V1,Home,2,1590,982,15.0,3180,477.0,2703.0,1964,739.0,27.34,UPI,Online,Mumbai
ORD104703,2024-02-23,C1306,P142,Table Clock V1,Home,2,2610,1876,10.0,5220,522.0,4698.0,3752,946.0,20.14,Net Banking,Phone,Lucknow
ORD104704,2026-01-15,C1014,P160,Charging Cable V1,Accessories,2,3270,2329,5.0,6540,327.0,6213.0,4658,1555.0,25.03,Cash,Online,Agra
ORD104705,2024-10-26,C1340,P150,LED Bulb V3,Home,8,2960,2119,5.0,23680,1184.0,22496.0,16952,5544.0,24.64,Card,Online,Jaipur
ORD104706,2025-07-29,C1222,P132,File Folder V3,Office,2,4410,2825,10.0,8820,882.0,7938.0,5650,2288.0,28.82,Card,Store,Delhi
ORD104707,2024-01-16,C1074,P147,Cushion V3,Home,1,2180,1724,10.0,2180,218.0,1962.0,1724,238.0,12.13,Net Banking,Online,Agra
ORD104708,2025-06-25,C1321,P179,Biscuits V2,Grocery,2,1150,889,5.0,2300,115.0,2185.0,1778,407.0,18.63,Cash,Store,Gurugram
ORD104709,2026-02-10,C1472,P112,Webcam V1,Electronics,3,930,736,10.0,2790,279.0,2511.0,2208,303.0,12.07,UPI,Store,Noida
ORD104710,2024-10-24,C1473,P131,File Folder V2,Office,5,5150,3339,10.0,25750,2575.0,23175.0,16695,6480.0,27.96,Net Banking,Online,Kanpur
ORD104711,2025-08-21,C1073,P137,Water Bottle V2,Home,1,1800,1202,0.0,1800,0.0,1800.0,1202,598.0,33.22,UPI,Online,Mumbai
ORD104712,2024-05-01,C1262,P156,Laptop Bag V3,Accessories,5,1980,1255,20.0,9900,1980.0,7920.0,6275,1645.0,20.77,Net Banking,Store,Varanasi
ORD104713,2025-07-14,C1085,P115,Bluetooth Speaker V1,Electronics,1,6930,4749,10.0,6930,693.0,6237.0,4749,1488.0,23.86,Cash,Store,Agra
ORD104714,2024-07-19,C1467,P149,LED Bulb V2,Home,1,1290,1029,10.0,1290,129.0,1161.0,1029,132.0,11.37,UPI,Online,Kanpur
ORD104715,2024-07-24,C1341,P164,Power Bank V2,Accessories,4,1150,849,5.0,4600,230.0,4370.0,3396,974.0,22.29,Card,Online,Jaipur
ORD104716,2026-03-31,C1428,P127,Printer Paper V1,Office,4,6100,4997,5.0,24400,1220.0,23180.0,19988,3192.0,13.77,UPI,Phone,Delhi
ORD104717,2024-01-30,C1091,P114,Webcam V3,Electronics,1,3680,2607,20.0,3680,736.0,2944.0,2607,337.0,11.45,UPI,Online,Gurugram
ORD104718,2024-07-11,C1172,P106,Headphones V1,Electronics,1,4570,3663,20.0,4570,914.0,3656.0,3663,-7.0,-0.19,UPI,Store,Lucknow
ORD104719,2025-03-16,C1081,P162,Charging Cable V3,Accessories,2,3240,2132,10.0,6480,648.0,5832.0,4264,1568.0,26.89,Card,Online,Noida
ORD104720,2024-01-18,C1466,P167,Desk Mat V2,Accessories,1,3170,2059,5.0,3170,158.5,3011.5,2059,952.5,31.63,Card,Online,Varanasi
ORD104721,2026-04-27,C1382,P152,Cleaning Kit V2,Home,4,3090,2318,0.0,12360,0.0,12360.0,9272,3088.0,24.98,Card,Online,Delhi
ORD104722,2026-03-03,C1170,P163,Power Bank V1,Accessories,1,510,428,5.0,510,25.5,484.5,428,56.5,11.66,UPI,Store,Agra
ORD104723,2025-04-18,C1098,P119,Notebook V2,Office,3,3040,2028,20.0,9120,1824.0,7296.0,6084,1212.0,16.61,Cash,Store,Lucknow
ORD104724,2024-01-03,C1156,P167,Desk Mat V2,Accessories,2,3170,2059,0.0,6340,0.0,6340.0,4118,2222.0,35.05,UPI,Online,Agra
ORD104725,2024-07-21,C1034,P129,Printer Paper V3,Office,1,7700,4733,0.0,7700,0.0,7700.0,4733,2967.0,38.53,Card,Store,Jaipur
ORD104726,2025-07-28,C1438,P176,Tea V2,Grocery,1,920,750,10.0,920,92.0,828.0,750,78.0,9.42,UPI,Online,Kanpur
ORD104727,2024-05-30,C1107,P110,USB Hub V2,Electronics,2,980,657,0.0,1960,0.0,1960.0,1314,646.0,32.96,Cash,Online,Varanasi
ORD104728,2025-09-30,C1272,P170,Travel Pouch V2,Accessories,1,1850,1364,10.0,1850,185.0,1665.0,1364,301.0,18.08,Cash,Store,Lucknow
ORD104729,2024-06-25,C1254,P164,Power Bank V2,Accessories,1,1150,849,10.0,1150,115.0,1035.0,849,186.0,17.97,Net Banking,Store,Prayagraj
ORD104730,2025-04-29,C1145,P114,Webcam V3,Electronics,3,3680,2607,10.0,11040,1104.0,9936.0,7821,2115.0,21.29,UPI,Store,Mumbai
ORD104731,2025-03-03,C1222,P122,Office Chair V2,Office,1,4160,2937,5.0,4160,208.0,3952.0,2937,1015.0,25.68,Card,Store,Delhi
ORD104732,2025-06-29,C1295,P168,Desk Mat V3,Accessories,2,2910,2229,15.0,5820,873.0,4947.0,4458,489.0,9.88,Cash,Online,Lucknow
ORD104733,2024-06-03,C1281,P114,Webcam V3,Electronics,1,3680,2607,10.0,3680,368.0,3312.0,2607,705.0,21.29,Card,Online,Kanpur
ORD104734,2025-11-12,C1269,P139,Storage Box V1,Home,3,2100,1652,5.0,6300,315.0,5985.0,4956,1029.0,17.19,Card,Online,Lucknow
ORD104735,2026-03-28,C1038,P170,Travel Pouch V2,Accessories,3,1850,1364,5.0,5550,277.5,5272.5,4092,1180.5,22.39,UPI,Store,Varanasi
ORD104736,2025-11-03,C1150,P144,Table Clock V3,Home,1,2960,2357,15.0,2960,444.0,2516.0,2357,159.0,6.32,UPI,Online,Jaipur
ORD104737,2025-08-30,C1124,P178,Biscuits V1,Grocery,2,1460,1162,0.0,2920,0.0,2920.0,2324,596.0,20.41,Card,Store,Kanpur
ORD104738,2024-02-13,C1084,P121,Office Chair V1,Office,2,6460,4606,15.0,12920,1938.0,10982.0,9212,1770.0,16.12,UPI,Store,Gurugram
ORD104739,2026-02-19,C1026,P116,Bluetooth Speaker V2,Electronics,2,4810,3714,10.0,9620,962.0,8658.0,7428,1230.0,14.21,UPI,Store,Lucknow
ORD104740,2025-11-21,C1351,P139,Storage Box V1,Home,2,2100,1652,15.0,4200,630.0,3570.0,3304,266.0,7.45,UPI,Online,Noida
ORD104741,2025-07-08,C1003,P104,Keyboard V2,Electronics,3,820,576,15.0,2460,369.0,2091.0,1728,363.0,17.36,UPI,Store,Prayagraj
ORD104742,2025-02-13,C1190,P169,Travel Pouch V1,Accessories,3,2560,1733,0.0,7680,0.0,7680.0,5199,2481.0,32.3,Card,Store,Lucknow
ORD104743,2024-04-26,C1099,P124,Desk Lamp V1,Office,2,4350,2868,0.0,8700,0.0,8700.0,5736,2964.0,34.07,Card,Phone,Delhi
ORD104744,2026-04-18,C1152,P122,Office Chair V2,Office,4,4160,2937,5.0,16640,832.0,15808.0,11748,4060.0,25.68,UPI,Online,Prayagraj
ORD104745,2025-12-26,C1264,P116,Bluetooth Speaker V2,Electronics,5,4810,3714,10.0,24050,2405.0,21645.0,18570,3075.0,14.21,UPI,Store,Gurugram
ORD104746,2026-01-03,C1261,P144,Table Clock V3,Home,3,2960,2357,10.0,8880,888.0,7992.0,7071,921.0,11.52,UPI,Store,Kanpur
ORD104747,2025-07-20,C1316,P101,Wireless Mouse V2,Electronics,5,2890,2270,20.0,14450,2890.0,11560.0,11350,210.0,1.82,Cash,Online,Varanasi
ORD104748,2026-05-02,C1299,P133,Stapler V1,Office,2,6390,4143,5.0,12780,639.0,12141.0,8286,3855.0,31.75,Cash,Online,Kanpur
ORD104749,2024-11-20,C1309,P137,Water Bottle V2,Home,4,1800,1202,15.0,7200,1080.0,6120.0,4808,1312.0,21.44,Cash,Phone,Prayagraj
ORD104750,2024-03-21,C1188,P122,Office Chair V2,Office,1,4160,2937,5.0,4160,208.0,3952.0,2937,1015.0,25.68,UPI,Store,Prayagraj
ORD104751,2024-03-20,C1268,P106,Headphones V1,Electronics,2,4570,3663,0.0,9140,0.0,9140.0,7326,1814.0,19.85,Cash,Online,Noida
ORD104752,2024-04-15,C1252,P170,Travel Pouch V2,Accessories,3,1850,1364,15.0,5550,832.5,4717.5,4092,625.5,13.26,Card,Online,Agra
ORD104753,2025-12-01,C1334,P119,Notebook V2,Office,2,3040,2028,5.0,6080,304.0,5776.0,4056,1720.0,29.78,Card,Store,Lucknow
ORD104754,2024-02-29,C1009,P152,Cleaning Kit V2,Home,4,3090,2318,0.0,12360,0.0,12360.0,9272,3088.0,24.98,UPI,Store,Prayagraj
ORD104755,2025-01-27,C1165,P144,Table Clock V3,Home,1,2960,2357,5.0,2960,148.0,2812.0,2357,455.0,16.18,Card,Store,Delhi
ORD104756,2024-06-21,C1303,P123,Office Chair V3,Office,2,4680,3454,15.0,9360,1404.0,7956.0,6908,1048.0,13.17,UPI,Store,Gurugram
ORD104757,2026-06-17,C1100,P144,Table Clock V3,Home,1,2960,2357,15.0,2960,444.0,2516.0,2357,159.0,6.32,UPI,Phone,Mumbai
ORD104758,2025-09-24,C1215,P145,Cushion V1,Home,2,920,592,10.0,1840,184.0,1656.0,1184,472.0,28.5,Card,Online,Lucknow
ORD104759,2024-04-16,C1047,P176,Tea V2,Grocery,3,920,750,0.0,2760,0.0,2760.0,2250,510.0,18.48,UPI,Online,Lucknow
ORD104760,2024-04-27,C1236,P106,Headphones V1,Electronics,1,4570,3663,15.0,4570,685.5,3884.5,3663,221.5,5.7,Card,Store,Agra
ORD104761,2026-03-04,C1460,P162,Charging Cable V3,Accessories,1,3240,2132,0.0,3240,0.0,3240.0,2132,1108.0,34.2,UPI,Online,Prayagraj
ORD104762,2025-02-14,C1069,P140,Storage Box V2,Home,1,1780,1191,5.0,1780,89.0,1691.0,1191,500.0,29.57,UPI,Online,Agra
ORD104763,2024-11-26,C1470,P123,Office Chair V3,Office,1,4680,3454,0.0,4680,0.0,4680.0,3454,1226.0,26.2,UPI,Store,Mumbai
ORD104764,2026-05-06,C1180,P127,Printer Paper V1,Office,3,6100,4997,0.0,18300,0.0,18300.0,14991,3309.0,18.08,UPI,Store,Noida
ORD104765,2025-03-27,C1427,P130,File Folder V1,Office,4,3130,2238,5.0,12520,626.0,11894.0,8952,2942.0,24.74,Net Banking,Online,Lucknow
ORD104766,2025-04-22,C1057,P148,LED Bulb V1,Home,1,1590,982,0.0,1590,0.0,1590.0,982,608.0,38.24,UPI,Phone,Prayagraj
ORD104767,2024-08-27,C1412,P173,Coffee V2,Grocery,3,930,610,0.0,2790,0.0,2790.0,1830,960.0,34.41,Card,Online,Prayagraj
ORD104768,2024-04-25,C1211,P150,LED Bulb V3,Home,1,2960,2119,0.0,2960,0.0,2960.0,2119,841.0,28.41,Net Banking,Store,Kanpur
ORD104769,2025-10-30,C1484,P160,Charging Cable V1,Accessories,4,3270,2329,15.0,13080,1962.0,11118.0,9316,1802.0,16.21,UPI,Online,Jaipur
ORD104770,2025-12-04,C1443,P119,Notebook V2,Office,1,3040,2028,10.0,3040,304.0,2736.0,2028,708.0,25.88,UPI,Store,Varanasi
ORD104771,2024-09-04,C1441,P114,Webcam V3,Electronics,1,3680,2607,0.0,3680,0.0,3680.0,2607,1073.0,29.16,UPI,Online,Agra
ORD104772,2025-02-22,C1390,P123,Office Chair V3,Office,1,4680,3454,10.0,4680,468.0,4212.0,3454,758.0,18.0,UPI,Store,Varanasi
ORD104773,2024-05-07,C1008,P167,Desk Mat V2,Accessories,3,3170,2059,10.0,9510,951.0,8559.0,6177,2382.0,27.83,UPI,Store,Agra
ORD104774,2024-03-07,C1084,P161,Charging Cable V2,Accessories,3,2440,1541,0.0,7320,0.0,7320.0,4623,2697.0,36.84,Net Banking,Store,Gurugram
ORD104775,2024-08-05,C1172,P139,Storage Box V1,Home,2,2100,1652,10.0,4200,420.0,3780.0,3304,476.0,12.59,UPI,Online,Lucknow
ORD104776,2026-03-07,C1426,P128,Printer Paper V2,Office,3,2840,2176,15.0,8520,1278.0,7242.0,6528,714.0,9.86,Cash,Phone,Mumbai
ORD104777,2024-03-16,C1187,P150,LED Bulb V3,Home,2,2960,2119,15.0,5920,888.0,5032.0,4238,794.0,15.78,Net Banking,Phone,Kanpur
ORD104778,2024-06-22,C1306,P105,Keyboard V3,Electronics,3,4190,3534,10.0,12570,1257.0,11313.0,10602,711.0,6.28,Cash,Store,Lucknow
ORD104779,2024-09-20,C1490,P110,USB Hub V2,Electronics,1,980,657,15.0,980,147.0,833.0,657,176.0,21.13,UPI,Online,Delhi
ORD104780,2025-11-14,C1386,P143,Table Clock V2,Home,2,2900,2046,10.0,5800,580.0,5220.0,4092,1128.0,21.61,Cash,Store,Delhi
ORD104781,2025-10-30,C1404,P152,Cleaning Kit V2,Home,3,3090,2318,10.0,9270,927.0,8343.0,6954,1389.0,16.65,Card,Online,Jaipur
ORD104782,2026-01-31,C1424,P166,Desk Mat V1,Accessories,3,3330,2082,10.0,9990,999.0,8991.0,6246,2745.0,30.53,UPI,Online,Prayagraj
ORD104783,2024-10-19,C1398,P129,Printer Paper V3,Office,3,7700,4733,15.0,23100,3465.0,19635.0,14199,5436.0,27.69,Card,Online,Prayagraj
ORD104784,2026-03-10,C1249,P162,Charging Cable V3,Accessories,4,3240,2132,15.0,12960,1944.0,11016.0,8528,2488.0,22.59,UPI,Online,Kanpur
ORD104785,2026-01-22,C1330,P164,Power Bank V2,Accessories,1,1150,849,10.0,1150,115.0,1035.0,849,186.0,17.97,Card,Phone,Prayagraj
ORD104786,2026-05-01,C1251,P110,USB Hub V2,Electronics,1,980,657,15.0,980,147.0,833.0,657,176.0,21.13,Card,Phone,Jaipur
ORD104787,2024-11-14,C1144,P168,Desk Mat V3,Accessories,1,2910,2229,0.0,2910,0.0,2910.0,2229,681.0,23.4,UPI,Online,Noida
ORD104788,2026-05-12,C1268,P164,Power Bank V2,Accessories,1,1150,849,15.0,1150,172.5,977.5,849,128.5,13.15,Card,Online,Noida
ORD104789,2024-09-10,C1172,P156,Laptop Bag V3,Accessories,3,1980,1255,0.0,5940,0.0,5940.0,3765,2175.0,36.62,Cash,Store,Lucknow
ORD104790,2025-01-15,C1319,P102,Wireless Mouse V3,Electronics,2,3210,2684,0.0,6420,0.0,6420.0,5368,1052.0,16.39,UPI,Online,Mumbai
ORD104791,2024-08-09,C1452,P147,Cushion V3,Home,2,2180,1724,0.0,4360,0.0,4360.0,3448,912.0,20.92,Card,Store,Varanasi
ORD104792,2026-01-09,C1152,P152,Cleaning Kit V2,Home,4,3090,2318,5.0,12360,618.0,11742.0,9272,2470.0,21.04,Cash,Online,Prayagraj
ORD104793,2025-12-04,C1226,P153,Cleaning Kit V3,Home,2,2770,1726,5.0,5540,277.0,5263.0,3452,1811.0,34.41,UPI,Online,Gurugram
ORD104794,2025-11-26,C1330,P175,Tea V1,Grocery,1,1390,900,15.0,1390,208.5,1181.5,900,281.5,23.83,Card,Online,Prayagraj
ORD104795,2024-08-16,C1463,P154,Laptop Bag V1,Accessories,1,3580,2326,5.0,3580,179.0,3401.0,2326,1075.0,31.61,UPI,Online,Varanasi
ORD104796,2026-06-13,C1341,P151,Cleaning Kit V1,Home,2,2890,1977,10.0,5780,578.0,5202.0,3954,1248.0,23.99,Cash,Online,Jaipur
ORD104797,2025-01-03,C1146,P153,Cleaning Kit V3,Home,2,2770,1726,0.0,5540,0.0,5540.0,3452,2088.0,37.69,Net Banking,Store,Delhi
ORD104798,2024-03-02,C1096,P106,Headphones V1,Electronics,2,4570,3663,5.0,9140,457.0,8683.0,7326,1357.0,15.63,Net Banking,Online,Mumbai
ORD104799,2024-01-22,C1083,P152,Cleaning Kit V2,Home,2,3090,2318,10.0,6180,618.0,5562.0,4636,926.0,16.65,Cash,Online,Delhi
ORD104800,2025-06-06,C1135,P135,Stapler V3,Office,1,7170,4632,0.0,7170,0.0,7170.0,4632,2538.0,35.4,UPI,Online,Agra
ORD104801,2025-02-12,C1086,P104,Keyboard V2,Electronics,1,820,576,10.0,820,82.0,738.0,576,162.0,21.95,UPI,Online,Noida
ORD104802,2025-01-06,C1082,P144,Table Clock V3,Home,1,2960,2357,10.0,2960,296.0,2664.0,2357,307.0,11.52,Net Banking,Store,Noida
ORD104803,2024-03-15,C1298,P127,Printer Paper V1,Office,3,6100,4997,10.0,18300,1830.0,16470.0,14991,1479.0,8.98,Net Banking,Store,Agra
ORD104804,2025-11-09,C1115,P140,Storage Box V2,Home,7,1780,1191,0.0,12460,0.0,12460.0,8337,4123.0,33.09,UPI,Online,Delhi
ORD104805,2024-09-10,C1114,P103,Keyboard V1,Electronics,4,4190,2634,0.0,16760,0.0,16760.0,10536,6224.0,37.14,Cash,Store,Kanpur
ORD104806,2024-01-28,C1410,P129,Printer Paper V3,Office,1,7700,4733,5.0,7700,385.0,7315.0,4733,2582.0,35.3,Card,Store,Prayagraj
ORD104807,2025-08-29,C1180,P169,Travel Pouch V1,Accessories,3,2560,1733,0.0,7680,0.0,7680.0,5199,2481.0,32.3,UPI,Store,Noida
ORD104808,2026-01-31,C1294,P139,Storage Box V1,Home,4,2100,1652,20.0,8400,1680.0,6720.0,6608,112.0,1.67,Net Banking,Store,Prayagraj
ORD104809,2024-11-04,C1485,P145,Cushion V1,Home,1,920,592,5.0,920,46.0,874.0,592,282.0,32.27,Card,Online,Delhi
ORD104810,2026-04-26,C1206,P161,Charging Cable V2,Accessories,2,2440,1541,10.0,4880,488.0,4392.0,3082,1310.0,29.83,Card,Phone,Jaipur
ORD104811,2025-07-08,C1178,P107,Headphones V2,Electronics,3,3120,2535,0.0,9360,0.0,9360.0,7605,1755.0,18.75,UPI,Online,Varanasi
ORD104812,2026-06-28,C1051,P156,Laptop Bag V3,Accessories,3,1980,1255,0.0,5940,0.0,5940.0,3765,2175.0,36.62,UPI,Phone,Agra
ORD104813,2024-09-16,C1474,P138,Water Bottle V3,Home,2,2890,1947,10.0,5780,578.0,5202.0,3894,1308.0,25.14,Net Banking,Store,Varanasi
ORD104814,2024-07-29,C1399,P132,File Folder V3,Office,1,4410,2825,10.0,4410,441.0,3969.0,2825,1144.0,28.82,Card,Online,Agra
ORD104815,2024-06-11,C1251,P138,Water Bottle V3,Home,4,2890,1947,20.0,11560,2312.0,9248.0,7788,1460.0,15.79,UPI,Online,Jaipur
ORD104816,2024-11-18,C1216,P176,Tea V2,Grocery,2,920,750,0.0,1840,0.0,1840.0,1500,340.0,18.48,Net Banking,Online,Mumbai
ORD104817,2026-06-23,C1059,P141,Storage Box V3,Home,1,2200,1823,0.0,2200,0.0,2200.0,1823,377.0,17.14,UPI,Online,Delhi
ORD104818,2025-01-02,C1494,P141,Storage Box V3,Home,2,2200,1823,0.0,4400,0.0,4400.0,3646,754.0,17.14,Card,Phone,Noida
ORD104819,2024-10-15,C1462,P100,Wireless Mouse V1,Electronics,1,3130,2246,10.0,3130,313.0,2817.0,2246,571.0,20.27,UPI,Online,Lucknow
ORD104820,2024-07-22,C1378,P105,Keyboard V3,Electronics,3,4190,3534,10.0,12570,1257.0,11313.0,10602,711.0,6.28,UPI,Store,Delhi
ORD104821,2025-06-29,C1281,P132,File Folder V3,Office,1,4410,2825,15.0,4410,661.5,3748.5,2825,923.5,24.64,UPI,Online,Kanpur
ORD104822,2026-06-24,C1031,P150,LED Bulb V3,Home,2,2960,2119,20.0,5920,1184.0,4736.0,4238,498.0,10.52,Card,Online,Agra
ORD104823,2024-06-09,C1263,P161,Charging Cable V2,Accessories,1,2440,1541,15.0,2440,366.0,2074.0,1541,533.0,25.7,Net Banking,Store,Gurugram
ORD104824,2024-03-18,C1011,P126,Desk Lamp V3,Office,4,370,241,10.0,1480,148.0,1332.0,964,368.0,27.63,UPI,Phone,Agra
ORD104825,2025-01-20,C1376,P172,Coffee V1,Grocery,2,660,526,15.0,1320,198.0,1122.0,1052,70.0,6.24,Net Banking,Store,Varanasi
ORD104826,2025-09-04,C1337,P148,LED Bulb V1,Home,1,1590,982,10.0,1590,159.0,1431.0,982,449.0,31.38,UPI,Store,Mumbai
ORD104827,2025-03-16,C1066,P105,Keyboard V3,Electronics,4,4190,3534,0.0,16760,0.0,16760.0,14136,2624.0,15.66,Cash,Online,Noida
ORD104828,2025-11-09,C1133,P129,Printer Paper V3,Office,3,7700,4733,15.0,23100,3465.0,19635.0,14199,5436.0,27.69,UPI,Store,Kanpur
ORD104829,2024-04-14,C1311,P130,File Folder V1,Office,3,3130,2238,5.0,9390,469.5,8920.5,6714,2206.5,24.74,UPI,Online,Mumbai
ORD104830,2024-09-02,C1249,P157,Phone Case V1,Accessories,3,560,464,15.0,1680,252.0,1428.0,1392,36.0,2.52,UPI,Phone,Kanpur
ORD104831,2026-02-12,C1325,P151,Cleaning Kit V1,Home,1,2890,1977,10.0,2890,289.0,2601.0,1977,624.0,23.99,UPI,Store,Prayagraj
ORD104832,2025-06-25,C1428,P145,Cushion V1,Home,4,920,592,10.0,3680,368.0,3312.0,2368,944.0,28.5,Cash,Store,Delhi
ORD104833,2024-01-01,C1357,P136,Water Bottle V1,Home,1,1430,1182,10.0,1430,143.0,1287.0,1182,105.0,8.16,Card,Store,Kanpur
ORD104834,2025-10-01,C1084,P163,Power Bank V1,Accessories,2,510,428,10.0,1020,102.0,918.0,856,62.0,6.75,UPI,Online,Gurugram
ORD104835,2025-03-09,C1459,P103,Keyboard V1,Electronics,1,4190,2634,10.0,4190,419.0,3771.0,2634,1137.0,30.15,Card,Online,Agra
ORD104836,2024-01-10,C1156,P112,Webcam V1,Electronics,4,930,736,10.0,3720,372.0,3348.0,2944,404.0,12.07,Cash,Store,Agra
ORD104837,2024-12-21,C1420,P105,Keyboard V3,Electronics,3,4190,3534,5.0,12570,628.5,11941.5,10602,1339.5,11.22,UPI,Online,Agra
ORD104838,2025-05-22,C1231,P135,Stapler V3,Office,1,7170,4632,5.0,7170,358.5,6811.5,4632,2179.5,32.0,UPI,Online,Gurugram
ORD104839,2025-11-30,C1386,P103,Keyboard V1,Electronics,5,4190,2634,5.0,20950,1047.5,19902.5,13170,6732.5,33.83,UPI,Online,Delhi
ORD104840,2026-05-21,C1260,P104,Keyboard V2,Electronics,5,820,576,5.0,4100,205.0,3895.0,2880,1015.0,26.06,Card,Store,Prayagraj
ORD104841,2024-04-13,C1077,P141,Storage Box V3,Home,1,2200,1823,5.0,2200,110.0,2090.0,1823,267.0,12.78,UPI,Online,Lucknow
ORD104842,2024-03-28,C1117,P123,Office Chair V3,Office,2,4680,3454,0.0,9360,0.0,9360.0,6908,2452.0,26.2,UPI,Store,Kanpur
ORD104843,2025-02-18,C1454,P150,LED Bulb V3,Home,1,2960,2119,10.0,2960,296.0,2664.0,2119,545.0,20.46,Net Banking,Online,Prayagraj
ORD104844,2024-11-08,C1290,P106,Headphones V1,Electronics,2,4570,3663,5.0,9140,457.0,8683.0,7326,1357.0,15.63,Net Banking,Store,Agra
ORD104845,2025-02-09,C1136,P107,Headphones V2,Electronics,2,3120,2535,5.0,6240,312.0,5928.0,5070,858.0,14.47,Card,Online,Delhi
ORD104846,2025-02-15,C1429,P168,Desk Mat V3,Accessories,1,2910,2229,0.0,2910,0.0,2910.0,2229,681.0,23.4,UPI,Phone,Delhi
ORD104847,2025-09-03,C1373,P144,Table Clock V3,Home,4,2960,2357,5.0,11840,592.0,11248.0,9428,1820.0,16.18,Card,Online,Gurugram
ORD104848,2026-01-01,C1020,P148,LED Bulb V1,Home,5,1590,982,10.0,7950,795.0,7155.0,4910,2245.0,31.38,Cash,Online,Gurugram
ORD104849,2024-03-02,C1088,P131,File Folder V2,Office,3,5150,3339,10.0,15450,1545.0,13905.0,10017,3888.0,27.96,UPI,Online,Prayagraj
ORD104850,2025-01-03,C1308,P141,Storage Box V3,Home,6,2200,1823,5.0,13200,660.0,12540.0,10938,1602.0,12.78,Card,Phone,Mumbai
ORD104851,2026-02-02,C1164,P165,Power Bank V3,Accessories,1,1990,1688,5.0,1990,99.5,1890.5,1688,202.5,10.71,UPI,Online,Prayagraj
ORD104852,2025-05-16,C1461,P104,Keyboard V2,Electronics,1,820,576,5.0,820,41.0,779.0,576,203.0,26.06,Card,Store,Mumbai
ORD104853,2025-12-21,C1143,P156,Laptop Bag V3,Accessories,3,1980,1255,20.0,5940,1188.0,4752.0,3765,987.0,20.77,UPI,Online,Gurugram
ORD104854,2026-06-12,C1237,P112,Webcam V1,Electronics,1,930,736,10.0,930,93.0,837.0,736,101.0,12.07,Net Banking,Online,Prayagraj
ORD104855,2024-04-01,C1076,P163,Power Bank V1,Accessories,5,510,428,0.0,2550,0.0,2550.0,2140,410.0,16.08,Net Banking,Online,Kanpur
ORD104856,2024-06-06,C1475,P147,Cushion V3,Home,1,2180,1724,10.0,2180,218.0,1962.0,1724,238.0,12.13,UPI,Online,Noida
ORD104857,2024-03-17,C1269,P125,Desk Lamp V2,Office,6,4970,3317,15.0,29820,4473.0,25347.0,19902,5445.0,21.48,UPI,Online,Lucknow
ORD104858,2025-02-01,C1258,P130,File Folder V1,Office,1,3130,2238,5.0,3130,156.5,2973.5,2238,735.5,24.74,Cash,Online,Kanpur
ORD104859,2024-10-09,C1070,P168,Desk Mat V3,Accessories,4,2910,2229,10.0,11640,1164.0,10476.0,8916,1560.0,14.89,UPI,Online,Agra
ORD104860,2024-05-26,C1073,P110,USB Hub V2,Electronics,2,980,657,5.0,1960,98.0,1862.0,1314,548.0,29.43,Card,Online,Mumbai
ORD104861,2024-12-14,C1441,P101,Wireless Mouse V2,Electronics,3,2890,2270,5.0,8670,433.5,8236.5,6810,1426.5,17.32,Net Banking,Online,Agra
ORD104862,2024-09-03,C1062,P141,Storage Box V3,Home,3,2200,1823,5.0,6600,330.0,6270.0,5469,801.0,12.78,Net Banking,Online,Kanpur
ORD104863,2026-06-15,C1314,P159,Phone Case V3,Accessories,1,1360,849,15.0,1360,204.0,1156.0,849,307.0,26.56,UPI,Store,Lucknow
ORD104864,2025-09-23,C1383,P149,LED Bulb V2,Home,2,1290,1029,10.0,2580,258.0,2322.0,2058,264.0,11.37,Cash,Store,Jaipur
ORD104865,2024-04-24,C1341,P160,Charging Cable V1,Accessories,4,3270,2329,0.0,13080,0.0,13080.0,9316,3764.0,28.78,UPI,Online,Jaipur
ORD104866,2025-10-03,C1432,P177,Tea V3,Grocery,2,540,388,0.0,1080,0.0,1080.0,776,304.0,28.15,UPI,Online,Mumbai
ORD104867,2024-06-05,C1221,P178,Biscuits V1,Grocery,3,1460,1162,10.0,4380,438.0,3942.0,3486,456.0,11.57,Cash,Store,Gurugram
ORD104868,2026-01-28,C1010,P125,Desk Lamp V2,Office,10,4970,3317,15.0,49700,7455.0,42245.0,33170,9075.0,21.48,Card,Online,Kanpur
ORD104869,2025-01-16,C1083,P176,Tea V2,Grocery,2,920,750,10.0,1840,184.0,1656.0,1500,156.0,9.42,UPI,Online,Delhi
ORD104870,2025-11-01,C1211,P152,Cleaning Kit V2,Home,5,3090,2318,0.0,15450,0.0,15450.0,11590,3860.0,24.98,UPI,Online,Kanpur
ORD104871,2024-03-18,C1151,P155,Laptop Bag V2,Accessories,4,2620,1779,0.0,10480,0.0,10480.0,7116,3364.0,32.1,Card,Store,Jaipur
ORD104872,2025-09-12,C1303,P152,Cleaning Kit V2,Home,3,3090,2318,10.0,9270,927.0,8343.0,6954,1389.0,16.65,Net Banking,Store,Gurugram
ORD104873,2025-07-18,C1147,P105,Keyboard V3,Electronics,3,4190,3534,10.0,12570,1257.0,11313.0,10602,711.0,6.28,UPI,Store,Lucknow
ORD104874,2024-09-28,C1224,P134,Stapler V2,Office,2,5250,3976,0.0,10500,0.0,10500.0,7952,2548.0,24.27,UPI,Online,Noida
ORD104875,2024-01-05,C1260,P165,Power Bank V3,Accessories,5,1990,1688,10.0,9950,995.0,8955.0,8440,515.0,5.75,UPI,Store,Prayagraj
ORD104876,2026-03-10,C1312,P133,Stapler V1,Office,2,6390,4143,0.0,12780,0.0,12780.0,8286,4494.0,35.16,UPI,Online,Lucknow
ORD104877,2025-03-13,C1047,P179,Biscuits V2,Grocery,2,1150,889,0.0,2300,0.0,2300.0,1778,522.0,22.7,UPI,Store,Lucknow
ORD104878,2024-03-29,C1133,P110,USB Hub V2,Electronics,2,980,657,0.0,1960,0.0,1960.0,1314,646.0,32.96,Net Banking,Store,Kanpur
ORD104879,2025-02-02,C1478,P119,Notebook V2,Office,1,3040,2028,10.0,3040,304.0,2736.0,2028,708.0,25.88,Cash,Phone,Mumbai
ORD104880,2024-10-26,C1031,P172,Coffee V1,Grocery,5,660,526,5.0,3300,165.0,3135.0,2630,505.0,16.11,Cash,Online,Agra
ORD104881,2024-07-03,C1488,P117,Bluetooth Speaker V3,Electronics,1,1400,967,0.0,1400,0.0,1400.0,967,433.0,30.93,Cash,Online,Lucknow
ORD104882,2026-01-24,C1068,P160,Charging Cable V1,Accessories,4,3270,2329,5.0,13080,654.0,12426.0,9316,3110.0,25.03,Net Banking,Store,Mumbai
ORD104883,2025-11-06,C1149,P123,Office Chair V3,Office,1,4680,3454,15.0,4680,702.0,3978.0,3454,524.0,13.17,Cash,Online,Jaipur
ORD104884,2025-05-24,C1295,P121,Office Chair V1,Office,3,6460,4606,0.0,19380,0.0,19380.0,13818,5562.0,28.7,UPI,Store,Lucknow
ORD104885,2025-02-12,C1109,P146,Cushion V2,Home,2,3320,2419,5.0,6640,332.0,6308.0,4838,1470.0,23.3,UPI,Online,Varanasi
ORD104886,2026-02-17,C1130,P160,Charging Cable V1,Accessories,3,3270,2329,10.0,9810,981.0,8829.0,6987,1842.0,20.86,UPI,Online,Prayagraj
ORD104887,2024-07-26,C1422,P105,Keyboard V3,Electronics,1,4190,3534,10.0,4190,419.0,3771.0,3534,237.0,6.28,Card,Store,Agra
ORD104888,2026-05-10,C1410,P104,Keyboard V2,Electronics,1,820,576,0.0,820,0.0,820.0,576,244.0,29.76,Net Banking,Online,Prayagraj
ORD104889,2024-09-11,C1069,P127,Printer Paper V1,Office,1,6100,4997,15.0,6100,915.0,5185.0,4997,188.0,3.63,Card,Online,Agra
ORD104890,2025-04-25,C1335,P170,Travel Pouch V2,Accessories,5,1850,1364,10.0,9250,925.0,8325.0,6820,1505.0,18.08,Card,Store,Prayagraj
ORD104891,2025-01-18,C1373,P134,Stapler V2,Office,3,5250,3976,0.0,15750,0.0,15750.0,11928,3822.0,24.27,UPI,Store,Gurugram
ORD104892,2025-09-20,C1412,P117,Bluetooth Speaker V3,Electronics,4,1400,967,15.0,5600,840.0,4760.0,3868,892.0,18.74,Card,Online,Prayagraj
ORD104893,2025-02-08,C1379,P129,Printer Paper V3,Office,3,7700,4733,0.0,23100,0.0,23100.0,14199,8901.0,38.53,UPI,Online,Kanpur
ORD104894,2024-07-12,C1005,P106,Headphones V1,Electronics,1,4570,3663,5.0,4570,228.5,4341.5,3663,678.5,15.63,Card,Online,Delhi
ORD104895,2025-05-27,C1481,P154,Laptop Bag V1,Accessories,1,3580,2326,0.0,3580,0.0,3580.0,2326,1254.0,35.03,Card,Store,Lucknow
ORD104896,2024-11-04,C1043,P172,Coffee V1,Grocery,3,660,526,10.0,1980,198.0,1782.0,1578,204.0,11.45,Cash,Store,Jaipur
ORD104897,2024-09-19,C1254,P126,Desk Lamp V3,Office,1,370,241,0.0,370,0.0,370.0,241,129.0,34.86,UPI,Store,Prayagraj
ORD104898,2024-04-04,C1474,P162,Charging Cable V3,Accessories,2,3240,2132,10.0,6480,648.0,5832.0,4264,1568.0,26.89,Card,Store,Varanasi
ORD104899,2025-07-02,C1124,P137,Water Bottle V2,Home,4,1800,1202,5.0,7200,360.0,6840.0,4808,2032.0,29.71,Card,Store,Kanpur
ORD104900,2025-04-19,C1487,P156,Laptop Bag V3,Accessories,1,1980,1255,0.0,1980,0.0,1980.0,1255,725.0,36.62,UPI,Store,Kanpur
ORD104901,2026-03-06,C1085,P129,Printer Paper V3,Office,2,7700,4733,10.0,15400,1540.0,13860.0,9466,4394.0,31.7,UPI,Online,Agra
ORD104902,2026-03-20,C1188,P158,Phone Case V2,Accessories,1,2660,1753,10.0,2660,266.0,2394.0,1753,641.0,26.78,UPI,Online,Prayagraj
ORD104903,2024-10-31,C1406,P153,Cleaning Kit V3,Home,1,2770,1726,0.0,2770,0.0,2770.0,1726,1044.0,37.69,Card,Online,Delhi
ORD104904,2025-08-31,C1305,P162,Charging Cable V3,Accessories,1,3240,2132,15.0,3240,486.0,2754.0,2132,622.0,22.59,UPI,Store,Delhi
ORD104905,2024-07-26,C1138,P100,Wireless Mouse V1,Electronics,1,3130,2246,0.0,3130,0.0,3130.0,2246,884.0,28.24,Card,Store,Delhi
ORD104906,2025-01-12,C1315,P121,Office Chair V1,Office,2,6460,4606,5.0,12920,646.0,12274.0,9212,3062.0,24.95,Card,Online,Varanasi
ORD104907,2024-05-10,C1009,P176,Tea V2,Grocery,3,920,750,5.0,2760,138.0,2622.0,2250,372.0,14.19,Card,Phone,Prayagraj
ORD104908,2026-03-23,C1312,P176,Tea V2,Grocery,5,920,750,10.0,4600,460.0,4140.0,3750,390.0,9.42,UPI,Store,Lucknow
ORD104909,2026-05-29,C1021,P166,Desk Mat V1,Accessories,1,3330,2082,5.0,3330,166.5,3163.5,2082,1081.5,34.19,Cash,Online,Varanasi
ORD104910,2024-09-11,C1187,P171,Travel Pouch V3,Accessories,3,1430,1156,10.0,4290,429.0,3861.0,3468,393.0,10.18,UPI,Online,Kanpur
ORD104911,2025-06-23,C1387,P160,Charging Cable V1,Accessories,5,3270,2329,20.0,16350,3270.0,13080.0,11645,1435.0,10.97,Card,Phone,Agra
ORD104912,2026-03-08,C1098,P109,USB Hub V1,Electronics,1,1970,1209,0.0,1970,0.0,1970.0,1209,761.0,38.63,Card,Phone,Lucknow
ORD104913,2025-10-13,C1241,P141,Storage Box V3,Home,4,2200,1823,5.0,8800,440.0,8360.0,7292,1068.0,12.78,Net Banking,Online,Jaipur
ORD104914,2026-02-13,C1392,P125,Desk Lamp V2,Office,1,4970,3317,5.0,4970,248.5,4721.5,3317,1404.5,29.75,Card,Online,Prayagraj
ORD104915,2026-05-28,C1133,P113,Webcam V2,Electronics,3,2640,1889,15.0,7920,1188.0,6732.0,5667,1065.0,15.82,Cash,Store,Kanpur
ORD104916,2024-11-24,C1447,P143,Table Clock V2,Home,1,2900,2046,5.0,2900,145.0,2755.0,2046,709.0,25.74,Card,Phone,Jaipur
ORD104917,2024-11-10,C1374,P103,Keyboard V1,Electronics,1,4190,2634,15.0,4190,628.5,3561.5,2634,927.5,26.04,UPI,Online,Jaipur
ORD104918,2026-02-26,C1191,P116,Bluetooth Speaker V2,Electronics,3,4810,3714,5.0,14430,721.5,13708.5,11142,2566.5,18.72,UPI,Online,Prayagraj
ORD104919,2025-01-20,C1184,P149,LED Bulb V2,Home,1,1290,1029,10.0,1290,129.0,1161.0,1029,132.0,11.37,UPI,Online,Gurugram
ORD104920,2026-03-08,C1181,P170,Travel Pouch V2,Accessories,3,1850,1364,10.0,5550,555.0,4995.0,4092,903.0,18.08,Card,Store,Jaipur
ORD104921,2024-03-07,C1114,P130,File Folder V1,Office,4,3130,2238,0.0,12520,0.0,12520.0,8952,3568.0,28.5,UPI,Online,Kanpur
ORD104922,2025-12-27,C1309,P113,Webcam V2,Electronics,2,2640,1889,5.0,5280,264.0,5016.0,3778,1238.0,24.68,Card,Online,Prayagraj
ORD104923,2025-01-17,C1402,P109,USB Hub V1,Electronics,2,1970,1209,0.0,3940,0.0,3940.0,2418,1522.0,38.63,UPI,Phone,Jaipur
ORD104924,2026-06-29,C1078,P152,Cleaning Kit V2,Home,1,3090,2318,5.0,3090,154.5,2935.5,2318,617.5,21.04,UPI,Online,Gurugram
ORD104925,2025-02-15,C1469,P102,Wireless Mouse V3,Electronics,3,3210,2684,5.0,9630,481.5,9148.5,8052,1096.5,11.99,Card,Store,Mumbai
ORD104926,2024-10-19,C1067,P178,Biscuits V1,Grocery,4,1460,1162,10.0,5840,584.0,5256.0,4648,608.0,11.57,UPI,Online,Prayagraj
ORD104927,2025-06-01,C1388,P164,Power Bank V2,Accessories,1,1150,849,5.0,1150,57.5,1092.5,849,243.5,22.29,Cash,Online,Lucknow
ORD104928,2024-03-26,C1057,P120,Notebook V3,Office,2,5080,3876,5.0,10160,508.0,9652.0,7752,1900.0,19.69,UPI,Store,Prayagraj
ORD104929,2024-01-17,C1217,P135,Stapler V3,Office,2,7170,4632,15.0,14340,2151.0,12189.0,9264,2925.0,24.0,UPI,Store,Agra
ORD104930,2025-04-24,C1155,P159,Phone Case V3,Accessories,3,1360,849,10.0,4080,408.0,3672.0,2547,1125.0,30.64,UPI,Online,Noida
ORD104931,2024-04-06,C1020,P154,Laptop Bag V1,Accessories,1,3580,2326,15.0,3580,537.0,3043.0,2326,717.0,23.56,UPI,Store,Gurugram
ORD104932,2025-05-03,C1287,P152,Cleaning Kit V2,Home,4,3090,2318,0.0,12360,0.0,12360.0,9272,3088.0,24.98,Cash,Store,Varanasi
ORD104933,2025-02-04,C1471,P171,Travel Pouch V3,Accessories,3,1430,1156,20.0,4290,858.0,3432.0,3468,-36.0,-1.05,Net Banking,Store,Prayagraj
ORD104934,2025-08-31,C1345,P109,USB Hub V1,Electronics,4,1970,1209,5.0,7880,394.0,7486.0,4836,2650.0,35.4,Card,Store,Delhi
ORD104935,2026-02-13,C1469,P113,Webcam V2,Electronics,1,2640,1889,15.0,2640,396.0,2244.0,1889,355.0,15.82,Card,Online,Mumbai
ORD104936,2025-05-02,C1495,P174,Coffee V3,Grocery,3,1420,1012,10.0,4260,426.0,3834.0,3036,798.0,20.81,UPI,Store,Jaipur
ORD104937,2025-01-28,C1070,P155,Laptop Bag V2,Accessories,1,2620,1779,5.0,2620,131.0,2489.0,1779,710.0,28.53,Cash,Online,Agra
ORD104938,2024-06-21,C1246,P124,Desk Lamp V1,Office,4,4350,2868,0.0,17400,0.0,17400.0,11472,5928.0,34.07,Card,Store,Prayagraj
ORD104939,2024-09-06,C1395,P113,Webcam V2,Electronics,1,2640,1889,0.0,2640,0.0,2640.0,1889,751.0,28.45,Card,Store,Delhi
ORD104940,2025-06-20,C1117,P177,Tea V3,Grocery,1,540,388,15.0,540,81.0,459.0,388,71.0,15.47,Card,Store,Kanpur
ORD104941,2024-04-25,C1287,P121,Office Chair V1,Office,2,6460,4606,5.0,12920,646.0,12274.0,9212,3062.0,24.95,Cash,Online,Varanasi
ORD104942,2025-04-03,C1129,P156,Laptop Bag V3,Accessories,1,1980,1255,0.0,1980,0.0,1980.0,1255,725.0,36.62,Cash,Store,Prayagraj
ORD104943,2026-05-02,C1063,P168,Desk Mat V3,Accessories,2,2910,2229,0.0,5820,0.0,5820.0,4458,1362.0,23.4,Cash,Store,Noida
ORD104944,2024-05-12,C1061,P132,File Folder V3,Office,4,4410,2825,20.0,17640,3528.0,14112.0,11300,2812.0,19.93,Card,Online,Mumbai
ORD104945,2024-11-16,C1201,P176,Tea V2,Grocery,2,920,750,15.0,1840,276.0,1564.0,1500,64.0,4.09,UPI,Online,Agra
ORD104946,2026-05-06,C1123,P111,USB Hub V3,Electronics,3,1850,1273,20.0,5550,1110.0,4440.0,3819,621.0,13.99,Net Banking,Online,Mumbai
ORD104947,2025-07-26,C1362,P105,Keyboard V3,Electronics,1,4190,3534,15.0,4190,628.5,3561.5,3534,27.5,0.77,Card,Online,Varanasi
ORD104948,2024-07-25,C1298,P139,Storage Box V1,Home,1,2100,1652,15.0,2100,315.0,1785.0,1652,133.0,7.45,Card,Online,Agra
ORD104949,2024-04-10,C1224,P160,Charging Cable V1,Accessories,1,3270,2329,10.0,3270,327.0,2943.0,2329,614.0,20.86,UPI,Phone,Noida
ORD104950,2024-10-25,C1358,P156,Laptop Bag V3,Accessories,2,1980,1255,5.0,3960,198.0,3762.0,2510,1252.0,33.28,Net Banking,Phone,Prayagraj
ORD104951,2025-06-08,C1176,P150,LED Bulb V3,Home,2,2960,2119,0.0,5920,0.0,5920.0,4238,1682.0,28.41,UPI,Phone,Kanpur
ORD104952,2025-03-28,C1161,P151,Cleaning Kit V1,Home,2,2890,1977,15.0,5780,867.0,4913.0,3954,959.0,19.52,Cash,Online,Jaipur
ORD104953,2026-04-09,C1300,P165,Power Bank V3,Accessories,2,1990,1688,10.0,3980,398.0,3582.0,3376,206.0,5.75,Card,Store,Noida
ORD104954,2024-10-16,C1064,P105,Keyboard V3,Electronics,4,4190,3534,10.0,16760,1676.0,15084.0,14136,948.0,6.28,Card,Online,Mumbai
ORD104955,2026-02-22,C1499,P127,Printer Paper V1,Office,3,6100,4997,0.0,18300,0.0,18300.0,14991,3309.0,18.08,UPI,Online,Varanasi
ORD104956,2026-02-20,C1457,P122,Office Chair V2,Office,6,4160,2937,10.0,24960,2496.0,22464.0,17622,4842.0,21.55,UPI,Online,Prayagraj
ORD104957,2025-10-22,C1097,P104,Keyboard V2,Electronics,4,820,576,15.0,3280,492.0,2788.0,2304,484.0,17.36,Card,Store,Gurugram
ORD104958,2025-02-25,C1134,P158,Phone Case V2,Accessories,3,2660,1753,10.0,7980,798.0,7182.0,5259,1923.0,26.78,Card,Store,Agra
ORD104959,2024-12-11,C1015,P172,Coffee V1,Grocery,3,660,526,10.0,1980,198.0,1782.0,1578,204.0,11.45,Card,Store,Lucknow
ORD104960,2024-01-31,C1047,P105,Keyboard V3,Electronics,1,4190,3534,10.0,4190,419.0,3771.0,3534,237.0,6.28,UPI,Store,Lucknow
ORD104961,2024-05-12,C1102,P169,Travel Pouch V1,Accessories,1,2560,1733,10.0,2560,256.0,2304.0,1733,571.0,24.78,Cash,Online,Lucknow
ORD104962,2025-06-19,C1224,P159,Phone Case V3,Accessories,3,1360,849,5.0,4080,204.0,3876.0,2547,1329.0,34.29,UPI,Store,Noida
ORD104963,2024-02-05,C1465,P159,Phone Case V3,Accessories,2,1360,849,10.0,2720,272.0,2448.0,1698,750.0,30.64,Net Banking,Online,Lucknow
ORD104964,2024-10-23,C1400,P162,Charging Cable V3,Accessories,4,3240,2132,0.0,12960,0.0,12960.0,8528,4432.0,34.2,Cash,Online,Delhi
ORD104965,2024-09-13,C1244,P147,Cushion V3,Home,1,2180,1724,0.0,2180,0.0,2180.0,1724,456.0,20.92,UPI,Store,Jaipur
ORD104966,2025-07-24,C1243,P163,Power Bank V1,Accessories,2,510,428,5.0,1020,51.0,969.0,856,113.0,11.66,Cash,Online,Jaipur
ORD104967,2024-06-01,C1281,P154,Laptop Bag V1,Accessories,2,3580,2326,5.0,7160,358.0,6802.0,4652,2150.0,31.61,Cash,Store,Kanpur
ORD104968,2024-09-24,C1100,P120,Notebook V3,Office,2,5080,3876,5.0,10160,508.0,9652.0,7752,1900.0,19.69,UPI,Store,Mumbai
ORD104969,2024-06-06,C1036,P115,Bluetooth Speaker V1,Electronics,2,6930,4749,15.0,13860,2079.0,11781.0,9498,2283.0,19.38,Net Banking,Online,Delhi
ORD104970,2025-11-09,C1265,P150,LED Bulb V3,Home,5,2960,2119,0.0,14800,0.0,14800.0,10595,4205.0,28.41,UPI,Online,Kanpur
ORD104971,2025-01-10,C1230,P166,Desk Mat V1,Accessories,3,3330,2082,5.0,9990,499.5,9490.5,6246,3244.5,34.19,UPI,Store,Lucknow
ORD104972,2025-10-23,C1358,P132,File Folder V3,Office,1,4410,2825,0.0,4410,0.0,4410.0,2825,1585.0,35.94,Card,Online,Prayagraj
ORD104973,2024-06-27,C1345,P164,Power Bank V2,Accessories,2,1150,849,5.0,2300,115.0,2185.0,1698,487.0,22.29,UPI,Online,Delhi
ORD104974,2026-04-12,C1183,P152,Cleaning Kit V2,Home,4,3090,2318,0.0,12360,0.0,12360.0,9272,3088.0,24.98,Net Banking,Online,Agra
ORD104975,2024-07-26,C1244,P176,Tea V2,Grocery,3,920,750,10.0,2760,276.0,2484.0,2250,234.0,9.42,UPI,Phone,Jaipur
ORD104976,2025-06-30,C1125,P132,File Folder V3,Office,1,4410,2825,10.0,4410,441.0,3969.0,2825,1144.0,28.82,UPI,Online,Mumbai
ORD104977,2026-04-15,C1451,P114,Webcam V3,Electronics,2,3680,2607,5.0,7360,368.0,6992.0,5214,1778.0,25.43,Card,Store,Delhi
ORD104978,2025-05-28,C1380,P142,Table Clock V1,Home,2,2610,1876,0.0,5220,0.0,5220.0,3752,1468.0,28.12,Net Banking,Store,Kanpur
ORD104979,2024-10-20,C1175,P172,Coffee V1,Grocery,1,660,526,5.0,660,33.0,627.0,526,101.0,16.11,UPI,Store,Prayagraj
ORD104980,2024-09-18,C1394,P168,Desk Mat V3,Accessories,1,2910,2229,10.0,2910,291.0,2619.0,2229,390.0,14.89,Cash,Online,Prayagraj
ORD104981,2024-04-07,C1144,P125,Desk Lamp V2,Office,1,4970,3317,10.0,4970,497.0,4473.0,3317,1156.0,25.84,Card,Online,Noida
ORD104982,2026-04-19,C1080,P164,Power Bank V2,Accessories,1,1150,849,10.0,1150,115.0,1035.0,849,186.0,17.97,UPI,Store,Delhi
ORD104983,2026-03-15,C1249,P145,Cushion V1,Home,3,920,592,5.0,2760,138.0,2622.0,1776,846.0,32.27,Card,Online,Kanpur
ORD104984,2024-06-02,C1495,P122,Office Chair V2,Office,1,4160,2937,10.0,4160,416.0,3744.0,2937,807.0,21.55,UPI,Online,Jaipur
ORD104985,2025-11-09,C1062,P168,Desk Mat V3,Accessories,3,2910,2229,20.0,8730,1746.0,6984.0,6687,297.0,4.25,Card,Online,Kanpur
ORD104986,2025-02-11,C1214,P108,Headphones V3,Electronics,2,4890,3636,0.0,9780,0.0,9780.0,7272,2508.0,25.64,Card,Store,Agra
ORD104987,2025-05-17,C1196,P141,Storage Box V3,Home,2,2200,1823,0.0,4400,0.0,4400.0,3646,754.0,17.14,Card,Online,Gurugram
ORD104988,2024-01-07,C1162,P151,Cleaning Kit V1,Home,1,2890,1977,5.0,2890,144.5,2745.5,1977,768.5,27.99,UPI,Phone,Agra
ORD104989,2024-07-11,C1474,P116,Bluetooth Speaker V2,Electronics,4,4810,3714,5.0,19240,962.0,18278.0,14856,3422.0,18.72,Net Banking,Online,Varanasi
ORD104990,2026-03-22,C1208,P175,Tea V1,Grocery,2,1390,900,20.0,2780,556.0,2224.0,1800,424.0,19.06,UPI,Online,Agra
ORD104991,2024-12-16,C1209,P101,Wireless Mouse V2,Electronics,1,2890,2270,0.0,2890,0.0,2890.0,2270,620.0,21.45,UPI,Store,Jaipur
ORD104992,2025-08-13,C1424,P166,Desk Mat V1,Accessories,1,3330,2082,0.0,3330,0.0,3330.0,2082,1248.0,37.48,Cash,Store,Prayagraj
ORD104993,2025-08-08,C1213,P152,Cleaning Kit V2,Home,3,3090,2318,0.0,9270,0.0,9270.0,6954,2316.0,24.98,UPI,Online,Jaipur
ORD104994,2024-04-17,C1184,P122,Office Chair V2,Office,1,4160,2937,10.0,4160,416.0,3744.0,2937,807.0,21.55,UPI,Online,Gurugram
ORD104995,2024-05-18,C1387,P157,Phone Case V1,Accessories,1,560,464,0.0,560,0.0,560.0,464,96.0,17.14,Net Banking,Store,Agra
ORD104996,2024-10-20,C1129,P139,Storage Box V1,Home,3,2100,1652,5.0,6300,315.0,5985.0,4956,1029.0,17.19,Card,Store,Prayagraj
ORD104997,2025-03-24,C1331,P117,Bluetooth Speaker V3,Electronics,1,1400,967,0.0,1400,0.0,1400.0,967,433.0,30.93,Card,Online,Kanpur
ORD104998,2024-02-14,C1176,P118,Notebook V1,Office,3,2820,2304,10.0,8460,846.0,7614.0,6912,702.0,9.22,Cash,Online,Kanpur
ORD104999,2025-11-01,C1279,P121,Office Chair V1,Office,2,6460,4606,10.0,12920,1292.0,11628.0,9212,2416.0,20.78,UPI,Store,Gurugram
